Capturing coverage data from /media/tihan/pavan/kala
Found gcov version: 9.4.0
Using intermediate gcov format
Scanning /media/tihan/pavan/kala for .gcno files ...
Found 4590 graph files in /media/tihan/pavan/kala
Processing sitl/AntennaTracker/mode.cpp.47.gcno
Processing sitl/AntennaTracker/system.cpp.47.gcno
Processing sitl/AntennaTracker/Parameters.cpp.47.gcno
Processing sitl/AntennaTracker/GCS_MAVLink_Tracker.cpp.47.gcno
Processing sitl/AntennaTracker/mode_manual.cpp.47.gcno
Processing sitl/AntennaTracker/Tracker.cpp.47.gcno
Processing sitl/AntennaTracker/Log.cpp.47.gcno
Processing sitl/AntennaTracker/servos.cpp.47.gcno
Processing sitl/AntennaTracker/RC_Channel_Tracker.cpp.47.gcno
Processing sitl/AntennaTracker/GCS_Tracker.cpp.47.gcno
Processing sitl/AntennaTracker/mode_scan.cpp.47.gcno
Processing sitl/AntennaTracker/mode_auto.cpp.47.gcno
Processing sitl/AntennaTracker/radio.cpp.47.gcno
Processing sitl/AntennaTracker/mode_servotest.cpp.47.gcno
Processing sitl/AntennaTracker/sensors.cpp.47.gcno
Processing sitl/AntennaTracker/tracking.cpp.47.gcno
Processing sitl/AntennaTracker/mode_guided.cpp.47.gcno
Processing sitl/Blimp/sensors.cpp.48.gcno
Processing sitl/Blimp/mode.cpp.48.gcno
Processing sitl/Blimp/Blimp.cpp.48.gcno
Processing sitl/Blimp/inertia.cpp.48.gcno
Processing sitl/Blimp/Fins.cpp.48.gcno
Processing sitl/Blimp/GCS_MAVLink_Blimp.cpp.48.gcno
Processing sitl/Blimp/system.cpp.48.gcno
Processing sitl/Blimp/motors.cpp.48.gcno
Processing sitl/Blimp/mode_loiter.cpp.48.gcno
Processing sitl/Blimp/failsafe.cpp.48.gcno
Processing sitl/Blimp/Log.cpp.48.gcno
Processing sitl/Blimp/commands.cpp.48.gcno
Processing sitl/Blimp/AP_State.cpp.48.gcno
Processing sitl/Blimp/GCS_Blimp.cpp.48.gcno
Processing sitl/Blimp/Loiter.cpp.48.gcno
Processing sitl/Blimp/ekf_check.cpp.48.gcno
Processing sitl/Blimp/radio.cpp.48.gcno
Processing sitl/Blimp/mode_rtl.cpp.48.gcno
Processing sitl/Blimp/events.cpp.48.gcno
Processing sitl/Blimp/mode_manual.cpp.48.gcno
Processing sitl/Blimp/AP_Arming_Blimp.cpp.48.gcno
Processing sitl/Blimp/mode_velocity.cpp.48.gcno
Processing sitl/Blimp/RC_Channel_Blimp.cpp.48.gcno
Processing sitl/Blimp/Parameters.cpp.48.gcno
Processing sitl/Blimp/mode_land.cpp.48.gcno
Processing sitl/libraries/AP_Rally/AP_Rally.cpp.5.gcno
Processing sitl/libraries/AP_Rally/AP_Rally.cpp.4.gcno
Processing sitl/libraries/AP_Rally/AP_Rally.cpp.1.gcno
Processing sitl/libraries/AP_Rally/AP_Rally.cpp.6.gcno
Processing sitl/libraries/AP_Rally/AP_Rally.cpp.3.gcno
Processing sitl/libraries/AP_Rally/AP_Rally.cpp.7.gcno
Processing sitl/libraries/AP_Rally/AP_Rally.cpp.2.gcno
Processing sitl/libraries/AP_DroneCAN/AP_Canard_iface.cpp.0.gcno
Processing sitl/libraries/AP_DroneCAN/AP_DroneCAN_serial.cpp.0.gcno
Processing sitl/libraries/AP_DroneCAN/AP_DroneCAN_DNA_Server.cpp.0.gcno
Processing sitl/libraries/AP_DroneCAN/AP_DroneCAN.cpp.0.gcno
Processing sitl/libraries/AP_MSP/AP_MSP_Telem_Generic.cpp.0.gcno
/media/tihan/pavan/kala/build/sitl/libraries/AP_MSP/AP_MSP_Telem_Generic.cpp.0.gcno:no functions found
geninfo: WARNING: GCOV did not produce any data for /media/tihan/pavan/kala/build/sitl/libraries/AP_MSP/AP_MSP_Telem_Generic.cpp.0.gcno
Processing sitl/libraries/AP_MSP/AP_MSP_Telem_DJI.cpp.0.gcno
Processing sitl/libraries/AP_MSP/AP_MSP_Telem_DisplayPort.cpp.0.gcno
Processing sitl/libraries/AP_MSP/msp.cpp.0.gcno
Processing sitl/libraries/AP_MSP/AP_MSP.cpp.0.gcno
Processing sitl/libraries/AP_MSP/AP_MSP_Telem_Backend.cpp.0.gcno
Processing sitl/libraries/AP_MSP/msp_sbuf.cpp.0.gcno
Processing sitl/libraries/AP_FETtecOneWire/AP_FETtecOneWire.cpp.0.gcno
Processing sitl/libraries/AP_Winch/AP_Winch_PWM.cpp.0.gcno
Processing sitl/libraries/AP_Winch/AP_Winch_Backend.cpp.0.gcno
Processing sitl/libraries/AP_Winch/AP_Winch.cpp.0.gcno
Processing sitl/libraries/AP_Winch/AP_Winch_Daiwa.cpp.0.gcno
Processing sitl/libraries/AP_Filesystem/AP_Filesystem_posix.cpp.2.gcno
Processing sitl/libraries/AP_Filesystem/AP_Filesystem_Param.cpp.0.gcno
Processing sitl/libraries/AP_Filesystem/AP_Filesystem_Mission.cpp.0.gcno
Processing sitl/libraries/AP_Filesystem/AP_Filesystem_backend.cpp.0.gcno
Processing sitl/libraries/AP_Filesystem/AP_Filesystem_ROMFS.cpp.0.gcno
Processing sitl/libraries/AP_Filesystem/AP_Filesystem_Sys.cpp.0.gcno
Processing sitl/libraries/AP_Filesystem/AP_Filesystem_posix.cpp.5.gcno
Processing sitl/libraries/AP_Filesystem/AP_Filesystem_ESP32.cpp.0.gcno
/media/tihan/pavan/kala/build/sitl/libraries/AP_Filesystem/AP_Filesystem_ESP32.cpp.0.gcno:no functions found
geninfo: WARNING: GCOV did not produce any data for /media/tihan/pavan/kala/build/sitl/libraries/AP_Filesystem/AP_Filesystem_ESP32.cpp.0.gcno
Processing sitl/libraries/AP_Filesystem/AP_Filesystem_FlashMemory_LittleFS.cpp.0.gcno
/media/tihan/pavan/kala/build/sitl/libraries/AP_Filesystem/AP_Filesystem_FlashMemory_LittleFS.cpp.0.gcno:no functions found
geninfo: WARNING: GCOV did not produce any data for /media/tihan/pavan/kala/build/sitl/libraries/AP_Filesystem/AP_Filesystem_FlashMemory_LittleFS.cpp.0.gcno
Processing sitl/libraries/AP_Filesystem/AP_Filesystem_FATFS.cpp.0.gcno
/media/tihan/pavan/kala/build/sitl/libraries/AP_Filesystem/AP_Filesystem_FATFS.cpp.0.gcno:no functions found
geninfo: WARNING: GCOV did not produce any data for /media/tihan/pavan/kala/build/sitl/libraries/AP_Filesystem/AP_Filesystem_FATFS.cpp.0.gcno
Processing sitl/libraries/AP_Filesystem/posix_compat.cpp.0.gcno
Processing sitl/libraries/AP_Filesystem/AP_Filesystem_posix.cpp.6.gcno
Processing sitl/libraries/AP_Filesystem/AP_Filesystem_posix.cpp.7.gcno
Processing sitl/libraries/AP_Filesystem/AP_Filesystem_posix.cpp.3.gcno
Processing sitl/libraries/AP_Filesystem/AP_Filesystem_posix.cpp.1.gcno
Processing sitl/libraries/AP_Filesystem/AP_Filesystem.cpp.0.gcno
Processing sitl/libraries/AP_Filesystem/AP_Filesystem_posix.cpp.4.gcno
Processing sitl/libraries/AP_RCTelemetry/AP_RCTelemetry.cpp.1.gcno
Processing sitl/libraries/AP_RCTelemetry/AP_CRSF_Telem.cpp.7.gcno
Processing sitl/libraries/AP_RCTelemetry/AP_RCTelemetry.cpp.4.gcno
Processing sitl/libraries/AP_RCTelemetry/AP_CRSF_Telem.cpp.1.gcno
Processing sitl/libraries/AP_RCTelemetry/AP_CRSF_Telem.cpp.5.gcno
Processing sitl/libraries/AP_RCTelemetry/AP_GHST_Telem.cpp.0.gcno
Processing sitl/libraries/AP_RCTelemetry/AP_RCTelemetry.cpp.7.gcno
Processing sitl/libraries/AP_RCTelemetry/AP_CRSF_Telem.cpp.4.gcno
Processing sitl/libraries/AP_RCTelemetry/AP_CRSF_Telem.cpp.2.gcno
Processing sitl/libraries/AP_RCTelemetry/AP_RCTelemetry.cpp.2.gcno
Processing sitl/libraries/AP_RCTelemetry/AP_CRSF_Telem.cpp.3.gcno
Processing sitl/libraries/AP_RCTelemetry/AP_RCTelemetry.cpp.6.gcno
Processing sitl/libraries/AP_RCTelemetry/AP_Spektrum_Telem.cpp.0.gcno
Processing sitl/libraries/AP_RCTelemetry/AP_RCTelemetry.cpp.3.gcno
Processing sitl/libraries/AP_RCTelemetry/AP_RCTelemetry.cpp.5.gcno
Processing sitl/libraries/AP_RCTelemetry/AP_CRSF_Telem.cpp.6.gcno
Processing sitl/libraries/AP_Compass/AP_Compass_BMM150.cpp.0.gcno
Processing sitl/libraries/AP_Compass/AP_Compass_AK8963.cpp.0.gcno
Processing sitl/libraries/AP_Compass/AP_Compass_HMC5843.cpp.0.gcno
Processing sitl/libraries/AP_Compass/AP_Compass_SITL.cpp.0.gcno
Processing sitl/libraries/AP_Compass/AP_Compass_Calibration.cpp.0.gcno
Processing sitl/libraries/AP_Compass/AP_Compass_ExternalAHRS.cpp.0.gcno
Processing sitl/libraries/AP_Compass/Compass_PerMotor.cpp.0.gcno
Processing sitl/libraries/AP_Compass/AP_Compass_MAG3110.cpp.0.gcno
Processing sitl/libraries/AP_Compass/AP_Compass_RM3100.cpp.0.gcno
Processing sitl/libraries/AP_Compass/AP_Compass_IST8308.cpp.0.gcno
Processing sitl/libraries/AP_Compass/AP_Compass.cpp.0.gcno
Processing sitl/libraries/AP_Compass/AP_Compass_LSM303D.cpp.0.gcno
Processing sitl/libraries/AP_Compass/AP_Compass_LIS3MDL.cpp.0.gcno
Processing sitl/libraries/AP_Compass/AP_Compass_DroneCAN.cpp.0.gcno
Processing sitl/libraries/AP_Compass/AP_Compass_Backend.cpp.0.gcno
Processing sitl/libraries/AP_Compass/AP_Compass_AK09916.cpp.0.gcno
Processing sitl/libraries/AP_Compass/AP_Compass_IST8310.cpp.0.gcno
Processing sitl/libraries/AP_Compass/AP_Compass_MMC3416.cpp.0.gcno
Processing sitl/libraries/AP_Compass/AP_Compass_QMC5883P.cpp.0.gcno
Processing sitl/libraries/AP_Compass/Compass_learn.cpp.0.gcno
Processing sitl/libraries/AP_Compass/AP_Compass_BMM350.cpp.0.gcno
Processing sitl/libraries/AP_Compass/CompassCalibrator.cpp.0.gcno
Processing sitl/libraries/AP_Compass/AP_Compass_IIS2MDC.cpp.0.gcno
/media/tihan/pavan/kala/build/sitl/libraries/AP_Compass/AP_Compass_IIS2MDC.cpp.0.gcno:no functions found
geninfo: WARNING: GCOV did not produce any data for /media/tihan/pavan/kala/build/sitl/libraries/AP_Compass/AP_Compass_IIS2MDC.cpp.0.gcno
Processing sitl/libraries/AP_Compass/AP_Compass_MMC5xx3.cpp.0.gcno
Processing sitl/libraries/AP_Compass/AP_Compass_MSP.cpp.0.gcno
Processing sitl/libraries/AP_Compass/AP_Compass_QMC5883L.cpp.0.gcno
Processing sitl/libraries/AP_Compass/AP_Compass_LSM9DS1.cpp.0.gcno
Processing sitl/libraries/AP_ADSB/AP_ADSB_Sagetech_MXS.cpp.2.gcno
Processing sitl/libraries/AP_ADSB/AP_ADSB_Sagetech.cpp.0.gcno
Processing sitl/libraries/AP_ADSB/AP_ADSB.cpp.5.gcno
Processing sitl/libraries/AP_ADSB/AP_ADSB_Sagetech_MXS.cpp.7.gcno
Processing sitl/libraries/AP_ADSB/AP_ADSB_uAvionix_MAVLink.cpp.0.gcno
Processing sitl/libraries/AP_ADSB/AP_ADSB.cpp.3.gcno
Processing sitl/libraries/AP_ADSB/sagetech-sdk/uint162Buf.c.0.gcno
Processing sitl/libraries/AP_ADSB/sagetech-sdk/sgDecodeSVR.c.0.gcno
Processing sitl/libraries/AP_ADSB/sagetech-sdk/charArray2Buf.c.0.gcno
Processing sitl/libraries/AP_ADSB/sagetech-sdk/toTOA.c.0.gcno
Processing sitl/libraries/AP_ADSB/sagetech-sdk/toAlt.c.0.gcno
Processing sitl/libraries/AP_ADSB/sagetech-sdk/target.c.0.gcno
Processing sitl/libraries/AP_ADSB/sagetech-sdk/float2Buf.c.0.gcno
Processing sitl/libraries/AP_ADSB/sagetech-sdk/sgDecodeMSR.c.0.gcno
Processing sitl/libraries/AP_ADSB/sagetech-sdk/sgDecodeInstall.c.0.gcno
Processing sitl/libraries/AP_ADSB/sagetech-sdk/sgEncodeGPS.c.0.gcno
Processing sitl/libraries/AP_ADSB/sagetech-sdk/sgDecodeAck.c.0.gcno
Processing sitl/libraries/AP_ADSB/sagetech-sdk/sgEncodeInstall.c.0.gcno
Processing sitl/libraries/AP_ADSB/sagetech-sdk/sgDecodeFlightId.c.0.gcno
Processing sitl/libraries/AP_ADSB/sagetech-sdk/toGS.c.0.gcno
Processing sitl/libraries/AP_ADSB/sagetech-sdk/toLatLon.c.0.gcno
Processing sitl/libraries/AP_ADSB/sagetech-sdk/icao2Buf.c.0.gcno
Processing sitl/libraries/AP_ADSB/sagetech-sdk/toInt16.c.0.gcno
Processing sitl/libraries/AP_ADSB/sagetech-sdk/toUint16.c.0.gcno
Processing sitl/libraries/AP_ADSB/sagetech-sdk/uint322Buf.c.0.gcno
Processing sitl/libraries/AP_ADSB/sagetech-sdk/toUint32.c.0.gcno
Processing sitl/libraries/AP_ADSB/sagetech-sdk/toIcao.c.0.gcno
Processing sitl/libraries/AP_ADSB/sagetech-sdk/calcChecksum.c.0.gcno
Processing sitl/libraries/AP_ADSB/sagetech-sdk/toHeading2.c.0.gcno
Processing sitl/libraries/AP_ADSB/sagetech-sdk/sgEncodeDataReq.c.0.gcno
Processing sitl/libraries/AP_ADSB/sagetech-sdk/toHeading.c.0.gcno
Processing sitl/libraries/AP_ADSB/sagetech-sdk/toVel.c.0.gcno
Processing sitl/libraries/AP_ADSB/sagetech-sdk/sgEncodeFlightId.c.0.gcno
Processing sitl/libraries/AP_ADSB/sagetech-sdk/appendChecksum.c.0.gcno
Processing sitl/libraries/AP_ADSB/sagetech-sdk/sgEncodeTargetReq.c.0.gcno
Processing sitl/libraries/AP_ADSB/sagetech-sdk/sgEncodeOperating.c.0.gcno
Processing sitl/libraries/AP_ADSB/sagetech-sdk/toInt32.c.0.gcno
Processing sitl/libraries/AP_ADSB/AP_ADSB_Sagetech_MXS.cpp.6.gcno
Processing sitl/libraries/AP_ADSB/AP_ADSB_uAvionix_UCP.cpp.0.gcno
Processing sitl/libraries/AP_ADSB/tests/test_adsb_callsign.cpp.1.gcno
Processing sitl/libraries/AP_ADSB/AP_ADSB_Sagetech_MXS.cpp.3.gcno
Processing sitl/libraries/AP_ADSB/AP_ADSB.cpp.4.gcno
Processing sitl/libraries/AP_ADSB/AP_ADSB.cpp.2.gcno
Processing sitl/libraries/AP_ADSB/AP_ADSB_Backend.cpp.0.gcno
Processing sitl/libraries/AP_ADSB/AP_ADSB.cpp.1.gcno
Processing sitl/libraries/AP_ADSB/AP_ADSB_Sagetech_MXS.cpp.5.gcno
Processing sitl/libraries/AP_ADSB/AP_ADSB.cpp.7.gcno
Processing sitl/libraries/AP_ADSB/AP_ADSB_Sagetech_MXS.cpp.1.gcno
Processing sitl/libraries/AP_ADSB/AP_ADSB.cpp.6.gcno
Processing sitl/libraries/AP_ADSB/AP_ADSB_Sagetech_MXS.cpp.4.gcno
Processing sitl/libraries/AP_HAL_Empty/Semaphores.cpp.0.gcno
Processing sitl/libraries/AP_HAL_Empty/RCInput.cpp.0.gcno
Processing sitl/libraries/AP_HAL_Empty/HAL_Empty_Class.cpp.0.gcno
/media/tihan/pavan/kala/build/sitl/libraries/AP_HAL_Empty/HAL_Empty_Class.cpp.0.gcno:no functions found
geninfo: WARNING: GCOV did not produce any data for /media/tihan/pavan/kala/build/sitl/libraries/AP_HAL_Empty/HAL_Empty_Class.cpp.0.gcno
Processing sitl/libraries/AP_HAL_Empty/GPIO.cpp.0.gcno
Processing sitl/libraries/AP_HAL_Empty/AnalogIn.cpp.0.gcno
Processing sitl/libraries/AP_HAL_Empty/UARTDriver.cpp.0.gcno
Processing sitl/libraries/AP_HAL_Empty/Storage.cpp.0.gcno
Processing sitl/libraries/AP_HAL_Empty/RCOutput.cpp.0.gcno
Processing sitl/libraries/AP_Parachute/AP_Parachute.cpp.0.gcno
Processing sitl/libraries/AP_IRLock/AP_IRLock.cpp.0.gcno
Processing sitl/libraries/AP_IRLock/AP_IRLock_I2C.cpp.0.gcno
Processing sitl/libraries/AP_IRLock/AP_IRLock_SITL_Gazebo.cpp.0.gcno
Processing sitl/libraries/AP_IRLock/AP_IRLock_SITL.cpp.0.gcno
Processing sitl/libraries/AP_SBusOut/AP_SBusOut.cpp.0.gcno
Processing sitl/libraries/AC_AutoTune/AC_AutoTune_FreqResp.cpp.0.gcno
Processing sitl/libraries/AC_AutoTune/AC_AutoTune_Multi.cpp.6.gcno
Processing sitl/libraries/AC_AutoTune/AC_AutoTune.cpp.1.gcno
Processing sitl/libraries/AC_AutoTune/AC_AutoTune_Multi.cpp.3.gcno
Processing sitl/libraries/AC_AutoTune/AC_AutoTune_Heli.cpp.0.gcno
Processing sitl/libraries/AC_AutoTune/AC_AutoTune.cpp.6.gcno
Processing sitl/libraries/AC_AutoTune/AC_AutoTune.cpp.3.gcno
Processing sitl/libraries/AC_AutoTune/AC_AutoTune_Multi.cpp.1.gcno
Processing sitl/libraries/AP_Quicktune/AP_Quicktune.cpp.0.gcno
Processing sitl/libraries/AP_Vehicle/AP_Vehicle.cpp.7.gcno
Processing sitl/libraries/AP_Vehicle/AP_Vehicle.cpp.3.gcno
Processing sitl/libraries/AP_Vehicle/AP_Vehicle.cpp.4.gcno
Processing sitl/libraries/AP_Vehicle/AP_Vehicle.cpp.2.gcno
Processing sitl/libraries/AP_Vehicle/Parameters.cpp.0.gcno
Processing sitl/libraries/AP_Vehicle/AP_Vehicle.cpp.6.gcno
Processing sitl/libraries/AP_Vehicle/AP_Vehicle.cpp.1.gcno
Processing sitl/libraries/AP_Vehicle/AP_Vehicle.cpp.5.gcno
Processing sitl/libraries/AP_KDECAN/AP_KDECAN.cpp.0.gcno
Processing sitl/libraries/AP_L1_Control/AP_L1_Control.cpp.0.gcno
Processing sitl/libraries/AP_OpticalFlow/AP_OpticalFlow_PX4Flow.cpp.0.gcno
Processing sitl/libraries/AP_OpticalFlow/AP_OpticalFlow_CXOF.cpp.0.gcno
Processing sitl/libraries/AP_OpticalFlow/AP_OpticalFlow_Calibrator.cpp.0.gcno
Processing sitl/libraries/AP_OpticalFlow/AP_OpticalFlow_UPFLOW.cpp.0.gcno
Processing sitl/libraries/AP_OpticalFlow/AP_OpticalFlow_Pixart.cpp.0.gcno
Processing sitl/libraries/AP_OpticalFlow/AP_OpticalFlow_Backend.cpp.0.gcno
Processing sitl/libraries/AP_OpticalFlow/AP_OpticalFlow_HereFlow.cpp.0.gcno
Processing sitl/libraries/AP_OpticalFlow/AP_OpticalFlow.cpp.0.gcno
Processing sitl/libraries/AP_OpticalFlow/AP_OpticalFlow_Onboard.cpp.0.gcno
/media/tihan/pavan/kala/build/sitl/libraries/AP_OpticalFlow/AP_OpticalFlow_Onboard.cpp.0.gcno:no functions found
geninfo: WARNING: GCOV did not produce any data for /media/tihan/pavan/kala/build/sitl/libraries/AP_OpticalFlow/AP_OpticalFlow_Onboard.cpp.0.gcno
Processing sitl/libraries/AP_OpticalFlow/AP_OpticalFlow_MAV.cpp.0.gcno
Processing sitl/libraries/AP_OpticalFlow/AP_OpticalFlow_SITL.cpp.0.gcno
Processing sitl/libraries/AP_OpticalFlow/AP_OpticalFlow_MSP.cpp.0.gcno
Processing sitl/libraries/Filter/HarmonicNotchFilter.cpp.5.gcno
Processing sitl/libraries/Filter/DerivativeFilter.cpp.0.gcno
Processing sitl/libraries/Filter/HarmonicNotchFilter.cpp.1.gcno
Processing sitl/libraries/Filter/LowPassFilter2p.cpp.0.gcno
Processing sitl/libraries/Filter/LowPassFilter.cpp.0.gcno
Processing sitl/libraries/Filter/ModeFilter.cpp.0.gcno
Processing sitl/libraries/Filter/HarmonicNotchFilter.cpp.7.gcno
Processing sitl/libraries/Filter/SlewLimiter.cpp.0.gcno
Processing sitl/libraries/Filter/HarmonicNotchFilter.cpp.2.gcno
Processing sitl/libraries/Filter/HarmonicNotchFilter.cpp.6.gcno
Processing sitl/libraries/Filter/AP_Filter_params.cpp.0.gcno
Processing sitl/libraries/Filter/tests/test_averagefilter.cpp.1.gcno
Processing sitl/libraries/Filter/tests/test_modefilter.cpp.2.gcno
Processing sitl/libraries/Filter/tests/test_notchfilter.cpp.3.gcno
Processing sitl/libraries/Filter/HarmonicNotchFilter.cpp.3.gcno
Processing sitl/libraries/Filter/AP_NotchFilter_params.cpp.0.gcno
Processing sitl/libraries/Filter/AP_Filter.cpp.0.gcno
Processing sitl/libraries/Filter/NotchFilter.cpp.0.gcno
Processing sitl/libraries/Filter/HarmonicNotchFilter.cpp.4.gcno
Processing sitl/libraries/AP_WindVane/AP_WindVane_Backend.cpp.0.gcno
Processing sitl/libraries/AP_WindVane/AP_WindVane.cpp.0.gcno
Processing sitl/libraries/AP_WindVane/AP_WindVane_Analog.cpp.0.gcno
Processing sitl/libraries/AP_WindVane/AP_WindVane_RPM.cpp.0.gcno
Processing sitl/libraries/AP_WindVane/AP_WindVane_NMEA.cpp.0.gcno
Processing sitl/libraries/AP_WindVane/AP_WindVane_ModernDevice.cpp.0.gcno
Processing sitl/libraries/AP_WindVane/AP_WindVane_Home.cpp.0.gcno
Processing sitl/libraries/AP_WindVane/AP_WindVane_Airspeed.cpp.0.gcno
Processing sitl/libraries/AP_WindVane/AP_WindVane_SITL.cpp.0.gcno
Processing sitl/libraries/AP_TempCalibration/AP_TempCalibration.cpp.0.gcno
Processing sitl/libraries/AP_GSOF/AP_GSOF.cpp.0.gcno
Processing sitl/libraries/AP_GSOF/tests/test_gsof.cpp.1.gcno
Processing sitl/libraries/AP_BoardConfig/board_drivers.cpp.0.gcno
Processing sitl/libraries/AP_BoardConfig/AP_BoardConfig.cpp.7.gcno
Processing sitl/libraries/AP_BoardConfig/AP_BoardConfig.cpp.4.gcno
Processing sitl/libraries/AP_BoardConfig/AP_BoardConfig.cpp.5.gcno
Processing sitl/libraries/AP_BoardConfig/AP_BoardConfig.cpp.2.gcno
Processing sitl/libraries/AP_BoardConfig/AP_BoardConfig.cpp.1.gcno
Processing sitl/libraries/AP_BoardConfig/IMU_heater.cpp.0.gcno
/media/tihan/pavan/kala/build/sitl/libraries/AP_BoardConfig/IMU_heater.cpp.0.gcno:no functions found
geninfo: WARNING: GCOV did not produce any data for /media/tihan/pavan/kala/build/sitl/libraries/AP_BoardConfig/IMU_heater.cpp.0.gcno
Processing sitl/libraries/AP_BoardConfig/AP_BoardConfig.cpp.6.gcno
Processing sitl/libraries/AP_BoardConfig/AP_BoardConfig.cpp.3.gcno
Processing sitl/libraries/StorageManager/StorageManager.cpp.7.gcno
Processing sitl/libraries/StorageManager/StorageManager.cpp.6.gcno
Processing sitl/libraries/StorageManager/StorageManager.cpp.3.gcno
Processing sitl/libraries/StorageManager/StorageManager.cpp.5.gcno
Processing sitl/libraries/StorageManager/StorageManager.cpp.1.gcno
Processing sitl/libraries/StorageManager/StorageManager.cpp.2.gcno
Processing sitl/libraries/StorageManager/StorageManager.cpp.4.gcno
Processing sitl/libraries/AC_Avoidance/AP_OABendyRuler.cpp.3.gcno
Processing sitl/libraries/AC_Avoidance/AP_OADatabase.cpp.2.gcno
Processing sitl/libraries/AC_Avoidance/AP_OABendyRuler.cpp.5.gcno
Processing sitl/libraries/AC_Avoidance/AP_OADatabase.cpp.7.gcno
Processing sitl/libraries/AC_Avoidance/AP_OAPathPlanner.cpp.0.gcno
Processing sitl/libraries/AC_Avoidance/AC_Avoid.cpp.4.gcno
Processing sitl/libraries/AC_Avoidance/AP_OABendyRuler.cpp.4.gcno
Processing sitl/libraries/AC_Avoidance/AC_Avoidance_Logging.cpp.0.gcno
Processing sitl/libraries/AC_Avoidance/AP_OABendyRuler.cpp.2.gcno
Processing sitl/libraries/AC_Avoidance/AP_OADijkstra.cpp.0.gcno
Processing sitl/libraries/AC_Avoidance/AP_OAVisGraph.cpp.0.gcno
Processing sitl/libraries/AC_Avoidance/AC_Avoid.cpp.2.gcno
Processing sitl/libraries/AC_Avoidance/AP_OABendyRuler.cpp.7.gcno
Processing sitl/libraries/AC_Avoidance/AP_OADatabase.cpp.5.gcno
Processing sitl/libraries/AC_Avoidance/AP_OADatabase.cpp.6.gcno
Processing sitl/libraries/AC_Avoidance/AC_Avoid.cpp.5.gcno
Processing sitl/libraries/AC_Avoidance/AC_Avoid.cpp.1.gcno
Processing sitl/libraries/AC_Avoidance/AP_OABendyRuler.cpp.1.gcno
Processing sitl/libraries/AC_Avoidance/AP_OABendyRuler.cpp.6.gcno
Processing sitl/libraries/AC_Avoidance/AP_OADatabase.cpp.3.gcno
Processing sitl/libraries/AC_Avoidance/AC_Avoid.cpp.6.gcno
Processing sitl/libraries/AC_Avoidance/AC_Avoid.cpp.7.gcno
Processing sitl/libraries/AC_Avoidance/AP_OADatabase.cpp.1.gcno
Processing sitl/libraries/AC_Avoidance/AC_Avoid.cpp.3.gcno
/media/tihan/pavan/kala/build/sitl/libraries/AC_Avoidance/AC_Avoid.cpp.3.gcno:no functions found
geninfo: WARNING: GCOV did not produce any data for /media/tihan/pavan/kala/build/sitl/libraries/AC_Avoidance/AC_Avoid.cpp.3.gcno
Processing sitl/libraries/AC_Avoidance/AP_OADatabase.cpp.4.gcno
Processing sitl/libraries/AP_Hott_Telem/AP_Hott_Telem.cpp.0.gcno
Processing sitl/libraries/AP_Gripper/AP_Gripper_Backend.cpp.0.gcno
Processing sitl/libraries/AP_Gripper/AP_Gripper_EPM.cpp.0.gcno
Processing sitl/libraries/AP_Gripper/AP_Gripper_Servo.cpp.0.gcno
Processing sitl/libraries/AP_Gripper/AP_Gripper.cpp.0.gcno
Processing sitl/libraries/AP_Stats/AP_Stats.cpp.0.gcno
Processing sitl/libraries/AP_LeakDetector/AP_LeakDetector_Analog.cpp.0.gcno
Processing sitl/libraries/AP_LeakDetector/AP_LeakDetector.cpp.0.gcno
Processing sitl/libraries/AP_LeakDetector/AP_LeakDetector_Backend.cpp.0.gcno
Processing sitl/libraries/AP_LeakDetector/AP_LeakDetector_Digital.cpp.0.gcno
Processing sitl/libraries/AP_RPM/RPM_EFI.cpp.0.gcno
Processing sitl/libraries/AP_RPM/RPM_SITL.cpp.0.gcno
Processing sitl/libraries/AP_RPM/RPM_Generator.cpp.0.gcno
Processing sitl/libraries/AP_RPM/RPM_DroneCAN.cpp.0.gcno
Processing sitl/libraries/AP_RPM/RPM_Pin.cpp.0.gcno
Processing sitl/libraries/AP_RPM/AP_RPM_Params.cpp.0.gcno
Processing sitl/libraries/AP_RPM/RPM_HarmonicNotch.cpp.0.gcno
Processing sitl/libraries/AP_RPM/RPM_ESC_Telem.cpp.0.gcno
Processing sitl/libraries/AP_RPM/RPM_Backend.cpp.0.gcno
Processing sitl/libraries/AP_RPM/AP_RPM.cpp.0.gcno
Processing sitl/libraries/AP_Frsky_Telem/AP_Frsky_Telem.cpp.0.gcno
Processing sitl/libraries/AP_Frsky_Telem/AP_Frsky_SPort_Passthrough.cpp.2.gcno
Processing sitl/libraries/AP_Frsky_Telem/AP_Frsky_SPort_Passthrough.cpp.7.gcno
Processing sitl/libraries/AP_Frsky_Telem/AP_Frsky_SPort_Passthrough.cpp.1.gcno
Processing sitl/libraries/AP_Frsky_Telem/AP_Frsky_SPort_Passthrough.cpp.3.gcno
Processing sitl/libraries/AP_Frsky_Telem/AP_Frsky_Parameters.cpp.0.gcno
Processing sitl/libraries/AP_Frsky_Telem/AP_Frsky_MAVliteMsgHandler.cpp.0.gcno
Processing sitl/libraries/AP_Frsky_Telem/AP_Frsky_MAVlite_Message.cpp.0.gcno
Processing sitl/libraries/AP_Frsky_Telem/AP_Frsky_Backend.cpp.0.gcno
Processing sitl/libraries/AP_Frsky_Telem/AP_Frsky_SPort.cpp.0.gcno
Processing sitl/libraries/AP_Frsky_Telem/AP_Frsky_SPort_Passthrough.cpp.4.gcno
Processing sitl/libraries/AP_Frsky_Telem/AP_Frsky_MAVlite_MAVliteToSPort.cpp.0.gcno
Processing sitl/libraries/AP_Frsky_Telem/AP_Frsky_D.cpp.0.gcno
Processing sitl/libraries/AP_Frsky_Telem/AP_Frsky_MAVlite_SPortToMAVlite.cpp.0.gcno
Processing sitl/libraries/AP_Frsky_Telem/AP_Frsky_SPort_Passthrough.cpp.5.gcno
Processing sitl/libraries/AP_Frsky_Telem/AP_Frsky_SPort_Passthrough.cpp.6.gcno
Processing sitl/libraries/AP_Avoidance/AP_Avoidance.cpp.6.gcno
Processing sitl/libraries/AP_Avoidance/AP_Avoidance.cpp.3.gcno
Processing sitl/libraries/AP_Avoidance/AP_Avoidance.cpp.1.gcno
Processing sitl/libraries/AP_Avoidance/AP_Avoidance.cpp.5.gcno
Processing sitl/libraries/AP_Button/AP_Button.cpp.0.gcno
Processing sitl/libraries/AC_CustomControl/AC_CustomControl_PID.cpp.0.gcno
Processing sitl/libraries/AC_CustomControl/AC_CustomControl.cpp.0.gcno
Processing sitl/libraries/AC_CustomControl/AC_CustomControl_Empty.cpp.0.gcno
Processing sitl/libraries/AP_Servo_Telem/AP_Servo_Telem.cpp.0.gcno
Processing sitl/libraries/SITL/SIM_JEDEC_MX25L3206E.cpp.0.gcno
Processing sitl/libraries/SITL/SIM_Webots.cpp.0.gcno
Processing sitl/libraries/SITL/SIM_RF_JRE.cpp.0.gcno
Processing sitl/libraries/SITL/SIM_Multicopter.cpp.0.gcno
Processing sitl/libraries/SITL/SIM_Temperature_TSYS01.cpp.0.gcno
Processing sitl/libraries/SITL/SIM_PS_RPLidar.cpp.0.gcno
Processing sitl/libraries/SITL/SIM_Temperature_TSYS03.cpp.0.gcno
Processing sitl/libraries/SITL/SIM_IntelligentEnergy24.cpp.0.gcno
Processing sitl/libraries/SITL/SIM_Calibration.cpp.0.gcno
Processing sitl/libraries/SITL/SIM_DroneCANDevice.cpp.7.gcno
/media/tihan/pavan/kala/build/sitl/libraries/SITL/SIM_DroneCANDevice.cpp.7.gcno:no functions found
geninfo: WARNING: GCOV did not produce any data for /media/tihan/pavan/kala/build/sitl/libraries/SITL/SIM_DroneCANDevice.cpp.7.gcno
Processing sitl/libraries/SITL/SIM_PS_LightWare_SF45B.cpp.0.gcno
Processing sitl/libraries/SITL/SIM_RF_GYUS42v2.cpp.0.gcno
Processing sitl/libraries/SITL/SIM_Sprayer.cpp.0.gcno
Processing sitl/libraries/SITL/SITL.cpp.7.gcno
Processing sitl/libraries/SITL/SIM_JSON.cpp.0.gcno
Processing sitl/libraries/SITL/SIM_Webots_Python.cpp.0.gcno
Processing sitl/libraries/SITL/SIM_CRRCSim.cpp.0.gcno
Processing sitl/libraries/SITL/SIM_Gazebo.cpp.0.gcno
Processing sitl/libraries/SITL/SIM_last_letter.cpp.0.gcno
Processing sitl/libraries/SITL/SIM_ToshibaLED.cpp.0.gcno
Processing sitl/libraries/SITL/SIM_Buzzer.cpp.0.gcno
Processing sitl/libraries/SITL/SIM_LP5562.cpp.0.gcno
Processing sitl/libraries/SITL/SIM_LED_n.cpp.0.gcno
/media/tihan/pavan/kala/build/sitl/libraries/SITL/SIM_LED_n.cpp.0.gcno:no functions found
geninfo: WARNING: GCOV did not produce any data for /media/tihan/pavan/kala/build/sitl/libraries/SITL/SIM_LED_n.cpp.0.gcno
Processing sitl/libraries/SITL/SIM_ToneAlarm.cpp.0.gcno
Processing sitl/libraries/SITL/SIM_BattMonitor_SMBus_Generic.cpp.0.gcno
Processing sitl/libraries/SITL/SIM_GPIO_LED_2.cpp.0.gcno
/media/tihan/pavan/kala/build/sitl/libraries/SITL/SIM_GPIO_LED_2.cpp.0.gcno:no functions found
geninfo: WARNING: GCOV did not produce any data for /media/tihan/pavan/kala/build/sitl/libraries/SITL/SIM_GPIO_LED_2.cpp.0.gcno
Processing sitl/libraries/SITL/SIM_XPlane.cpp.4.gcno
Processing sitl/libraries/SITL/SIM_RF_Ainstein_LR_D1.cpp.0.gcno
Processing sitl/libraries/SITL/SIM_VectorNav.cpp.0.gcno
Processing sitl/libraries/SITL/SIM_Vicon.cpp.0.gcno
Processing sitl/libraries/SITL/SIM_RF_BLping.cpp.0.gcno
Processing sitl/libraries/SITL/SIM_SerialRangeFinder.cpp.0.gcno
Processing sitl/libraries/SITL/SIM_GPIO_LED_1.cpp.0.gcno
/media/tihan/pavan/kala/build/sitl/libraries/SITL/SIM_GPIO_LED_1.cpp.0.gcno:no functions found
geninfo: WARNING: GCOV did not produce any data for /media/tihan/pavan/kala/build/sitl/libraries/SITL/SIM_GPIO_LED_1.cpp.0.gcno
Processing sitl/libraries/SITL/SIM_Frsky.cpp.0.gcno
Processing sitl/libraries/SITL/SIM_StratoBlimp.cpp.0.gcno
Processing sitl/libraries/SITL/SIM_Gimbal.cpp.0.gcno
Processing sitl/libraries/SITL/SIM_QuadPlane.cpp.0.gcno
Processing sitl/libraries/SITL/SIM_BattMonitor_SMBus.cpp.0.gcno
Processing sitl/libraries/SITL/SIM_Volz.cpp.0.gcno
Processing sitl/libraries/SITL/SIM_JSBSim.cpp.0.gcno
Processing sitl/libraries/SITL/SIM_RF_Benewake.cpp.0.gcno
Processing sitl/libraries/SITL/SIM_SPI.cpp.0.gcno
Processing sitl/libraries/SITL/SIM_Temperature_SHT3x.cpp.0.gcno
Processing sitl/libraries/SITL/SIM_I2C.cpp.0.gcno
Processing sitl/libraries/SITL/SIM_GPS_MSP.cpp.0.gcno
Processing sitl/libraries/SITL/SIM_Morse.cpp.0.gcno
Processing sitl/libraries/SITL/ServoModel.cpp.0.gcno
Processing sitl/libraries/SITL/SITL_Baro.cpp.0.gcno
/media/tihan/pavan/kala/build/sitl/libraries/SITL/SITL_Baro.cpp.0.gcno:no functions found
geninfo: WARNING: GCOV did not produce any data for /media/tihan/pavan/kala/build/sitl/libraries/SITL/SITL_Baro.cpp.0.gcno
Processing sitl/libraries/SITL/SIM_RF_MaxsonarSerialLV.cpp.0.gcno
Processing sitl/libraries/SITL/SIM_LM2755.cpp.0.gcno
Processing sitl/libraries/SITL/SIM_Ship.cpp.0.gcno
Processing sitl/libraries/SITL/SIM_DroneCANDevice.cpp.2.gcno
/media/tihan/pavan/kala/build/sitl/libraries/SITL/SIM_DroneCANDevice.cpp.2.gcno:no functions found
geninfo: WARNING: GCOV did not produce any data for /media/tihan/pavan/kala/build/sitl/libraries/SITL/SIM_DroneCANDevice.cpp.2.gcno
Processing sitl/libraries/SITL/SITL.cpp.3.gcno
Processing sitl/libraries/SITL/SIM_GPIO_LED_3.cpp.0.gcno
/media/tihan/pavan/kala/build/sitl/libraries/SITL/SIM_GPIO_LED_3.cpp.0.gcno:no functions found
geninfo: WARNING: GCOV did not produce any data for /media/tihan/pavan/kala/build/sitl/libraries/SITL/SIM_GPIO_LED_3.cpp.0.gcno
Processing sitl/libraries/SITL/SIM_IntelligentEnergy.cpp.0.gcno
/media/tihan/pavan/kala/build/sitl/libraries/SITL/SIM_IntelligentEnergy.cpp.0.gcno:no functions found
geninfo: WARNING: GCOV did not produce any data for /media/tihan/pavan/kala/build/sitl/libraries/SITL/SIM_IntelligentEnergy.cpp.0.gcno
Processing sitl/libraries/SITL/SIM_RF_NMEA.cpp.0.gcno
Processing sitl/libraries/SITL/SIM_Aircraft.cpp.4.gcno
Processing sitl/libraries/SITL/SIM_RF_USD1_v0.cpp.0.gcno
Processing sitl/libraries/SITL/SIM_RF_LightWareSerial.cpp.0.gcno
Processing sitl/libraries/SITL/SIM_RF_Lanbao.cpp.0.gcno
Processing sitl/libraries/SITL/SIM_IS31FL3195.cpp.0.gcno
Processing sitl/libraries/SITL/SIM_RF_Wasp.cpp.0.gcno
Processing sitl/libraries/SITL/SIM_Parachute.cpp.0.gcno
Processing sitl/libraries/SITL/SIM_Gripper_Servo.cpp.0.gcno
Processing sitl/libraries/SITL/SIM_Loweheiser.cpp.0.gcno
Processing sitl/libraries/SITL/SIM_Aircraft.cpp.6.gcno
Processing sitl/libraries/SITL/SIM_MicroStrain7.cpp.0.gcno
Processing sitl/libraries/SITL/SIM_TeraRangerI2C.cpp.0.gcno
Processing sitl/libraries/SITL/SIM_GPS_NOVA.cpp.0.gcno
Processing sitl/libraries/SITL/SIM_QMC5883L.cpp.0.gcno
Processing sitl/libraries/SITL/SIM_Aircraft.cpp.7.gcno
Processing sitl/libraries/SITL/SIM_MicroStrain.cpp.0.gcno
Processing sitl/libraries/SITL/SITL.cpp.6.gcno
Processing sitl/libraries/SITL/tests/test_sim_ms5611.cpp.3.gcno
Processing sitl/libraries/SITL/tests/test_sim_aircraft_filtered_servo_angle.cpp.1.gcno
Processing sitl/libraries/SITL/tests/test_sim_ms5525.cpp.2.gcno
Processing sitl/libraries/SITL/SIM_GPS_UBLOX.cpp.0.gcno
Processing sitl/libraries/SITL/SIM_ICEngine.cpp.0.gcno
Processing sitl/libraries/SITL/SIM_Tracker.cpp.0.gcno
Processing sitl/libraries/SITL/SIM_Scrimmage.cpp.0.gcno
Processing sitl/libraries/SITL/SIM_Aircraft.cpp.3.gcno
Processing sitl/libraries/SITL/SIM_I2CDevice.cpp.0.gcno
Processing sitl/libraries/SITL/SIM_CRSF.cpp.0.gcno
Processing sitl/libraries/SITL/SIM_MS5611.cpp.0.gcno
Processing sitl/libraries/SITL/SIM_Frsky_D.cpp.0.gcno
Processing sitl/libraries/SITL/SIM_DroneCANDevice.cpp.1.gcno
/media/tihan/pavan/kala/build/sitl/libraries/SITL/SIM_DroneCANDevice.cpp.1.gcno:no functions found
geninfo: WARNING: GCOV did not produce any data for /media/tihan/pavan/kala/build/sitl/libraries/SITL/SIM_DroneCANDevice.cpp.1.gcno
Processing sitl/libraries/SITL/SIM_DroneCANDevice.cpp.3.gcno
/media/tihan/pavan/kala/build/sitl/libraries/SITL/SIM_DroneCANDevice.cpp.3.gcno:no functions found
geninfo: WARNING: GCOV did not produce any data for /media/tihan/pavan/kala/build/sitl/libraries/SITL/SIM_DroneCANDevice.cpp.3.gcno
Processing sitl/libraries/SITL/SIM_RF_LightWareSerialBinary.cpp.0.gcno
Processing sitl/libraries/SITL/SIM_GPIO_LED_RGB.cpp.0.gcno
/media/tihan/pavan/kala/build/sitl/libraries/SITL/SIM_GPIO_LED_RGB.cpp.0.gcno:no functions found
geninfo: WARNING: GCOV did not produce any data for /media/tihan/pavan/kala/build/sitl/libraries/SITL/SIM_GPIO_LED_RGB.cpp.0.gcno
Processing sitl/libraries/SITL/SIM_Aircraft.cpp.2.gcno
Processing sitl/libraries/SITL/SIM_RF_LeddarOne.cpp.0.gcno
Processing sitl/libraries/SITL/SIM_DroneCANDevice.cpp.6.gcno
/media/tihan/pavan/kala/build/sitl/libraries/SITL/SIM_DroneCANDevice.cpp.6.gcno:no functions found
geninfo: WARNING: GCOV did not produce any data for /media/tihan/pavan/kala/build/sitl/libraries/SITL/SIM_DroneCANDevice.cpp.6.gcno
Processing sitl/libraries/SITL/SITL.cpp.1.gcno
Processing sitl/libraries/SITL/SIM_Rover.cpp.0.gcno
Processing sitl/libraries/SITL/SIM_PS_LD06.cpp.0.gcno
Processing sitl/libraries/SITL/SIM_Gripper_EPM.cpp.0.gcno
Processing sitl/libraries/SITL/SIM_SerialProximitySensor.cpp.0.gcno
Processing sitl/libraries/SITL/SIM_XPlane.cpp.5.gcno
Processing sitl/libraries/SITL/SIM_RichenPower.cpp.0.gcno
Processing sitl/libraries/SITL/SIM_RF_TeraRanger_Serial.cpp.0.gcno
Processing sitl/libraries/SITL/SIM_Glider.cpp.0.gcno
Processing sitl/libraries/SITL/SITL.cpp.4.gcno
Processing sitl/libraries/SITL/SIM_RF_USD1.cpp.0.gcno
/media/tihan/pavan/kala/build/sitl/libraries/SITL/SIM_RF_USD1.cpp.0.gcno:no functions found
geninfo: WARNING: GCOV did not produce any data for /media/tihan/pavan/kala/build/sitl/libraries/SITL/SIM_RF_USD1.cpp.0.gcno
Processing sitl/libraries/SITL/SIM_SingleCopter.cpp.0.gcno
Processing sitl/libraries/SITL/SIM_Invensense_v3.cpp.0.gcno
Processing sitl/libraries/SITL/SIM_Temperature_MCP9600.cpp.0.gcno
Processing sitl/libraries/SITL/SIM_GPS_NMEA.cpp.0.gcno
Processing sitl/libraries/SITL/SIM_AIS.cpp.0.gcno
Processing sitl/libraries/SITL/SIM_ADSB_Sagetech_MXS.cpp.0.gcno
Processing sitl/libraries/SITL/SIM_GPS_SBF.cpp.0.gcno
Processing sitl/libraries/SITL/SIM_RAMTRON.cpp.0.gcno
Processing sitl/libraries/SITL/SIM_GPS_SBP_Common.cpp.0.gcno
Processing sitl/libraries/SITL/SIM_Tether.cpp.0.gcno
Processing sitl/libraries/SITL/SITL_Airspeed.cpp.0.gcno
/media/tihan/pavan/kala/build/sitl/libraries/SITL/SITL_Airspeed.cpp.0.gcno:no functions found
geninfo: WARNING: GCOV did not produce any data for /media/tihan/pavan/kala/build/sitl/libraries/SITL/SITL_Airspeed.cpp.0.gcno
Processing sitl/libraries/SITL/SIM_DroneCANDevice.cpp.4.gcno
/media/tihan/pavan/kala/build/sitl/libraries/SITL/SIM_DroneCANDevice.cpp.4.gcno:no functions found
geninfo: WARNING: GCOV did not produce any data for /media/tihan/pavan/kala/build/sitl/libraries/SITL/SIM_DroneCANDevice.cpp.4.gcno
Processing sitl/libraries/SITL/SITL.cpp.5.gcno
Processing sitl/libraries/SITL/SIM_Precland.cpp.0.gcno
Processing sitl/libraries/SITL/SIM_Frame.cpp.0.gcno
Processing sitl/libraries/SITL/SIM_Airspeed_DLVR.cpp.0.gcno
Processing sitl/libraries/SITL/SIM_GPS_FILE.cpp.0.gcno
Processing sitl/libraries/SITL/SIM_RAMTRON_FM25V02.cpp.0.gcno
Processing sitl/libraries/SITL/SIM_JSON_Master.cpp.0.gcno
Processing sitl/libraries/SITL/SIM_BattMonitor_SMBus_Rotoye.cpp.0.gcno
Processing sitl/libraries/SITL/SIM_Submarine.cpp.0.gcno
Processing sitl/libraries/SITL/SIM_Blimp.cpp.0.gcno
Processing sitl/libraries/SITL/SIM_AirSim.cpp.0.gcno
Processing sitl/libraries/SITL/SIM_BalanceBot.cpp.0.gcno
Processing sitl/libraries/SITL/SIM_Battery.cpp.0.gcno
Processing sitl/libraries/SITL/SIM_Plane.cpp.0.gcno
Processing sitl/libraries/SITL/SIM_GPS_SBP.cpp.0.gcno
Processing sitl/libraries/SITL/SIM_SlungPayload.cpp.0.gcno
Processing sitl/libraries/SITL/SIM_SMBusDevice.cpp.0.gcno
Processing sitl/libraries/SITL/SIM_InertialLabs.cpp.0.gcno
Processing sitl/libraries/SITL/SIM_JEDEC.cpp.0.gcno
Processing sitl/libraries/SITL/SIM_AS5600.cpp.0.gcno
Processing sitl/libraries/SITL/SIM_GPS.cpp.0.gcno
Processing sitl/libraries/SITL/SIM_Aircraft.cpp.1.gcno
Processing sitl/libraries/SITL/SIM_SilentWings.cpp.0.gcno
Processing sitl/libraries/SITL/SIM_RF_RDS02UF.cpp.0.gcno
Processing sitl/libraries/SITL/SIM_RGBLED.cpp.0.gcno
Processing sitl/libraries/SITL/SIM_Sailboat.cpp.0.gcno
Processing sitl/libraries/SITL/SIM_RF_MAVLink.cpp.0.gcno
Processing sitl/libraries/SITL/SIM_EFI_MegaSquirt.cpp.0.gcno
Processing sitl/libraries/SITL/SIM_FETtecOneWireESC.cpp.0.gcno
Processing sitl/libraries/SITL/SIM_INA3221.cpp.0.gcno
Processing sitl/libraries/SITL/SIM_ADSB.cpp.0.gcno
Processing sitl/libraries/SITL/SIM_DroneCANDevice.cpp.5.gcno
/media/tihan/pavan/kala/build/sitl/libraries/SITL/SIM_DroneCANDevice.cpp.5.gcno:no functions found
geninfo: WARNING: GCOV did not produce any data for /media/tihan/pavan/kala/build/sitl/libraries/SITL/SIM_DroneCANDevice.cpp.5.gcno
Processing sitl/libraries/SITL/SIM_RF_NoopLoop.cpp.0.gcno
Processing sitl/libraries/SITL/SIM_Balloon.cpp.0.gcno
Processing sitl/libraries/SITL/SIM_EFI_Hirth.cpp.0.gcno
Processing sitl/libraries/SITL/SIM_FlightAxis.cpp.0.gcno
Processing sitl/libraries/SITL/SIM_XPlane.cpp.2.gcno
Processing sitl/libraries/SITL/SIM_GPS_Trimble.cpp.0.gcno
Processing sitl/libraries/SITL/SIM_ELRS.cpp.0.gcno
Processing sitl/libraries/SITL/SIM_BattMonitor_SMBus_Maxell.cpp.0.gcno
Processing sitl/libraries/SITL/SIM_Aircraft.cpp.5.gcno
Processing sitl/libraries/SITL/SIM_MS5XXX.cpp.0.gcno
Processing sitl/libraries/SITL/SITL.cpp.2.gcno
Processing sitl/libraries/SITL/SIM_MS5525.cpp.0.gcno
Processing sitl/libraries/SITL/SIM_XPlane.cpp.6.gcno
Processing sitl/libraries/SITL/SIM_XPlane.cpp.7.gcno
Processing sitl/libraries/SITL/SIM_Helicopter.cpp.0.gcno
Processing sitl/libraries/SITL/SIM_XPlane.cpp.3.gcno
Processing sitl/libraries/SITL/SIM_Motor.cpp.0.gcno
Processing sitl/libraries/SITL/SIM_XPlane.cpp.1.gcno
Processing sitl/libraries/SITL/SIM_RF_USD1_v1.cpp.0.gcno
Processing sitl/libraries/SITL/SIM_PS_TeraRangerTower.cpp.0.gcno
Processing sitl/libraries/SITL/SIM_GeneratorEngine.cpp.0.gcno
Processing sitl/libraries/SITL/SIM_SerialDevice.cpp.0.gcno
Processing sitl/libraries/SITL/SIM_SoloGimbal.cpp.0.gcno
Processing sitl/libraries/SITL/SIM_GPS_SBP2.cpp.0.gcno
Processing sitl/libraries/AP_HAL_SITL/SITL_cmdline.cpp.2.gcno
Processing sitl/libraries/AP_HAL_SITL/system.cpp.0.gcno
Processing sitl/libraries/AP_HAL_SITL/SITL_cmdline.cpp.3.gcno
Processing sitl/libraries/AP_HAL_SITL/SITL_Periph_State.cpp.0.gcno
/media/tihan/pavan/kala/build/sitl/libraries/AP_HAL_SITL/SITL_Periph_State.cpp.0.gcno:no functions found
geninfo: WARNING: GCOV did not produce any data for /media/tihan/pavan/kala/build/sitl/libraries/AP_HAL_SITL/SITL_Periph_State.cpp.0.gcno
Processing sitl/libraries/AP_HAL_SITL/Semaphores.cpp.0.gcno
Processing sitl/libraries/AP_HAL_SITL/SITL_cmdline.cpp.4.gcno
Processing sitl/libraries/AP_HAL_SITL/RCInput.cpp.0.gcno
Processing sitl/libraries/AP_HAL_SITL/CANSocketIface.cpp.0.gcno
Processing sitl/libraries/AP_HAL_SITL/Storage.cpp.3.gcno
Processing sitl/libraries/AP_HAL_SITL/UART_utils.cpp.0.gcno
Processing sitl/libraries/AP_HAL_SITL/UARTDriver.cpp.4.gcno
Processing sitl/libraries/AP_HAL_SITL/CAN_SocketCAN.cpp.0.gcno
Processing sitl/libraries/AP_HAL_SITL/GPIO.cpp.0.gcno
Processing sitl/libraries/AP_HAL_SITL/AnalogIn.cpp.0.gcno
Processing sitl/libraries/AP_HAL_SITL/sitl_airspeed.cpp.0.gcno
Processing sitl/libraries/AP_HAL_SITL/UARTDriver.cpp.1.gcno
Processing sitl/libraries/AP_HAL_SITL/UARTDriver.cpp.3.gcno
Processing sitl/libraries/AP_HAL_SITL/Storage.cpp.5.gcno
Processing sitl/libraries/AP_HAL_SITL/Util.cpp.0.gcno
Processing sitl/libraries/AP_HAL_SITL/UARTDriver.cpp.5.gcno
Processing sitl/libraries/AP_HAL_SITL/sitl_rangefinder.cpp.0.gcno
Processing sitl/libraries/AP_HAL_SITL/SPIDevice.cpp.0.gcno
Processing sitl/libraries/AP_HAL_SITL/SITL_cmdline.cpp.7.gcno
Processing sitl/libraries/AP_HAL_SITL/CAN_Multicast.cpp.0.gcno
Processing sitl/libraries/AP_HAL_SITL/Storage.cpp.6.gcno
Processing sitl/libraries/AP_HAL_SITL/DSP.cpp.0.gcno
Processing sitl/libraries/AP_HAL_SITL/Storage.cpp.1.gcno
Processing sitl/libraries/AP_HAL_SITL/SITL_cmdline.cpp.1.gcno
Processing sitl/libraries/AP_HAL_SITL/SITL_State_common.cpp.0.gcno
Processing sitl/libraries/AP_HAL_SITL/I2CDevice.cpp.0.gcno
Processing sitl/libraries/AP_HAL_SITL/Storage.cpp.2.gcno
Processing sitl/libraries/AP_HAL_SITL/HAL_SITL_Class.cpp.0.gcno
Processing sitl/libraries/AP_HAL_SITL/SITL_cmdline.cpp.5.gcno
Processing sitl/libraries/AP_HAL_SITL/UARTDriver.cpp.6.gcno
Processing sitl/libraries/AP_HAL_SITL/ToneAlarm_SF.cpp.0.gcno
/media/tihan/pavan/kala/build/sitl/libraries/AP_HAL_SITL/ToneAlarm_SF.cpp.0.gcno:no functions found
geninfo: WARNING: GCOV did not produce any data for /media/tihan/pavan/kala/build/sitl/libraries/AP_HAL_SITL/ToneAlarm_SF.cpp.0.gcno
Processing sitl/libraries/AP_HAL_SITL/SITL_cmdline.cpp.6.gcno
Processing sitl/libraries/AP_HAL_SITL/SITL_State.cpp.0.gcno
Processing sitl/libraries/AP_HAL_SITL/UARTDriver.cpp.2.gcno
Processing sitl/libraries/AP_HAL_SITL/RCOutput.cpp.0.gcno
Processing sitl/libraries/AP_HAL_SITL/Storage.cpp.7.gcno
Processing sitl/libraries/AP_HAL_SITL/Scheduler.cpp.0.gcno
Processing sitl/libraries/AP_HAL_SITL/UARTDriver.cpp.7.gcno
Processing sitl/libraries/AP_HAL_SITL/Storage.cpp.4.gcno
Processing sitl/libraries/AP_Generator/AP_Generator_IE_FuelCell.cpp.0.gcno
Processing sitl/libraries/AP_Generator/AP_Generator_Loweheiser.cpp.0.gcno
Processing sitl/libraries/AP_Generator/AP_Generator_Backend.cpp.0.gcno
Processing sitl/libraries/AP_Generator/AP_Generator_IE_2400.cpp.0.gcno
Processing sitl/libraries/AP_Generator/AP_Generator_RichenPower.cpp.0.gcno
Processing sitl/libraries/AP_Generator/AP_Generator.cpp.0.gcno
Processing sitl/libraries/AP_Generator/AP_Generator_IE_650_800.cpp.0.gcno
Processing sitl/libraries/AP_Scheduler/AP_Scheduler.cpp.6.gcno
Processing sitl/libraries/AP_Scheduler/PerfInfo.cpp.0.gcno
Processing sitl/libraries/AP_Scheduler/AP_Scheduler.cpp.1.gcno
Processing sitl/libraries/AP_Scheduler/AP_Scheduler.cpp.5.gcno
Processing sitl/libraries/AP_Scheduler/AP_Scheduler.cpp.2.gcno
Processing sitl/libraries/AP_Scheduler/AP_Scheduler.cpp.7.gcno
Processing sitl/libraries/AP_Scheduler/AP_Scheduler.cpp.3.gcno
Processing sitl/libraries/AP_Scheduler/AP_Scheduler.cpp.4.gcno
Processing sitl/libraries/AP_BattMonitor/AP_BattMonitor.cpp.7.gcno
Processing sitl/libraries/AP_BattMonitor/AP_BattMonitor_LTC2946.cpp.0.gcno
/media/tihan/pavan/kala/build/sitl/libraries/AP_BattMonitor/AP_BattMonitor_LTC2946.cpp.0.gcno:no functions found
geninfo: WARNING: GCOV did not produce any data for /media/tihan/pavan/kala/build/sitl/libraries/AP_BattMonitor/AP_BattMonitor_LTC2946.cpp.0.gcno
Processing sitl/libraries/AP_BattMonitor/AP_BattMonitor.cpp.3.gcno
Processing sitl/libraries/AP_BattMonitor/AP_BattMonitor_SMBus_SUI.cpp.0.gcno
Processing sitl/libraries/AP_BattMonitor/AP_BattMonitor.cpp.2.gcno
Processing sitl/libraries/AP_BattMonitor/AP_BattMonitor_Sum.cpp.0.gcno
Processing sitl/libraries/AP_BattMonitor/AP_BattMonitor.cpp.6.gcno
Processing sitl/libraries/AP_BattMonitor/AP_BattMonitor.cpp.1.gcno
Processing sitl/libraries/AP_BattMonitor/AP_BattMonitor_Generator.cpp.0.gcno
Processing sitl/libraries/AP_BattMonitor/AP_BattMonitor_INA2xx.cpp.0.gcno
Processing sitl/libraries/AP_BattMonitor/AP_BattMonitor_DroneCAN.cpp.0.gcno
Processing sitl/libraries/AP_BattMonitor/AP_BattMonitor_EFI.cpp.0.gcno
Processing sitl/libraries/AP_BattMonitor/AP_BattMonitor_INA239.cpp.0.gcno
/media/tihan/pavan/kala/build/sitl/libraries/AP_BattMonitor/AP_BattMonitor_INA239.cpp.0.gcno:no functions found
geninfo: WARNING: GCOV did not produce any data for /media/tihan/pavan/kala/build/sitl/libraries/AP_BattMonitor/AP_BattMonitor_INA239.cpp.0.gcno
Processing sitl/libraries/AP_BattMonitor/AP_BattMonitor_FuelLevel_Analog.cpp.0.gcno
Processing sitl/libraries/AP_BattMonitor/AP_BattMonitor_INA3221.cpp.0.gcno
Processing sitl/libraries/AP_BattMonitor/AP_BattMonitor_Torqeedo.cpp.0.gcno
Processing sitl/libraries/AP_BattMonitor/AP_BattMonitor_Analog.cpp.0.gcno
Processing sitl/libraries/AP_BattMonitor/AP_BattMonitor_Params.cpp.4.gcno
Processing sitl/libraries/AP_BattMonitor/tests/test_calculate_mah.cpp.1.gcno
Processing sitl/libraries/AP_BattMonitor/AP_BattMonitor_ESC.cpp.0.gcno
Processing sitl/libraries/AP_BattMonitor/AP_BattMonitor_Params.cpp.1.gcno
Processing sitl/libraries/AP_BattMonitor/AP_BattMonitor_Backend.cpp.0.gcno
Processing sitl/libraries/AP_BattMonitor/AP_BattMonitor_SMBus_Rotoye.cpp.0.gcno
Processing sitl/libraries/AP_BattMonitor/AP_BattMonitor_SMBus_Generic.cpp.0.gcno
Processing sitl/libraries/AP_BattMonitor/AP_BattMonitor.cpp.4.gcno
Processing sitl/libraries/AP_BattMonitor/AP_BattMonitor_AD7091R5.cpp.0.gcno
Processing sitl/libraries/AP_BattMonitor/AP_BattMonitor_SMBus_Solo.cpp.0.gcno
/media/tihan/pavan/kala/build/sitl/libraries/AP_BattMonitor/AP_BattMonitor_SMBus_Solo.cpp.0.gcno:no functions found
geninfo: WARNING: GCOV did not produce any data for /media/tihan/pavan/kala/build/sitl/libraries/AP_BattMonitor/AP_BattMonitor_SMBus_Solo.cpp.0.gcno
Processing sitl/libraries/AP_BattMonitor/AP_BattMonitor.cpp.5.gcno
Processing sitl/libraries/AP_BattMonitor/AP_BattMonitor_Scripting.cpp.0.gcno
Processing sitl/libraries/AP_BattMonitor/AP_BattMonitor_Logging.cpp.0.gcno
Processing sitl/libraries/AP_BattMonitor/AP_BattMonitor_Params.cpp.3.gcno
Processing sitl/libraries/AP_BattMonitor/AP_BattMonitor_FuelLevel_PWM.cpp.0.gcno
Processing sitl/libraries/AP_BattMonitor/AP_BattMonitor_SMBus_NeoDesign.cpp.0.gcno
Processing sitl/libraries/AP_BattMonitor/AP_BattMonitor_SMBus.cpp.0.gcno
Processing sitl/libraries/AP_BattMonitor/AP_BattMonitor_Params.cpp.5.gcno
Processing sitl/libraries/AP_BattMonitor/AP_BattMonitor_Params.cpp.2.gcno
Processing sitl/libraries/AP_BattMonitor/AP_BattMonitor_Bebop.cpp.0.gcno
/media/tihan/pavan/kala/build/sitl/libraries/AP_BattMonitor/AP_BattMonitor_Bebop.cpp.0.gcno:no functions found
geninfo: WARNING: GCOV did not produce any data for /media/tihan/pavan/kala/build/sitl/libraries/AP_BattMonitor/AP_BattMonitor_Bebop.cpp.0.gcno
Processing sitl/libraries/AP_BattMonitor/AP_BattMonitor_Synthetic_Current.cpp.0.gcno
Processing sitl/libraries/AP_BattMonitor/AP_BattMonitor_FuelFlow.cpp.0.gcno
Processing sitl/libraries/AP_BattMonitor/AP_BattMonitor_Params.cpp.7.gcno
Processing sitl/libraries/AP_BattMonitor/AP_BattMonitor_Params.cpp.6.gcno
Processing sitl/libraries/AP_MultiHeap/MultiHeap_chibios.cpp.0.gcno
/media/tihan/pavan/kala/build/sitl/libraries/AP_MultiHeap/MultiHeap_chibios.cpp.0.gcno:no functions found
geninfo: WARNING: GCOV did not produce any data for /media/tihan/pavan/kala/build/sitl/libraries/AP_MultiHeap/MultiHeap_chibios.cpp.0.gcno
Processing sitl/libraries/AP_MultiHeap/tests/test_multiheap.cpp.1.gcno
Processing sitl/libraries/AP_MultiHeap/MultiHeap_malloc.cpp.0.gcno
Processing sitl/libraries/AP_MultiHeap/AP_MultiHeap.cpp.0.gcno
Processing sitl/libraries/AP_GyroFFT/AP_GyroFFT.cpp.4.gcno
Processing sitl/libraries/AP_GyroFFT/AP_GyroFFT.cpp.7.gcno
Processing sitl/libraries/AP_GyroFFT/AP_GyroFFT.cpp.5.gcno
Processing sitl/libraries/AP_GyroFFT/AP_GyroFFT.cpp.1.gcno
Processing sitl/libraries/AP_GyroFFT/AP_GyroFFT.cpp.6.gcno
Processing sitl/libraries/AP_GyroFFT/tests/test_harmonic_fit.cpp.1.gcno
Processing sitl/libraries/AP_GyroFFT/AP_GyroFFT.cpp.2.gcno
Processing sitl/libraries/AP_GyroFFT/AP_GyroFFT.cpp.3.gcno
Processing sitl/libraries/AP_TECS/AP_TECS.cpp.0.gcno
Processing sitl/libraries/AP_DAL/AP_DAL_InertialSensor.cpp.0.gcno
Processing sitl/libraries/AP_DAL/AP_DAL_Compass.cpp.0.gcno
Processing sitl/libraries/AP_DAL/AP_DAL_Beacon.cpp.2.gcno
Processing sitl/libraries/AP_DAL/AP_DAL_GPS.cpp.0.gcno
Processing sitl/libraries/AP_DAL/AP_DAL_RangeFinder.cpp.5.gcno
Processing sitl/libraries/AP_DAL/AP_DAL_RangeFinder.cpp.3.gcno
Processing sitl/libraries/AP_DAL/AP_DAL_Beacon.cpp.7.gcno
Processing sitl/libraries/AP_DAL/AP_DAL.cpp.1.gcno
Processing sitl/libraries/AP_DAL/AP_DAL_VisualOdom.cpp.6.gcno
Processing sitl/libraries/AP_DAL/AP_DAL_RangeFinder.cpp.2.gcno
Processing sitl/libraries/AP_DAL/AP_DAL_VisualOdom.cpp.4.gcno
Processing sitl/libraries/AP_DAL/AP_DAL_Beacon.cpp.6.gcno
Processing sitl/libraries/AP_DAL/AP_DAL.cpp.5.gcno
Processing sitl/libraries/AP_DAL/AP_DAL_Beacon.cpp.3.gcno
Processing sitl/libraries/AP_DAL/AP_DAL_Beacon.cpp.5.gcno
Processing sitl/libraries/AP_DAL/AP_DAL_VisualOdom.cpp.2.gcno
Processing sitl/libraries/AP_DAL/AP_DAL.cpp.4.gcno
Processing sitl/libraries/AP_DAL/AP_DAL_RangeFinder.cpp.6.gcno
Processing sitl/libraries/AP_DAL/AP_DAL.cpp.2.gcno
Processing sitl/libraries/AP_DAL/AP_DAL.cpp.3.gcno
Processing sitl/libraries/AP_DAL/AP_DAL_VisualOdom.cpp.3.gcno
Processing sitl/libraries/AP_DAL/AP_DAL_VisualOdom.cpp.7.gcno
Processing sitl/libraries/AP_DAL/AP_DAL_VisualOdom.cpp.1.gcno
Processing sitl/libraries/AP_DAL/AP_DAL_Beacon.cpp.1.gcno
Processing sitl/libraries/AP_DAL/AP_DAL_Beacon.cpp.4.gcno
Processing sitl/libraries/AP_DAL/AP_DAL_Baro.cpp.0.gcno
Processing sitl/libraries/AP_DAL/AP_DAL.cpp.6.gcno
Processing sitl/libraries/AP_DAL/AP_DAL_VisualOdom.cpp.5.gcno
Processing sitl/libraries/AP_DAL/AP_DAL_RangeFinder.cpp.4.gcno
Processing sitl/libraries/AP_DAL/AP_DAL_RangeFinder.cpp.7.gcno
Processing sitl/libraries/AP_DAL/AP_DAL.cpp.7.gcno
Processing sitl/libraries/AP_DAL/AP_DAL_Airspeed.cpp.0.gcno
Processing sitl/libraries/AP_DAL/AP_DAL_RangeFinder.cpp.1.gcno
Processing sitl/libraries/AP_Networking/AP_Networking_tests.cpp.0.gcno
/media/tihan/pavan/kala/build/sitl/libraries/AP_Networking/AP_Networking_tests.cpp.0.gcno:no functions found
geninfo: WARNING: GCOV did not produce any data for /media/tihan/pavan/kala/build/sitl/libraries/AP_Networking/AP_Networking_tests.cpp.0.gcno
Processing sitl/libraries/AP_Networking/AP_Networking_macaddr.cpp.0.gcno
Processing sitl/libraries/AP_Networking/lwip_hal/arch/sys_arch.cpp.0.gcno
/media/tihan/pavan/kala/build/sitl/libraries/AP_Networking/lwip_hal/arch/sys_arch.cpp.0.gcno:no functions found
geninfo: WARNING: GCOV did not produce any data for /media/tihan/pavan/kala/build/sitl/libraries/AP_Networking/lwip_hal/arch/sys_arch.cpp.0.gcno
Processing sitl/libraries/AP_Networking/AP_Networking_ChibiOS.cpp.0.gcno
/media/tihan/pavan/kala/build/sitl/libraries/AP_Networking/AP_Networking_ChibiOS.cpp.0.gcno:no functions found
geninfo: WARNING: GCOV did not produce any data for /media/tihan/pavan/kala/build/sitl/libraries/AP_Networking/AP_Networking_ChibiOS.cpp.0.gcno
Processing sitl/libraries/AP_Networking/AP_Networking_address.cpp.0.gcno
Processing sitl/libraries/AP_Networking/AP_Networking_CAN.cpp.0.gcno
/media/tihan/pavan/kala/build/sitl/libraries/AP_Networking/AP_Networking_CAN.cpp.0.gcno:no functions found
geninfo: WARNING: GCOV did not produce any data for /media/tihan/pavan/kala/build/sitl/libraries/AP_Networking/AP_Networking_CAN.cpp.0.gcno
Processing sitl/libraries/AP_Networking/AP_Networking_Backend.cpp.0.gcno
Processing sitl/libraries/AP_Networking/AP_Networking_port.cpp.0.gcno
Processing sitl/libraries/AP_Networking/AP_Networking_PPP.cpp.0.gcno
/media/tihan/pavan/kala/build/sitl/libraries/AP_Networking/AP_Networking_PPP.cpp.0.gcno:no functions found
geninfo: WARNING: GCOV did not produce any data for /media/tihan/pavan/kala/build/sitl/libraries/AP_Networking/AP_Networking_PPP.cpp.0.gcno
Processing sitl/libraries/AP_Networking/AP_Networking.cpp.0.gcno
Processing sitl/libraries/AP_Relay/AP_Relay.cpp.7.gcno
Processing sitl/libraries/AP_Relay/AP_Relay.cpp.5.gcno
Processing sitl/libraries/AP_Relay/AP_Relay.cpp.1.gcno
Processing sitl/libraries/AP_Relay/AP_Relay.cpp.2.gcno
Processing sitl/libraries/AP_Relay/AP_Relay.cpp.4.gcno
Processing sitl/libraries/AP_Relay/AP_Relay.cpp.3.gcno
Processing sitl/libraries/AP_Relay/AP_Relay.cpp.6.gcno
Processing sitl/libraries/AP_Relay/AP_Relay_Params.cpp.0.gcno
Processing sitl/libraries/AP_WheelEncoder/WheelEncoder_Quadrature.cpp.0.gcno
Processing sitl/libraries/AP_WheelEncoder/AP_WheelEncoder.cpp.0.gcno
Processing sitl/libraries/AP_WheelEncoder/WheelEncoder_Backend.cpp.0.gcno
Processing sitl/libraries/AP_WheelEncoder/WheelEncoder_SITL_Quadrature.cpp.0.gcno
Processing sitl/libraries/AP_WheelEncoder/AP_WheelRateControl.cpp.0.gcno
Processing sitl/libraries/AP_Module/AP_Module.cpp.0.gcno
/media/tihan/pavan/kala/build/sitl/libraries/AP_Module/AP_Module.cpp.0.gcno:no functions found
geninfo: WARNING: GCOV did not produce any data for /media/tihan/pavan/kala/build/sitl/libraries/AP_Module/AP_Module.cpp.0.gcno
Processing sitl/libraries/AP_Motors/AP_MotorsMatrix.cpp.1.gcno
Processing sitl/libraries/AP_Motors/AP_MotorsSingle.cpp.0.gcno
Processing sitl/libraries/AP_Motors/AP_MotorsTri.cpp.1.gcno
Processing sitl/libraries/AP_Motors/AP_MotorsMatrix.cpp.6.gcno
Processing sitl/libraries/AP_Motors/AP_MotorsMulticopter.cpp.3.gcno
Processing sitl/libraries/AP_Motors/AP_Motors_Class.cpp.0.gcno
Processing sitl/libraries/AP_Motors/AP_Motors_Thrust_Linearization.cpp.3.gcno
Processing sitl/libraries/AP_Motors/AP_MotorsMatrix_Scripting_Dynamic.cpp.0.gcno
Processing sitl/libraries/AP_Motors/AP_MotorsMatrix.cpp.3.gcno
Processing sitl/libraries/AP_Motors/AP_MotorsTri.cpp.6.gcno
Processing sitl/libraries/AP_Motors/AP_MotorsHeli_Single.cpp.0.gcno
Processing sitl/libraries/AP_Motors/AP_MotorsMatrix_6DoF_Scripting.cpp.0.gcno
Processing sitl/libraries/AP_Motors/AP_MotorsHeli_RSC.cpp.0.gcno
Processing sitl/libraries/AP_Motors/AP_MotorsHeli_Quad.cpp.0.gcno
Processing sitl/libraries/AP_Motors/AP_MotorsTri.cpp.3.gcno
Processing sitl/libraries/AP_Motors/AP_MotorsMulticopter.cpp.4.gcno
Processing sitl/libraries/AP_Motors/AP_Motors_Thrust_Linearization.cpp.6.gcno
Processing sitl/libraries/AP_Motors/AP_MotorsMatrix.cpp.4.gcno
Processing sitl/libraries/AP_Motors/AP_MotorsHeli.cpp.0.gcno
Processing sitl/libraries/AP_Motors/AP_MotorsCoax.cpp.0.gcno
Processing sitl/libraries/AP_Motors/AP_Motors6DOF.cpp.0.gcno
Processing sitl/libraries/AP_Motors/AP_MotorsHeli_Dual.cpp.0.gcno
Processing sitl/libraries/AP_Motors/AP_Motors_Thrust_Linearization.cpp.4.gcno
Processing sitl/libraries/AP_Motors/AP_MotorsMulticopter.cpp.6.gcno
Processing sitl/libraries/AP_Motors/AP_MotorsTailsitter.cpp.0.gcno
Processing sitl/libraries/AP_Motors/AP_MotorsMulticopter.cpp.1.gcno
Processing sitl/libraries/AP_Motors/AP_MotorsTri.cpp.4.gcno
Processing sitl/libraries/AP_Motors/AP_Motors_Thrust_Linearization.cpp.1.gcno
Processing sitl/libraries/AP_Motors/AP_MotorsHeli_Swash.cpp.0.gcno
Processing sitl/libraries/AP_Airspeed/Airspeed_Calibration.cpp.0.gcno
Processing sitl/libraries/AP_Airspeed/AP_Airspeed.cpp.1.gcno
Processing sitl/libraries/AP_Airspeed/AP_Airspeed_Params.cpp.2.gcno
Processing sitl/libraries/AP_Airspeed/AP_Airspeed.cpp.4.gcno
Processing sitl/libraries/AP_Airspeed/AP_Airspeed_NMEA.cpp.2.gcno
/media/tihan/pavan/kala/build/sitl/libraries/AP_Airspeed/AP_Airspeed_NMEA.cpp.2.gcno:no functions found
geninfo: WARNING: GCOV did not produce any data for /media/tihan/pavan/kala/build/sitl/libraries/AP_Airspeed/AP_Airspeed_NMEA.cpp.2.gcno
Processing sitl/libraries/AP_Airspeed/AP_Airspeed_Health.cpp.0.gcno
Processing sitl/libraries/AP_Airspeed/AP_Airspeed_NMEA.cpp.7.gcno
Processing sitl/libraries/AP_Airspeed/AP_Airspeed_MS4525.cpp.0.gcno
Processing sitl/libraries/AP_Airspeed/AP_Airspeed_Params.cpp.1.gcno
Processing sitl/libraries/AP_Airspeed/AP_Airspeed_AUAV.cpp.0.gcno
Processing sitl/libraries/AP_Airspeed/AP_Airspeed_Params.cpp.6.gcno
Processing sitl/libraries/AP_Airspeed/AP_Airspeed.cpp.5.gcno
Processing sitl/libraries/AP_Airspeed/AP_Airspeed_Params.cpp.3.gcno
Processing sitl/libraries/AP_Airspeed/AP_Airspeed_MS5525.cpp.0.gcno
Processing sitl/libraries/AP_Airspeed/AP_Airspeed_NMEA.cpp.3.gcno
/media/tihan/pavan/kala/build/sitl/libraries/AP_Airspeed/AP_Airspeed_NMEA.cpp.3.gcno:no functions found
geninfo: WARNING: GCOV did not produce any data for /media/tihan/pavan/kala/build/sitl/libraries/AP_Airspeed/AP_Airspeed_NMEA.cpp.3.gcno
Processing sitl/libraries/AP_Airspeed/AP_Airspeed_ASP5033.cpp.0.gcno
Processing sitl/libraries/AP_Airspeed/AP_Airspeed.cpp.2.gcno
Processing sitl/libraries/AP_Airspeed/AP_Airspeed_NMEA.cpp.6.gcno
/media/tihan/pavan/kala/build/sitl/libraries/AP_Airspeed/AP_Airspeed_NMEA.cpp.6.gcno:no functions found
geninfo: WARNING: GCOV did not produce any data for /media/tihan/pavan/kala/build/sitl/libraries/AP_Airspeed/AP_Airspeed_NMEA.cpp.6.gcno
Processing sitl/libraries/AP_Airspeed/AP_Airspeed_NMEA.cpp.1.gcno
/media/tihan/pavan/kala/build/sitl/libraries/AP_Airspeed/AP_Airspeed_NMEA.cpp.1.gcno:no functions found
geninfo: WARNING: GCOV did not produce any data for /media/tihan/pavan/kala/build/sitl/libraries/AP_Airspeed/AP_Airspeed_NMEA.cpp.1.gcno
Processing sitl/libraries/AP_Airspeed/AP_Airspeed_DroneCAN.cpp.0.gcno
Processing sitl/libraries/AP_Airspeed/AP_Airspeed_NMEA.cpp.4.gcno
Processing sitl/libraries/AP_Airspeed/AP_Airspeed_analog.cpp.0.gcno
Processing sitl/libraries/AP_Airspeed/AP_Airspeed.cpp.7.gcno
Processing sitl/libraries/AP_Airspeed/AP_Airspeed_MSP.cpp.0.gcno
Processing sitl/libraries/AP_Airspeed/AP_Airspeed_SDP3X.cpp.0.gcno
Processing sitl/libraries/AP_Airspeed/AP_Airspeed_Params.cpp.7.gcno
Processing sitl/libraries/AP_Airspeed/AP_Airspeed.cpp.6.gcno
Processing sitl/libraries/AP_Airspeed/AP_Airspeed_DLVR.cpp.0.gcno
Processing sitl/libraries/AP_Airspeed/AP_Airspeed_External.cpp.0.gcno
Processing sitl/libraries/AP_Airspeed/AP_Airspeed_SITL.cpp.0.gcno
Processing sitl/libraries/AP_Airspeed/AP_Airspeed.cpp.3.gcno
Processing sitl/libraries/AP_Airspeed/AP_Airspeed_Params.cpp.4.gcno
Processing sitl/libraries/AP_Airspeed/AP_Airspeed_Backend.cpp.0.gcno
Processing sitl/libraries/AP_Airspeed/AP_Airspeed_NMEA.cpp.5.gcno
/media/tihan/pavan/kala/build/sitl/libraries/AP_Airspeed/AP_Airspeed_NMEA.cpp.5.gcno:no functions found
geninfo: WARNING: GCOV did not produce any data for /media/tihan/pavan/kala/build/sitl/libraries/AP_Airspeed/AP_Airspeed_NMEA.cpp.5.gcno
Processing sitl/libraries/AP_Airspeed/AP_Airspeed_Params.cpp.5.gcno
Processing sitl/libraries/AP_ServoRelayEvents/AP_ServoRelayEvents.cpp.0.gcno
Processing sitl/libraries/AC_InputManager/AC_InputManager.cpp.0.gcno
/media/tihan/pavan/kala/build/sitl/libraries/AC_InputManager/AC_InputManager.cpp.0.gcno:no functions found
geninfo: WARNING: GCOV did not produce any data for /media/tihan/pavan/kala/build/sitl/libraries/AC_InputManager/AC_InputManager.cpp.0.gcno
Processing sitl/libraries/AC_InputManager/AC_InputManager_Heli.cpp.0.gcno
Processing sitl/libraries/AP_Beacon/AP_Beacon_Marvelmind.cpp.0.gcno
Processing sitl/libraries/AP_Beacon/AP_Beacon_Nooploop.cpp.0.gcno
Processing sitl/libraries/AP_Beacon/AP_Beacon_Pozyx.cpp.0.gcno
Processing sitl/libraries/AP_Beacon/AP_Beacon_SITL.cpp.0.gcno
Processing sitl/libraries/AP_Beacon/AP_Beacon.cpp.0.gcno
Processing sitl/libraries/AP_Beacon/AP_Beacon_Backend.cpp.0.gcno
Processing sitl/libraries/AP_Volz_Protocol/AP_Volz_Protocol.cpp.0.gcno
Processing sitl/libraries/AP_Common/c++.cpp.0.gcno
Processing sitl/libraries/AP_Common/NMEA.cpp.0.gcno
Processing sitl/libraries/AP_Common/AP_ExpandingArray.cpp.0.gcno
Processing sitl/libraries/AP_Common/AP_Common.cpp.0.gcno
Processing sitl/libraries/AP_Common/Location.cpp.0.gcno
Processing sitl/libraries/AP_Common/AP_FWVersion.cpp.0.gcno
Processing sitl/libraries/AP_Common/float16.cpp.0.gcno
Processing sitl/libraries/AP_Common/time.cpp.0.gcno
Processing sitl/libraries/AP_Common/tests/test_cpp.cpp.3.gcno
Processing sitl/libraries/AP_Common/tests/test_sorting.cpp.10.gcno
Processing sitl/libraries/AP_Common/tests/test_bitmask.cpp.2.gcno
Processing sitl/libraries/AP_Common/tests/test_nmea_print.cpp.8.gcno
Processing sitl/libraries/AP_Common/tests/test_ap_common.cpp.1.gcno
Processing sitl/libraries/AP_Common/tests/test_expandingstring_failure.cpp.5.gcno
Processing sitl/libraries/AP_Common/tests/test_tsindex.cpp.11.gcno
Processing sitl/libraries/AP_Common/tests/test_location.cpp.7.gcno
Processing sitl/libraries/AP_Common/tests/test_nmea_vaprint.cpp.9.gcno
Processing sitl/libraries/AP_Common/tests/test_expandingstring.cpp.4.gcno
Processing sitl/libraries/AP_Common/tests/test_fwversion.cpp.6.gcno
Processing sitl/libraries/AP_Common/ExpandingString.cpp.0.gcno
Processing sitl/libraries/AP_Common/sorting.cpp.0.gcno
Processing sitl/libraries/AP_DAC/AP_DAC_Params.cpp.0.gcno
/media/tihan/pavan/kala/build/sitl/libraries/AP_DAC/AP_DAC_Params.cpp.0.gcno:no functions found
geninfo: WARNING: GCOV did not produce any data for /media/tihan/pavan/kala/build/sitl/libraries/AP_DAC/AP_DAC_Params.cpp.0.gcno
Processing sitl/libraries/AP_DAC/AP_DAC_MCP40D1x.cpp.0.gcno
/media/tihan/pavan/kala/build/sitl/libraries/AP_DAC/AP_DAC_MCP40D1x.cpp.0.gcno:no functions found
geninfo: WARNING: GCOV did not produce any data for /media/tihan/pavan/kala/build/sitl/libraries/AP_DAC/AP_DAC_MCP40D1x.cpp.0.gcno
Processing sitl/libraries/AP_DAC/AP_DAC.cpp.0.gcno
/media/tihan/pavan/kala/build/sitl/libraries/AP_DAC/AP_DAC.cpp.0.gcno:no functions found
geninfo: WARNING: GCOV did not produce any data for /media/tihan/pavan/kala/build/sitl/libraries/AP_DAC/AP_DAC.cpp.0.gcno
Processing sitl/libraries/AP_DAC/AP_DAC_TIx3204.cpp.0.gcno
/media/tihan/pavan/kala/build/sitl/libraries/AP_DAC/AP_DAC_TIx3204.cpp.0.gcno:no functions found
geninfo: WARNING: GCOV did not produce any data for /media/tihan/pavan/kala/build/sitl/libraries/AP_DAC/AP_DAC_TIx3204.cpp.0.gcno
Processing sitl/libraries/AP_LTM_Telem/AP_LTM_Telem.cpp.0.gcno
Processing sitl/libraries/AP_Logger/AP_Logger_W25NXX.cpp.0.gcno
Processing sitl/libraries/AP_Logger/AP_Logger_MAVLink.cpp.0.gcno
Processing sitl/libraries/AP_Logger/AP_Logger_File.cpp.1.gcno
Processing sitl/libraries/AP_Logger/LoggerMessageWriter.cpp.2.gcno
Processing sitl/libraries/AP_Logger/AP_Logger_MAVLinkLogTransfer.cpp.0.gcno
Processing sitl/libraries/AP_Logger/AP_Logger_Block.cpp.0.gcno
Processing sitl/libraries/AP_Logger/AP_Logger_Backend.cpp.6.gcno
Processing sitl/libraries/AP_Logger/AP_Logger_Backend.cpp.2.gcno
Processing sitl/libraries/AP_Logger/AP_Logger.cpp.6.gcno
Processing sitl/libraries/AP_Logger/AP_Logger_File.cpp.3.gcno
Processing sitl/libraries/AP_Logger/AP_Logger_Backend.cpp.1.gcno
Processing sitl/libraries/AP_Logger/AP_Logger.cpp.3.gcno
Processing sitl/libraries/AP_Logger/LoggerMessageWriter.cpp.3.gcno
Processing sitl/libraries/AP_Logger/LoggerMessageWriter.cpp.5.gcno
Processing sitl/libraries/AP_Logger/LoggerMessageWriter.cpp.4.gcno
Processing sitl/libraries/AP_Logger/AP_Logger.cpp.5.gcno
Processing sitl/libraries/AP_Logger/AP_Logger_File.cpp.7.gcno
Processing sitl/libraries/AP_Logger/AP_Logger_Backend.cpp.5.gcno
Processing sitl/libraries/AP_Logger/AP_Logger.cpp.1.gcno
Processing sitl/libraries/AP_Logger/AP_Logger_File.cpp.4.gcno
Processing sitl/libraries/AP_Logger/LoggerMessageWriter.cpp.7.gcno
Processing sitl/libraries/AP_Logger/AP_Logger_Flash_JEDEC.cpp.0.gcno
Processing sitl/libraries/AP_Logger/AP_Logger_File.cpp.5.gcno
Processing sitl/libraries/AP_Logger/LoggerMessageWriter.cpp.6.gcno
Processing sitl/libraries/AP_Logger/AP_Logger_File.cpp.6.gcno
Processing sitl/libraries/AP_Logger/AP_Logger_Backend.cpp.4.gcno
Processing sitl/libraries/AP_Logger/LogFile.cpp.0.gcno
Processing sitl/libraries/AP_Logger/AP_Logger.cpp.2.gcno
Processing sitl/libraries/AP_Logger/AP_Logger_File.cpp.2.gcno
Processing sitl/libraries/AP_Logger/AP_Logger_Backend.cpp.7.gcno
Processing sitl/libraries/AP_Logger/LoggerMessageWriter.cpp.1.gcno
Processing sitl/libraries/AP_Logger/AP_Logger.cpp.4.gcno
Processing sitl/libraries/AP_Logger/AP_Logger_Backend.cpp.3.gcno
Processing sitl/libraries/AP_Logger/AP_Logger.cpp.7.gcno
Processing sitl/libraries/AP_JSButton/AP_JSButton.cpp.0.gcno
Processing sitl/libraries/AP_JSButton/tests/test_jsbutton.cpp.1.gcno
Processing sitl/libraries/AP_FlashStorage/AP_FlashStorage.cpp.0.gcno
Processing sitl/libraries/AP_Scripting/AP_Scripting_helpers.cpp.7.gcno
Processing sitl/libraries/AP_Scripting/lua_bindings.cpp.5.gcno
Processing sitl/libraries/AP_Scripting/lua_scripts.cpp.1.gcno
Processing sitl/libraries/AP_Scripting/lua_boxed_numerics.cpp.3.gcno
Processing sitl/libraries/AP_Scripting/AP_Scripting_CRSFMenu.cpp.3.gcno
Processing sitl/libraries/AP_Scripting/lua_bindings.cpp.4.gcno
Processing sitl/libraries/AP_Scripting/lua_scripts.cpp.2.gcno
Processing sitl/libraries/AP_Scripting/AP_Scripting.cpp.0.gcno
Processing sitl/libraries/AP_Scripting/lua_boxed_numerics.cpp.6.gcno
Processing sitl/libraries/AP_Scripting/AP_Scripting_helpers.cpp.5.gcno
Processing sitl/libraries/AP_Scripting/lua_generated_bindings.cpp.7.gcno
Processing sitl/libraries/AP_Scripting/lua_boxed_numerics.cpp.5.gcno
Processing sitl/libraries/AP_Scripting/lua_scripts.cpp.3.gcno
Processing sitl/libraries/AP_Scripting/lua_generated_bindings.cpp.6.gcno
Processing sitl/libraries/AP_Scripting/lua_boxed_numerics.cpp.4.gcno
Processing sitl/libraries/AP_Scripting/lua_scripts.cpp.6.gcno
Processing sitl/libraries/AP_Scripting/lua_generated_bindings.cpp.4.gcno
Processing sitl/libraries/AP_Scripting/lua_generated_bindings.cpp.3.gcno
Processing sitl/libraries/AP_Scripting/AP_Scripting_CRSFMenu.cpp.4.gcno
Processing sitl/libraries/AP_Scripting/AP_Scripting_helpers.cpp.1.gcno
Processing sitl/libraries/AP_Scripting/lua_boxed_numerics.cpp.7.gcno
Processing sitl/libraries/AP_Scripting/AP_Scripting_CRSFMenu.cpp.6.gcno
Processing sitl/libraries/AP_Scripting/lua_boxed_numerics.cpp.2.gcno
Processing sitl/libraries/AP_Scripting/lua/src/lopcodes.c.0.gcno
/media/tihan/pavan/kala/build/sitl/libraries/AP_Scripting/lua/src/lopcodes.c.0.gcno:no functions found
geninfo: WARNING: GCOV did not produce any data for /media/tihan/pavan/kala/build/sitl/libraries/AP_Scripting/lua/src/lopcodes.c.0.gcno
Processing sitl/libraries/AP_Scripting/lua/src/ldebug.c.0.gcno
Processing sitl/libraries/AP_Scripting/lua/src/lparser.c.0.gcno
Processing sitl/libraries/AP_Scripting/lua/src/lfunc.c.0.gcno
Processing sitl/libraries/AP_Scripting/lua/src/ldump.c.0.gcno
Processing sitl/libraries/AP_Scripting/lua/src/lmem.c.0.gcno
Processing sitl/libraries/AP_Scripting/lua/src/ltm.c.0.gcno
Processing sitl/libraries/AP_Scripting/lua/src/ltablib.c.0.gcno
Processing sitl/libraries/AP_Scripting/lua/src/lcode.c.0.gcno
Processing sitl/libraries/AP_Scripting/lua/src/ltable.c.0.gcno
Processing sitl/libraries/AP_Scripting/lua/src/llex.c.0.gcno
Processing sitl/libraries/AP_Scripting/lua/src/lvm.c.0.gcno
Processing sitl/libraries/AP_Scripting/lua/src/lutf8lib.c.0.gcno
Processing sitl/libraries/AP_Scripting/lua/src/lstring.c.0.gcno
Processing sitl/libraries/AP_Scripting/lua/src/lcorolib.c.0.gcno
Processing sitl/libraries/AP_Scripting/lua/src/loslib.c.0.gcno
Processing sitl/libraries/AP_Scripting/lua/src/liolib.c.0.gcno
Processing sitl/libraries/AP_Scripting/lua/src/lobject.c.0.gcno
Processing sitl/libraries/AP_Scripting/lua/src/lctype.c.0.gcno
/media/tihan/pavan/kala/build/sitl/libraries/AP_Scripting/lua/src/lctype.c.0.gcno:no functions found
geninfo: WARNING: GCOV did not produce any data for /media/tihan/pavan/kala/build/sitl/libraries/AP_Scripting/lua/src/lctype.c.0.gcno
Processing sitl/libraries/AP_Scripting/lua/src/lmathlib.c.0.gcno
Processing sitl/libraries/AP_Scripting/lua/src/lstate.c.0.gcno
Processing sitl/libraries/AP_Scripting/lua/src/lapi.c.0.gcno
Processing sitl/libraries/AP_Scripting/lua/src/lauxlib.c.0.gcno
Processing sitl/libraries/AP_Scripting/lua/src/lbitlib.c.0.gcno
Processing sitl/libraries/AP_Scripting/lua/src/lundump.c.0.gcno
Processing sitl/libraries/AP_Scripting/lua/src/lstrlib.c.0.gcno
Processing sitl/libraries/AP_Scripting/lua/src/luac.c.0.gcno
Processing sitl/libraries/AP_Scripting/lua/src/ldblib.c.0.gcno
Processing sitl/libraries/AP_Scripting/lua/src/lbaselib.c.0.gcno
Processing sitl/libraries/AP_Scripting/lua/src/linit.c.0.gcno
Processing sitl/libraries/AP_Scripting/lua/src/lua.c.0.gcno
/media/tihan/pavan/kala/build/sitl/libraries/AP_Scripting/lua/src/lua.c.0.gcno:no functions found
geninfo: WARNING: GCOV did not produce any data for /media/tihan/pavan/kala/build/sitl/libraries/AP_Scripting/lua/src/lua.c.0.gcno
Processing sitl/libraries/AP_Scripting/lua/src/lgc.c.0.gcno
Processing sitl/libraries/AP_Scripting/lua/src/ldo.c.0.gcno
Processing sitl/libraries/AP_Scripting/lua/src/lzio.c.0.gcno
Processing sitl/libraries/AP_Scripting/lua/src/loadlib.c.0.gcno
Processing sitl/libraries/AP_Scripting/lua_generated_bindings.cpp.2.gcno
Processing sitl/libraries/AP_Scripting/AP_Scripting_SerialDevice.cpp.0.gcno
Processing sitl/libraries/AP_Scripting/AP_Scripting_CRSFMenu.cpp.2.gcno
Processing sitl/libraries/AP_Scripting/lua_generated_bindings.cpp.1.gcno
Processing sitl/libraries/AP_Scripting/AP_Scripting_helpers.cpp.3.gcno
Processing sitl/libraries/AP_Scripting/AP_Scripting_CANSensor.cpp.0.gcno
Processing sitl/libraries/AP_Scripting/AP_Scripting_CRSFMenu.cpp.5.gcno
Processing sitl/libraries/AP_Scripting/lua_scripts.cpp.5.gcno
Processing sitl/libraries/AP_Scripting/lua_bindings.cpp.6.gcno
Processing sitl/libraries/AP_Scripting/lua_scripts.cpp.4.gcno
Processing sitl/libraries/AP_Scripting/AP_Scripting_CRSFMenu.cpp.1.gcno
Processing sitl/libraries/AP_Scripting/AP_Scripting_helpers.cpp.4.gcno
Processing sitl/libraries/AP_Scripting/lua_generated_bindings.cpp.5.gcno
Processing sitl/libraries/AP_Scripting/lua_boxed_numerics.cpp.1.gcno
Processing sitl/libraries/AP_Scripting/lua_bindings.cpp.1.gcno
Processing sitl/libraries/AP_Scripting/AP_Scripting_CRSFMenu.cpp.7.gcno
Processing sitl/libraries/AP_Scripting/AP_Scripting_helpers.cpp.6.gcno
Processing sitl/libraries/AP_Scripting/AP_Scripting_SerialAccess.cpp.0.gcno
Processing sitl/libraries/AP_Scripting/lua_scripts.cpp.7.gcno
Processing sitl/libraries/AP_Scripting/AP_Scripting_helpers.cpp.2.gcno
Processing sitl/libraries/AP_Scripting/lua_bindings.cpp.2.gcno
Processing sitl/libraries/AP_Scripting/lua_bindings.cpp.7.gcno
Processing sitl/libraries/AP_Scripting/lua_bindings.cpp.3.gcno
Processing sitl/libraries/AP_AdvancedFailsafe/AP_AdvancedFailsafe.cpp.0.gcno
Processing sitl/libraries/AR_WPNav/AR_PivotTurn.cpp.0.gcno
Processing sitl/libraries/AR_WPNav/AR_WPNav.cpp.0.gcno
Processing sitl/libraries/AR_WPNav/AR_WPNav_OA.cpp.0.gcno
Processing sitl/libraries/AP_Math/control.cpp.0.gcno
Processing sitl/libraries/AP_Math/SCurve.cpp.1.gcno
Processing sitl/libraries/AP_Math/crc.cpp.0.gcno
Processing sitl/libraries/AP_Math/matrix3.cpp.0.gcno
Processing sitl/libraries/AP_Math/matrixN.cpp.0.gcno
Processing sitl/libraries/AP_Math/quaternion.cpp.0.gcno
Processing sitl/libraries/AP_Math/matrix_alg.cpp.0.gcno
Processing sitl/libraries/AP_Math/SCurve.cpp.2.gcno
Processing sitl/libraries/AP_Math/SplineCurve.cpp.0.gcno
Processing sitl/libraries/AP_Math/AP_Math.cpp.0.gcno
Processing sitl/libraries/AP_Math/chirp.cpp.0.gcno
Processing sitl/libraries/AP_Math/SCurve.cpp.3.gcno
Processing sitl/libraries/AP_Math/polygon.cpp.0.gcno
Processing sitl/libraries/AP_Math/tests/test_quaternion.cpp.11.gcno
Processing sitl/libraries/AP_Math/tests/test_crc8.cpp.4.gcno
Processing sitl/libraries/AP_Math/tests/test_matrix3.cpp.8.gcno
Processing sitl/libraries/AP_Math/tests/test_sqrt_controller.cpp.16.gcno
Processing sitl/libraries/AP_Math/tests/test_closest_distance_between_radial_and_point.cpp.2.gcno
Processing sitl/libraries/AP_Math/tests/test_math.cpp.6.gcno
Processing sitl/libraries/AP_Math/tests/test_polygon.cpp.10.gcno
Processing sitl/libraries/AP_Math/tests/test_rotations.cpp.13.gcno
Processing sitl/libraries/AP_Math/tests/test_vector2.cpp.17.gcno
Processing sitl/libraries/AP_Math/tests/test_3d_lines.cpp.1.gcno
Processing sitl/libraries/AP_Math/tests/test_vector3.cpp.18.gcno
Processing sitl/libraries/AP_Math/tests/test_rc_in_to_roll_pitch.cpp.12.gcno
Processing sitl/libraries/AP_Math/tests/test_scurve.cpp.14.gcno
Processing sitl/libraries/AP_Math/tests/test_geodesic_grid.cpp.5.gcno
Processing sitl/libraries/AP_Math/tests/test_control.cpp.3.gcno
Processing sitl/libraries/AP_Math/tests/test_math_double.cpp.7.gcno
Processing sitl/libraries/AP_Math/tests/test_segment_intersection.cpp.15.gcno
Processing sitl/libraries/AP_Math/tests/test_perpendicular.cpp.9.gcno
Processing sitl/libraries/AP_Math/SCurve.cpp.6.gcno
Processing sitl/libraries/AP_Math/SCurve.cpp.5.gcno
Processing sitl/libraries/AP_Math/SCurve.cpp.4.gcno
Processing sitl/libraries/AP_Math/vector3.cpp.0.gcno
Processing sitl/libraries/AP_Math/location_double.cpp.0.gcno
Processing sitl/libraries/AP_Math/SCurve.cpp.7.gcno
Processing sitl/libraries/AP_Math/polyfit.cpp.0.gcno
Processing sitl/libraries/AP_Math/AP_GeodesicGrid.cpp.0.gcno
Processing sitl/libraries/AP_Math/vector2.cpp.0.gcno
Processing sitl/libraries/AP_Math/spline5.cpp.0.gcno
Processing sitl/libraries/AP_Math/location.cpp.0.gcno
Processing sitl/libraries/AP_Torqeedo/AP_Torqeedo_Backend.cpp.0.gcno
Processing sitl/libraries/AP_Torqeedo/AP_Torqeedo_Params.cpp.0.gcno
Processing sitl/libraries/AP_Torqeedo/AP_Torqeedo_TQBus.cpp.0.gcno
Processing sitl/libraries/AP_Torqeedo/AP_Torqeedo.cpp.0.gcno
Processing sitl/libraries/AP_CSVReader/tests/test_csvreader.cpp.1.gcno
Processing sitl/libraries/AP_CSVReader/AP_CSVReader.cpp.0.gcno
Processing sitl/libraries/GCS_MAVLink/MissionItemProtocol_Rally.cpp.0.gcno
Processing sitl/libraries/GCS_MAVLink/GCS_Fence.cpp.4.gcno
Processing sitl/libraries/GCS_MAVLink/MissionItemProtocol_Waypoints.cpp.0.gcno
Processing sitl/libraries/GCS_MAVLink/GCS_Fence.cpp.1.gcno
Processing sitl/libraries/GCS_MAVLink/GCS.cpp.3.gcno
Processing sitl/libraries/GCS_MAVLink/GCS.cpp.4.gcno
Processing sitl/libraries/GCS_MAVLink/GCS_Common.cpp.6.gcno
Processing sitl/libraries/GCS_MAVLink/GCS_MAVLink_Parameters.cpp.6.gcno
/media/tihan/pavan/kala/build/sitl/libraries/GCS_MAVLink/GCS_MAVLink_Parameters.cpp.6.gcno:no functions found
geninfo: WARNING: GCOV did not produce any data for /media/tihan/pavan/kala/build/sitl/libraries/GCS_MAVLink/GCS_MAVLink_Parameters.cpp.6.gcno
Processing sitl/libraries/GCS_MAVLink/GCS_Fence.cpp.3.gcno
Processing sitl/libraries/GCS_MAVLink/GCS_Dummy.cpp.7.gcno
Processing sitl/libraries/GCS_MAVLink/GCS_Common.cpp.5.gcno
Processing sitl/libraries/GCS_MAVLink/GCS_serial_control.cpp.0.gcno
Processing sitl/libraries/GCS_MAVLink/GCS_MAVLink_Parameters.cpp.7.gcno
/media/tihan/pavan/kala/build/sitl/libraries/GCS_MAVLink/GCS_MAVLink_Parameters.cpp.7.gcno:no functions found
geninfo: WARNING: GCOV did not produce any data for /media/tihan/pavan/kala/build/sitl/libraries/GCS_MAVLink/GCS_MAVLink_Parameters.cpp.7.gcno
Processing sitl/libraries/GCS_MAVLink/GCS_Dummy.cpp.2.gcno
Processing sitl/libraries/GCS_MAVLink/GCS_MAVLink_Parameters.cpp.1.gcno
/media/tihan/pavan/kala/build/sitl/libraries/GCS_MAVLink/GCS_MAVLink_Parameters.cpp.1.gcno:no functions found
geninfo: WARNING: GCOV did not produce any data for /media/tihan/pavan/kala/build/sitl/libraries/GCS_MAVLink/GCS_MAVLink_Parameters.cpp.1.gcno
Processing sitl/libraries/GCS_MAVLink/GCS_Param.cpp.0.gcno
Processing sitl/libraries/GCS_MAVLink/GCS_FTP.cpp.0.gcno
Processing sitl/libraries/GCS_MAVLink/GCS_MAVLink_Parameters.cpp.4.gcno
/media/tihan/pavan/kala/build/sitl/libraries/GCS_MAVLink/GCS_MAVLink_Parameters.cpp.4.gcno:no functions found
geninfo: WARNING: GCOV did not produce any data for /media/tihan/pavan/kala/build/sitl/libraries/GCS_MAVLink/GCS_MAVLink_Parameters.cpp.4.gcno
Processing sitl/libraries/GCS_MAVLink/GCS.cpp.6.gcno
Processing sitl/libraries/GCS_MAVLink/GCS.cpp.7.gcno
Processing sitl/libraries/GCS_MAVLink/GCS_DeviceOp.cpp.0.gcno
Processing sitl/libraries/GCS_MAVLink/GCS_Fence.cpp.7.gcno
Processing sitl/libraries/GCS_MAVLink/GCS_Dummy.cpp.6.gcno
Processing sitl/libraries/GCS_MAVLink/GCS.cpp.2.gcno
Processing sitl/libraries/GCS_MAVLink/GCS_Common.cpp.4.gcno
Processing sitl/libraries/GCS_MAVLink/MissionItemProtocol_Fence.cpp.0.gcno
Processing sitl/libraries/GCS_MAVLink/GCS_Fence.cpp.5.gcno
Processing sitl/libraries/GCS_MAVLink/GCS_MAVLink_Parameters.cpp.3.gcno
/media/tihan/pavan/kala/build/sitl/libraries/GCS_MAVLink/GCS_MAVLink_Parameters.cpp.3.gcno:no functions found
geninfo: WARNING: GCOV did not produce any data for /media/tihan/pavan/kala/build/sitl/libraries/GCS_MAVLink/GCS_MAVLink_Parameters.cpp.3.gcno
Processing sitl/libraries/GCS_MAVLink/GCS.cpp.5.gcno
Processing sitl/libraries/GCS_MAVLink/GCS_MAVLink_Parameters.cpp.2.gcno
/media/tihan/pavan/kala/build/sitl/libraries/GCS_MAVLink/GCS_MAVLink_Parameters.cpp.2.gcno:no functions found
geninfo: WARNING: GCOV did not produce any data for /media/tihan/pavan/kala/build/sitl/libraries/GCS_MAVLink/GCS_MAVLink_Parameters.cpp.2.gcno
Processing sitl/libraries/GCS_MAVLink/GCS_Common.cpp.2.gcno
Processing sitl/libraries/GCS_MAVLink/MAVLink_routing.cpp.0.gcno
Processing sitl/libraries/GCS_MAVLink/GCS_Common.cpp.3.gcno
Processing sitl/libraries/GCS_MAVLink/GCS_ServoRelay.cpp.0.gcno
Processing sitl/libraries/GCS_MAVLink/GCS_Common.cpp.7.gcno
Processing sitl/libraries/GCS_MAVLink/GCS_Dummy.cpp.4.gcno
Processing sitl/libraries/GCS_MAVLink/GCS_Fence.cpp.2.gcno
Processing sitl/libraries/GCS_MAVLink/GCS_Common.cpp.1.gcno
Processing sitl/libraries/GCS_MAVLink/GCS_Dummy.cpp.5.gcno
Processing sitl/libraries/GCS_MAVLink/GCS_Signing.cpp.0.gcno
Processing sitl/libraries/GCS_MAVLink/GCS_MAVLink.cpp.0.gcno
Processing sitl/libraries/GCS_MAVLink/MissionItemProtocol.cpp.0.gcno
Processing sitl/libraries/GCS_MAVLink/GCS_Rally.cpp.0.gcno
Processing sitl/libraries/GCS_MAVLink/GCS_Dummy.cpp.3.gcno
Processing sitl/libraries/GCS_MAVLink/GCS_MAVLink_Parameters.cpp.5.gcno
/media/tihan/pavan/kala/build/sitl/libraries/GCS_MAVLink/GCS_MAVLink_Parameters.cpp.5.gcno:no functions found
geninfo: WARNING: GCOV did not produce any data for /media/tihan/pavan/kala/build/sitl/libraries/GCS_MAVLink/GCS_MAVLink_Parameters.cpp.5.gcno
Processing sitl/libraries/GCS_MAVLink/GCS.cpp.1.gcno
Processing sitl/libraries/GCS_MAVLink/GCS_Fence.cpp.6.gcno
Processing sitl/libraries/GCS_MAVLink/GCS_Dummy.cpp.1.gcno
Processing sitl/libraries/AP_NavEKF2/AP_NavEKF2_OptFlowFusion.cpp.2.gcno
Processing sitl/libraries/AP_NavEKF2/AP_NavEKF2.cpp.6.gcno
Processing sitl/libraries/AP_NavEKF2/AP_NavEKF2_Outputs.cpp.0.gcno
Processing sitl/libraries/AP_NavEKF2/AP_NavEKF2_OptFlowFusion.cpp.3.gcno
Processing sitl/libraries/AP_NavEKF2/AP_NavEKF2_PosVelFusion.cpp.0.gcno
Processing sitl/libraries/AP_NavEKF2/AP_NavEKF2.cpp.5.gcno
Processing sitl/libraries/AP_NavEKF2/AP_NavEKF2_AirDataFusion.cpp.0.gcno
Processing sitl/libraries/AP_NavEKF2/AP_NavEKF2_OptFlowFusion.cpp.7.gcno
Processing sitl/libraries/AP_NavEKF2/AP_NavEKF_GyroBias.cpp.0.gcno
Processing sitl/libraries/AP_NavEKF2/AP_NavEKF2_OptFlowFusion.cpp.5.gcno
Processing sitl/libraries/AP_NavEKF2/AP_NavEKF2.cpp.7.gcno
Processing sitl/libraries/AP_NavEKF2/AP_NavEKF2_Measurements.cpp.0.gcno
Processing sitl/libraries/AP_NavEKF2/AP_NavEKF2_OptFlowFusion.cpp.6.gcno
Processing sitl/libraries/AP_NavEKF2/AP_NavEKF2_MagFusion.cpp.0.gcno
Processing sitl/libraries/AP_NavEKF2/AP_NavEKF2.cpp.4.gcno
Processing sitl/libraries/AP_NavEKF2/AP_NavEKF2.cpp.2.gcno
Processing sitl/libraries/AP_NavEKF2/AP_NavEKF2_Logging.cpp.0.gcno
Processing sitl/libraries/AP_NavEKF2/AP_NavEKF2.cpp.1.gcno
Processing sitl/libraries/AP_NavEKF2/AP_NavEKF2_Control.cpp.0.gcno
Processing sitl/libraries/AP_NavEKF2/AP_NavEKF2_VehicleStatus.cpp.0.gcno
Processing sitl/libraries/AP_NavEKF2/AP_NavEKF2.cpp.3.gcno
Processing sitl/libraries/AP_NavEKF2/AP_NavEKF2_core.cpp.0.gcno
Processing sitl/libraries/AP_NavEKF2/AP_NavEKF2_RngBcnFusion.cpp.0.gcno
Processing sitl/libraries/AP_NavEKF2/AP_NavEKF2_OptFlowFusion.cpp.1.gcno
Processing sitl/libraries/AP_NavEKF2/AP_NavEKF2_OptFlowFusion.cpp.4.gcno
Processing sitl/libraries/AP_Proximity/AP_Proximity_Utils.cpp.7.gcno
Processing sitl/libraries/AP_Proximity/AP_Proximity_Scripting.cpp.0.gcno
Processing sitl/libraries/AP_Proximity/AP_Proximity_Backend.cpp.0.gcno
Processing sitl/libraries/AP_Proximity/AP_Proximity_LightWareSerial.cpp.0.gcno
Processing sitl/libraries/AP_Proximity/AP_Proximity_LightWareSF45B.cpp.0.gcno
Processing sitl/libraries/AP_Proximity/AP_Proximity_RPLidarA2.cpp.0.gcno
Processing sitl/libraries/AP_Proximity/AP_Proximity_TeraRangerTower.cpp.0.gcno
Processing sitl/libraries/AP_Proximity/AP_Proximity_Backend_Serial.cpp.0.gcno
Processing sitl/libraries/AP_Proximity/AP_Proximity_MR72_CAN.cpp.0.gcno
Processing sitl/libraries/AP_Proximity/AP_Proximity_RangeFinder.cpp.0.gcno
Processing sitl/libraries/AP_Proximity/AP_Proximity_Utils.cpp.2.gcno
Processing sitl/libraries/AP_Proximity/AP_Proximity_SITL.cpp.0.gcno
Processing sitl/libraries/AP_Proximity/AP_Proximity_MAV.cpp.0.gcno
Processing sitl/libraries/AP_Proximity/AP_Proximity_Cygbot_D1.cpp.0.gcno
Processing sitl/libraries/AP_Proximity/AP_Proximity_LightWareSF40C.cpp.0.gcno
Processing sitl/libraries/AP_Proximity/AP_Proximity_Utils.cpp.6.gcno
Processing sitl/libraries/AP_Proximity/AP_Proximity_LD06.cpp.0.gcno
Processing sitl/libraries/AP_Proximity/AP_Proximity_DroneCAN.cpp.0.gcno
Processing sitl/libraries/AP_Proximity/AP_Proximity_Params.cpp.0.gcno
Processing sitl/libraries/AP_Proximity/AP_Proximity_AirSimSITL.cpp.0.gcno
Processing sitl/libraries/AP_Proximity/AP_Proximity_Utils.cpp.4.gcno
Processing sitl/libraries/AP_Proximity/AP_Proximity_Utils.cpp.3.gcno
Processing sitl/libraries/AP_Proximity/AP_Proximity_Utils.cpp.5.gcno
Processing sitl/libraries/AP_Proximity/AP_Proximity_TeraRangerTowerEvo.cpp.0.gcno
Processing sitl/libraries/AP_Proximity/AP_Proximity.cpp.0.gcno
Processing sitl/libraries/AP_Proximity/AP_Proximity_Utils.cpp.1.gcno
Processing sitl/libraries/AP_Proximity/AP_Proximity_Boundary_3D.cpp.0.gcno
Processing sitl/libraries/AP_TemperatureSensor/AP_TemperatureSensor.cpp.4.gcno
Processing sitl/libraries/AP_TemperatureSensor/AP_TemperatureSensor.cpp.1.gcno
Processing sitl/libraries/AP_TemperatureSensor/AP_TemperatureSensor.cpp.3.gcno
Processing sitl/libraries/AP_TemperatureSensor/AP_TemperatureSensor_DroneCAN.cpp.0.gcno
Processing sitl/libraries/AP_TemperatureSensor/AP_TemperatureSensor_MLX90614.cpp.0.gcno
Processing sitl/libraries/AP_TemperatureSensor/AP_TemperatureSensor_MAX31865.cpp.0.gcno
Processing sitl/libraries/AP_TemperatureSensor/AP_TemperatureSensor.cpp.7.gcno
Processing sitl/libraries/AP_TemperatureSensor/AP_TemperatureSensor.cpp.5.gcno
Processing sitl/libraries/AP_TemperatureSensor/AP_TemperatureSensor.cpp.6.gcno
Processing sitl/libraries/AP_TemperatureSensor/AP_TemperatureSensor_Backend.cpp.0.gcno
Processing sitl/libraries/AP_TemperatureSensor/AP_TemperatureSensor_MCP9600.cpp.0.gcno
Processing sitl/libraries/AP_TemperatureSensor/AP_TemperatureSensor_Analog.cpp.0.gcno
Processing sitl/libraries/AP_TemperatureSensor/AP_TemperatureSensor_TSYS03.cpp.0.gcno
Processing sitl/libraries/AP_TemperatureSensor/AP_TemperatureSensor_TSYS01.cpp.0.gcno
Processing sitl/libraries/AP_TemperatureSensor/AP_TemperatureSensor_SHT3x.cpp.0.gcno
Processing sitl/libraries/AP_TemperatureSensor/AP_TemperatureSensor.cpp.2.gcno
Processing sitl/libraries/AP_TemperatureSensor/AP_TemperatureSensor_Params.cpp.0.gcno
Processing sitl/libraries/AC_Fence/AC_PolyFence_loader.cpp.1.gcno
Processing sitl/libraries/AC_Fence/AC_PolyFence_loader.cpp.4.gcno
Processing sitl/libraries/AC_Fence/AC_Fence.cpp.6.gcno
Processing sitl/libraries/AC_Fence/AC_PolyFence_loader.cpp.7.gcno
Processing sitl/libraries/AC_Fence/AC_PolyFence_loader.cpp.3.gcno
Processing sitl/libraries/AC_Fence/AC_Fence.cpp.4.gcno
Processing sitl/libraries/AC_Fence/AC_Fence.cpp.7.gcno
Processing sitl/libraries/AC_Fence/AC_Fence.cpp.5.gcno
Processing sitl/libraries/AC_Fence/AC_PolyFence_loader.cpp.2.gcno
Processing sitl/libraries/AC_Fence/AC_Fence.cpp.2.gcno
Processing sitl/libraries/AC_Fence/AC_PolyFence_loader.cpp.6.gcno
Processing sitl/libraries/AC_Fence/AC_PolyFence_loader.cpp.5.gcno
Processing sitl/libraries/AC_Fence/AC_Fence.cpp.1.gcno
Processing sitl/libraries/AC_Fence/AC_Fence.cpp.3.gcno
Processing sitl/libraries/AP_RobotisServo/AP_RobotisServo.cpp.0.gcno
Processing sitl/libraries/AP_RAMTRON/AP_RAMTRON.cpp.0.gcno
Processing sitl/libraries/AC_PID/AC_P_1D.cpp.0.gcno
Processing sitl/libraries/AC_PID/AC_PID_2D.cpp.0.gcno
Processing sitl/libraries/AC_PID/AC_PI.cpp.0.gcno
Processing sitl/libraries/AC_PID/AC_P_2D.cpp.0.gcno
Processing sitl/libraries/AC_PID/AC_PID.cpp.0.gcno
Processing sitl/libraries/AC_PID/AC_P.cpp.0.gcno
Processing sitl/libraries/AC_PID/AC_PID_Basic.cpp.0.gcno
Processing sitl/libraries/AC_PID/AC_PI_2D.cpp.0.gcno
Processing sitl/libraries/AC_PID/AC_HELI_PID.cpp.0.gcno
Processing sitl/libraries/AP_FlashIface/AP_FlashIface_JEDEC.cpp.0.gcno
Processing sitl/libraries/AP_Tuning/AP_Tuning.cpp.0.gcno
Processing sitl/libraries/AP_OpenDroneID/AP_OpenDroneID.cpp.0.gcno
Processing sitl/libraries/AP_OpenDroneID/AP_OpenDroneID_DroneCAN.cpp.0.gcno
Processing sitl/libraries/AP_Menu/AP_Menu.cpp.0.gcno
Processing sitl/libraries/PID/PID.cpp.0.gcno
Processing sitl/libraries/AP_AccelCal/AP_AccelCal.cpp.0.gcno
Processing sitl/libraries/AP_AccelCal/AccelCalibrator.cpp.0.gcno
Processing sitl/libraries/AP_ExternalAHRS/AP_ExternalAHRS_InertialLabs.cpp.6.gcno
Processing sitl/libraries/AP_ExternalAHRS/AP_ExternalAHRS_SBG.cpp.1.gcno
Processing sitl/libraries/AP_ExternalAHRS/AP_ExternalAHRS_SBG.cpp.6.gcno
Processing sitl/libraries/AP_ExternalAHRS/AP_ExternalAHRS_SBG.cpp.4.gcno
Processing sitl/libraries/AP_ExternalAHRS/AP_ExternalAHRS_SBG.cpp.7.gcno
Processing sitl/libraries/AP_ExternalAHRS/AP_ExternalAHRS_InertialLabs.cpp.4.gcno
Processing sitl/libraries/AP_ExternalAHRS/MicroStrain_common.cpp.0.gcno
Processing sitl/libraries/AP_ExternalAHRS/AP_ExternalAHRS_SBG.cpp.5.gcno
Processing sitl/libraries/AP_ExternalAHRS/AP_ExternalAHRS_InertialLabs.cpp.5.gcno
Processing sitl/libraries/AP_ExternalAHRS/AP_ExternalAHRS.cpp.0.gcno
Processing sitl/libraries/AP_ExternalAHRS/AP_ExternalAHRS_SBG.cpp.2.gcno
Processing sitl/libraries/AP_ExternalAHRS/AP_ExternalAHRS_backend.cpp.0.gcno
Processing sitl/libraries/AP_ExternalAHRS/AP_ExternalAHRS_InertialLabs.cpp.1.gcno
Processing sitl/libraries/AP_ExternalAHRS/AP_ExternalAHRS_InertialLabs.cpp.2.gcno
Processing sitl/libraries/AP_ExternalAHRS/AP_ExternalAHRS_VectorNav.cpp.0.gcno
Processing sitl/libraries/AP_ExternalAHRS/AP_ExternalAHRS_InertialLabs.cpp.7.gcno
Processing sitl/libraries/AP_ExternalAHRS/AP_ExternalAHRS_MicroStrain5.cpp.0.gcno
Processing sitl/libraries/AP_ExternalAHRS/AP_ExternalAHRS_InertialLabs.cpp.3.gcno
Processing sitl/libraries/AP_ExternalAHRS/AP_ExternalAHRS_SBG.cpp.3.gcno
Processing sitl/libraries/AP_ExternalAHRS/AP_ExternalAHRS_MicroStrain7.cpp.0.gcno
Processing sitl/libraries/AP_OLC/tests/test_olc.cpp.1.gcno
Processing sitl/libraries/AP_OLC/AP_OLC.cpp.0.gcno
Processing sitl/libraries/AP_ExternalControl/AP_ExternalControl.cpp.0.gcno
Processing sitl/libraries/AP_Radio/driver_cc2500.cpp.0.gcno
Processing sitl/libraries/AP_Radio/AP_Radio_cypress.cpp.0.gcno
/media/tihan/pavan/kala/build/sitl/libraries/AP_Radio/AP_Radio_cypress.cpp.0.gcno:no functions found
geninfo: WARNING: GCOV did not produce any data for /media/tihan/pavan/kala/build/sitl/libraries/AP_Radio/AP_Radio_cypress.cpp.0.gcno
Processing sitl/libraries/AP_Radio/AP_Radio_backend.cpp.0.gcno
/media/tihan/pavan/kala/build/sitl/libraries/AP_Radio/AP_Radio_backend.cpp.0.gcno:no functions found
geninfo: WARNING: GCOV did not produce any data for /media/tihan/pavan/kala/build/sitl/libraries/AP_Radio/AP_Radio_backend.cpp.0.gcno
Processing sitl/libraries/AP_Radio/AP_Radio.cpp.0.gcno
/media/tihan/pavan/kala/build/sitl/libraries/AP_Radio/AP_Radio.cpp.0.gcno:no functions found
geninfo: WARNING: GCOV did not produce any data for /media/tihan/pavan/kala/build/sitl/libraries/AP_Radio/AP_Radio.cpp.0.gcno
Processing sitl/libraries/AP_Radio/driver_bk2425.cpp.0.gcno
/media/tihan/pavan/kala/build/sitl/libraries/AP_Radio/driver_bk2425.cpp.0.gcno:no functions found
geninfo: WARNING: GCOV did not produce any data for /media/tihan/pavan/kala/build/sitl/libraries/AP_Radio/driver_bk2425.cpp.0.gcno
Processing sitl/libraries/AP_Radio/AP_Radio_cc2500.cpp.0.gcno
/media/tihan/pavan/kala/build/sitl/libraries/AP_Radio/AP_Radio_cc2500.cpp.0.gcno:no functions found
geninfo: WARNING: GCOV did not produce any data for /media/tihan/pavan/kala/build/sitl/libraries/AP_Radio/AP_Radio_cc2500.cpp.0.gcno
Processing sitl/libraries/AP_Radio/AP_Radio_bk2425.cpp.0.gcno
/media/tihan/pavan/kala/build/sitl/libraries/AP_Radio/AP_Radio_bk2425.cpp.0.gcno:no functions found
geninfo: WARNING: GCOV did not produce any data for /media/tihan/pavan/kala/build/sitl/libraries/AP_Radio/AP_Radio_bk2425.cpp.0.gcno
Processing sitl/libraries/AP_NavEKF/EKF_Buffer.cpp.0.gcno
Processing sitl/libraries/AP_NavEKF/EKFGSF_Logging.cpp.0.gcno
Processing sitl/libraries/AP_NavEKF/tests/test_ring_buffer.cpp.1.gcno
Processing sitl/libraries/AP_NavEKF/AP_NavEKF_core_common.cpp.0.gcno
Processing sitl/libraries/AP_NavEKF/AP_NavEKF_Source.cpp.0.gcno
Processing sitl/libraries/AP_NavEKF/EKFGSF_yaw.cpp.0.gcno
Processing sitl/libraries/AP_Declination/AP_Declination.cpp.0.gcno
Processing sitl/libraries/AP_Declination/tests/test_magfield.cpp.1.gcno
Processing sitl/libraries/AP_Declination/tables.cpp.0.gcno
/media/tihan/pavan/kala/build/sitl/libraries/AP_Declination/tables.cpp.0.gcno:no functions found
geninfo: WARNING: GCOV did not produce any data for /media/tihan/pavan/kala/build/sitl/libraries/AP_Declination/tables.cpp.0.gcno
Processing sitl/libraries/AP_Landing/AP_Landing_Slope.cpp.1.gcno
Processing sitl/libraries/AP_Landing/AP_Landing_Deepstall.cpp.0.gcno
Processing sitl/libraries/AP_Landing/AP_Landing.cpp.0.gcno
Processing sitl/libraries/AP_Landing/AP_Landing_Slope.cpp.3.gcno
Processing sitl/libraries/AP_SurfaceDistance/AP_SurfaceDistance.cpp.0.gcno
Processing sitl/libraries/AP_HAL/system.cpp.0.gcno
Processing sitl/libraries/AP_HAL/Semaphores.cpp.0.gcno
Processing sitl/libraries/AP_HAL/utility/st24.cpp.0.gcno
Processing sitl/libraries/AP_HAL/utility/utoa_invert.cpp.0.gcno
Processing sitl/libraries/AP_HAL/utility/RCOutput_Tap_Linux.cpp.0.gcno
/media/tihan/pavan/kala/build/sitl/libraries/AP_HAL/utility/RCOutput_Tap_Linux.cpp.0.gcno:no functions found
geninfo: WARNING: GCOV did not produce any data for /media/tihan/pavan/kala/build/sitl/libraries/AP_HAL/utility/RCOutput_Tap_Linux.cpp.0.gcno
Processing sitl/libraries/AP_HAL/utility/RCOutput_Tap.cpp.0.gcno
/media/tihan/pavan/kala/build/sitl/libraries/AP_HAL/utility/RCOutput_Tap.cpp.0.gcno:no functions found
geninfo: WARNING: GCOV did not produce any data for /media/tihan/pavan/kala/build/sitl/libraries/AP_HAL/utility/RCOutput_Tap.cpp.0.gcno
Processing sitl/libraries/AP_HAL/utility/packetise.cpp.0.gcno
Processing sitl/libraries/AP_HAL/utility/RingBuffer.cpp.0.gcno
Processing sitl/libraries/AP_HAL/utility/sumd.cpp.0.gcno
Processing sitl/libraries/AP_HAL/utility/srxl.cpp.0.gcno
Processing sitl/libraries/AP_HAL/utility/Socket.cpp.0.gcno
Processing sitl/libraries/AP_HAL/utility/print_vprintf.cpp.0.gcno
Processing sitl/libraries/AP_HAL/utility/Socket_native.cpp.0.gcno
Processing sitl/libraries/AP_HAL/utility/replace.cpp.0.gcno
Processing sitl/libraries/AP_HAL/utility/getopt_cpp.cpp.0.gcno
Processing sitl/libraries/AP_HAL/utility/tests/test_ringbuffer.cpp.2.gcno
Processing sitl/libraries/AP_HAL/utility/tests/test_own_ptr.cpp.1.gcno
Processing sitl/libraries/AP_HAL/utility/BetterStream.cpp.0.gcno
Processing sitl/libraries/AP_HAL/utility/dsm.cpp.0.gcno
Processing sitl/libraries/AP_HAL/utility/DataRateLimit.cpp.0.gcno
Processing sitl/libraries/AP_HAL/utility/ftoa_engine.cpp.0.gcno
Processing sitl/libraries/AP_HAL/GPIO.cpp.0.gcno
Processing sitl/libraries/AP_HAL/SIMState.cpp.5.gcno
Processing sitl/libraries/AP_HAL/Util.cpp.0.gcno
Processing sitl/libraries/AP_HAL/HAL.cpp.0.gcno
Processing sitl/libraries/AP_HAL/SIMState.cpp.2.gcno
Processing sitl/libraries/AP_HAL/tests/test_vsnprintf.cpp.3.gcno
Processing sitl/libraries/AP_HAL/tests/test_timeouts.cpp.2.gcno
Processing sitl/libraries/AP_HAL/tests/test_prescaler.cpp.1.gcno
Processing sitl/libraries/AP_HAL/DSP.cpp.0.gcno
Processing sitl/libraries/AP_HAL/CANIface.cpp.0.gcno
Processing sitl/libraries/AP_HAL/UARTDriver.cpp.0.gcno
Processing sitl/libraries/AP_HAL/SIMState.cpp.3.gcno
Processing sitl/libraries/AP_HAL/SIMState.cpp.7.gcno
Processing sitl/libraries/AP_HAL/SIMState.cpp.4.gcno
Processing sitl/libraries/AP_HAL/Storage.cpp.0.gcno
Processing sitl/libraries/AP_HAL/RCOutput.cpp.0.gcno
Processing sitl/libraries/AP_HAL/SIMState.cpp.1.gcno
Processing sitl/libraries/AP_HAL/Scheduler.cpp.0.gcno
Processing sitl/libraries/AP_HAL/SIMState.cpp.6.gcno
Processing sitl/libraries/AP_HAL/Device.cpp.0.gcno
Processing sitl/libraries/AP_Follow/AP_Follow.cpp.1.gcno
Processing sitl/libraries/AP_Follow/AP_Follow.cpp.4.gcno
Processing sitl/libraries/AP_Follow/AP_Follow.cpp.5.gcno
Processing sitl/libraries/AP_Follow/AP_Follow.cpp.7.gcno
Processing sitl/libraries/AP_Follow/AP_Follow.cpp.2.gcno
Processing sitl/libraries/AP_Follow/AP_Follow.cpp.6.gcno
Processing sitl/libraries/AP_Follow/AP_Follow.cpp.3.gcno
Processing sitl/libraries/AP_RCMapper/AP_RCMapper.cpp.0.gcno
Processing sitl/libraries/AC_PrecLand/AC_PrecLand_MAVLink.cpp.0.gcno
Processing sitl/libraries/AC_PrecLand/AC_PrecLand.cpp.6.gcno
Processing sitl/libraries/AC_PrecLand/AC_PrecLand_StateMachine.cpp.0.gcno
Processing sitl/libraries/AC_PrecLand/AC_PrecLand.cpp.1.gcno
Processing sitl/libraries/AC_PrecLand/AC_PrecLand.cpp.7.gcno
Processing sitl/libraries/AC_PrecLand/AC_PrecLand_SITL.cpp.0.gcno
Processing sitl/libraries/AC_PrecLand/AC_PrecLand_SITL_Gazebo.cpp.0.gcno
Processing sitl/libraries/AC_PrecLand/AC_PrecLand_IRLock.cpp.0.gcno
Processing sitl/libraries/AC_PrecLand/PosVelEKF.cpp.0.gcno
Processing sitl/libraries/AC_PrecLand/AC_PrecLand.cpp.3.gcno
Processing sitl/libraries/AP_SerialManager/AP_SerialManager.cpp.0.gcno
Processing sitl/libraries/AC_Sprayer/AC_Sprayer.cpp.0.gcno
Processing sitl/libraries/AR_Motors/AP_MotorsUGV.cpp.0.gcno
Processing sitl/libraries/AP_PiccoloCAN/AP_PiccoloCAN_ECU.cpp.0.gcno
Processing sitl/libraries/AP_PiccoloCAN/AP_PiccoloCAN_Servo.cpp.0.gcno
Processing sitl/libraries/AP_PiccoloCAN/piccolo_protocol/ECUPackets.c.0.gcno
Processing sitl/libraries/AP_PiccoloCAN/piccolo_protocol/ServoPackets.c.0.gcno
Processing sitl/libraries/AP_PiccoloCAN/piccolo_protocol/ECUSettings.c.0.gcno
Processing sitl/libraries/AP_PiccoloCAN/piccolo_protocol/ServoProtocol.c.0.gcno
Processing sitl/libraries/AP_PiccoloCAN/piccolo_protocol/ServoCommands.c.0.gcno
Processing sitl/libraries/AP_PiccoloCAN/piccolo_protocol/ECUDefines.c.0.gcno
Processing sitl/libraries/AP_PiccoloCAN/piccolo_protocol/ESCVelocityProtocol.c.0.gcno
Processing sitl/libraries/AP_PiccoloCAN/piccolo_protocol/scaleddecode.c.0.gcno
Processing sitl/libraries/AP_PiccoloCAN/piccolo_protocol/scaledencode.c.0.gcno
Processing sitl/libraries/AP_PiccoloCAN/piccolo_protocol/ESCCommands.c.0.gcno
Processing sitl/libraries/AP_PiccoloCAN/piccolo_protocol/fielddecode.c.0.gcno
Processing sitl/libraries/AP_PiccoloCAN/piccolo_protocol/ESCDefines.c.0.gcno
Processing sitl/libraries/AP_PiccoloCAN/piccolo_protocol/fieldencode.c.0.gcno
Processing sitl/libraries/AP_PiccoloCAN/piccolo_protocol/ECUProtocol.c.0.gcno
Processing sitl/libraries/AP_PiccoloCAN/piccolo_protocol/ServoDefines.c.0.gcno
Processing sitl/libraries/AP_PiccoloCAN/piccolo_protocol/ESCPackets.c.0.gcno
Processing sitl/libraries/AP_PiccoloCAN/AP_PiccoloCAN_ESC.cpp.0.gcno
Processing sitl/libraries/AP_PiccoloCAN/AP_PiccoloCAN.cpp.0.gcno
Processing sitl/libraries/AP_Param/AP_Param.cpp.0.gcno
Processing sitl/libraries/AP_Param/AP_ParamT.cpp.0.gcno
Processing sitl/libraries/AP_Param/tests/test_find_by_name.cpp.1.gcno
Processing sitl/libraries/AP_Baro/AP_Baro_Backend.cpp.2.gcno
Processing sitl/libraries/AP_Baro/AP_Baro_Backend.cpp.6.gcno
Processing sitl/libraries/AP_Baro/AP_Baro_LPS2XH.cpp.0.gcno
Processing sitl/libraries/AP_Baro/AP_Baro_SITL.cpp.5.gcno
Processing sitl/libraries/AP_Baro/AP_Baro_SPL06.cpp.0.gcno
Processing sitl/libraries/AP_Baro/AP_Baro_ICP101XX.cpp.0.gcno
Processing sitl/libraries/AP_Baro/AP_Baro.cpp.4.gcno
Processing sitl/libraries/AP_Baro/AP_Baro_SITL.cpp.3.gcno
Processing sitl/libraries/AP_Baro/AP_Baro_SITL.cpp.7.gcno
Processing sitl/libraries/AP_Baro/AP_Baro_ICP201XX.cpp.0.gcno
Processing sitl/libraries/AP_Baro/AP_Baro_DPS280.cpp.0.gcno
Processing sitl/libraries/AP_Baro/AP_Baro.cpp.6.gcno
Processing sitl/libraries/AP_Baro/AP_Baro_BMP581.cpp.0.gcno
Processing sitl/libraries/AP_Baro/AP_Baro_Backend.cpp.4.gcno
Processing sitl/libraries/AP_Baro/AP_Baro_Backend.cpp.7.gcno
Processing sitl/libraries/AP_Baro/AP_Baro_SITL.cpp.4.gcno
Processing sitl/libraries/AP_Baro/AP_Baro.cpp.5.gcno
Processing sitl/libraries/AP_Baro/AP_Baro_Logging.cpp.0.gcno
Processing sitl/libraries/AP_Baro/AP_Baro.cpp.7.gcno
Processing sitl/libraries/AP_Baro/AP_Baro_AUAV.cpp.0.gcno
Processing sitl/libraries/AP_Baro/AP_Baro_Wind.cpp.0.gcno
Processing sitl/libraries/AP_Baro/AP_Baro_HIL.cpp.0.gcno
Processing sitl/libraries/AP_Baro/AP_Baro_Backend.cpp.1.gcno
Processing sitl/libraries/AP_Baro/AP_Baro_SITL.cpp.2.gcno
Processing sitl/libraries/AP_Baro/AP_Baro_Backend.cpp.3.gcno
Processing sitl/libraries/AP_Baro/tests/test_baro_atmosphere.cpp.1.gcno
Processing sitl/libraries/AP_Baro/AP_Baro_SITL.cpp.1.gcno
Processing sitl/libraries/AP_Baro/AP_Baro_SITL.cpp.6.gcno
Processing sitl/libraries/AP_Baro/AP_Baro_MSP.cpp.0.gcno
Processing sitl/libraries/AP_Baro/AP_Baro_Dummy.cpp.0.gcno
Processing sitl/libraries/AP_Baro/AP_Baro_MS5611.cpp.0.gcno
Processing sitl/libraries/AP_Baro/AP_Baro_atmosphere.cpp.0.gcno
Processing sitl/libraries/AP_Baro/AP_Baro_FBM320.cpp.0.gcno
Processing sitl/libraries/AP_Baro/AP_Baro_ICM20789.cpp.0.gcno
Processing sitl/libraries/AP_Baro/AP_Baro_Backend.cpp.5.gcno
Processing sitl/libraries/AP_Baro/AP_Baro.cpp.3.gcno
Processing sitl/libraries/AP_Baro/AP_Baro_KellerLD.cpp.0.gcno
Processing sitl/libraries/AP_Baro/AP_Baro_BMP085.cpp.0.gcno
Processing sitl/libraries/AP_Baro/AP_Baro.cpp.2.gcno
Processing sitl/libraries/AP_Baro/AP_Baro_BMP388.cpp.0.gcno
Processing sitl/libraries/AP_Baro/AP_Baro_ExternalAHRS.cpp.0.gcno
Processing sitl/libraries/AP_Baro/AP_Baro_DroneCAN.cpp.0.gcno
Processing sitl/libraries/AP_Baro/AP_Baro_BMP280.cpp.0.gcno
Processing sitl/libraries/AP_Baro/AP_Baro.cpp.1.gcno
Processing sitl/libraries/AP_RCProtocol/AP_RCProtocol.cpp.5.gcno
Processing sitl/libraries/AP_RCProtocol/AP_RCProtocol.cpp.4.gcno
Processing sitl/libraries/AP_RCProtocol/AP_RCProtocol_UDP.cpp.3.gcno
Processing sitl/libraries/AP_RCProtocol/AP_RCProtocol_UDP.cpp.6.gcno
Processing sitl/libraries/AP_RCProtocol/AP_RCProtocol_FPort.cpp.6.gcno
Processing sitl/libraries/AP_RCProtocol/AP_RCProtocol_CRSF.cpp.4.gcno
Processing sitl/libraries/AP_RCProtocol/AP_RCProtocol_FPort2.cpp.7.gcno
Processing sitl/libraries/AP_RCProtocol/AP_RCProtocol.cpp.1.gcno
Processing sitl/libraries/AP_RCProtocol/AP_RCProtocol_FPort.cpp.3.gcno
Processing sitl/libraries/AP_RCProtocol/AP_RCProtocol.cpp.2.gcno
Processing sitl/libraries/AP_RCProtocol/AP_RCProtocol_MAVLinkRadio.cpp.0.gcno
Processing sitl/libraries/AP_RCProtocol/AP_RCProtocol.cpp.3.gcno
Processing sitl/libraries/AP_RCProtocol/AP_RCProtocol.cpp.7.gcno
Processing sitl/libraries/AP_RCProtocol/AP_RCProtocol_GHST.cpp.4.gcno
Processing sitl/libraries/AP_RCProtocol/AP_RCProtocol_SRXL2.cpp.3.gcno
Processing sitl/libraries/AP_RCProtocol/AP_RCProtocol_CRSF.cpp.3.gcno
Processing sitl/libraries/AP_RCProtocol/AP_RCProtocol_CRSF.cpp.1.gcno
Processing sitl/libraries/AP_RCProtocol/AP_RCProtocol_CRSF.cpp.6.gcno
Processing sitl/libraries/AP_RCProtocol/AP_RCProtocol_FPort2.cpp.4.gcno
Processing sitl/libraries/AP_RCProtocol/AP_RCProtocol_IBUS.cpp.0.gcno
Processing sitl/libraries/AP_RCProtocol/AP_RCProtocol_CRSF.cpp.2.gcno
Processing sitl/libraries/AP_RCProtocol/AP_RCProtocol_FPort2.cpp.1.gcno
Processing sitl/libraries/AP_RCProtocol/AP_RCProtocol.cpp.6.gcno
Processing sitl/libraries/AP_RCProtocol/AP_RCProtocol_PPMSum.cpp.0.gcno
Processing sitl/libraries/AP_RCProtocol/AP_RCProtocol_Backend.cpp.0.gcno
Processing sitl/libraries/AP_RCProtocol/AP_RCProtocol_UDP.cpp.5.gcno
Processing sitl/libraries/AP_RCProtocol/AP_RCProtocol_UDP.cpp.2.gcno
Processing sitl/libraries/AP_RCProtocol/AP_RCProtocol_GHST.cpp.1.gcno
Processing sitl/libraries/AP_RCProtocol/AP_RCProtocol_FPort.cpp.5.gcno
Processing sitl/libraries/AP_RCProtocol/AP_RCProtocol_FPort2.cpp.5.gcno
Processing sitl/libraries/AP_RCProtocol/AP_RCProtocol_CRSF.cpp.7.gcno
Processing sitl/libraries/AP_RCProtocol/AP_RCProtocol_GHST.cpp.5.gcno
Processing sitl/libraries/AP_RCProtocol/AP_RCProtocol_FPort.cpp.4.gcno
Processing sitl/libraries/AP_RCProtocol/AP_RCProtocol_SRXL2.cpp.6.gcno
Processing sitl/libraries/AP_RCProtocol/AP_RCProtocol_SRXL2.cpp.2.gcno
Processing sitl/libraries/AP_RCProtocol/AP_RCProtocol_SRXL2.cpp.7.gcno
Processing sitl/libraries/AP_RCProtocol/AP_RCProtocol_SRXL2.cpp.4.gcno
Processing sitl/libraries/AP_RCProtocol/tests/test_sbus.cpp.1.gcno
Processing sitl/libraries/AP_RCProtocol/AP_RCProtocol_FPort2.cpp.2.gcno
Processing sitl/libraries/AP_RCProtocol/AP_RCProtocol_SRXL2.cpp.5.gcno
Processing sitl/libraries/AP_RCProtocol/AP_RCProtocol_DroneCAN.cpp.0.gcno
Processing sitl/libraries/AP_RCProtocol/AP_RCProtocol_SBUS.cpp.0.gcno
Processing sitl/libraries/AP_RCProtocol/AP_RCProtocol_FPort.cpp.1.gcno
Processing sitl/libraries/AP_RCProtocol/AP_RCProtocol_IOMCU.cpp.0.gcno
/media/tihan/pavan/kala/build/sitl/libraries/AP_RCProtocol/AP_RCProtocol_IOMCU.cpp.0.gcno:no functions found
geninfo: WARNING: GCOV did not produce any data for /media/tihan/pavan/kala/build/sitl/libraries/AP_RCProtocol/AP_RCProtocol_IOMCU.cpp.0.gcno
Processing sitl/libraries/AP_RCProtocol/AP_RCProtocol_GHST.cpp.3.gcno
Processing sitl/libraries/AP_RCProtocol/AP_RCProtocol_FDM.cpp.0.gcno
Processing sitl/libraries/AP_RCProtocol/AP_RCProtocol_UDP.cpp.1.gcno
Processing sitl/libraries/AP_RCProtocol/AP_RCProtocol_Emlid_RCIO.cpp.0.gcno
/media/tihan/pavan/kala/build/sitl/libraries/AP_RCProtocol/AP_RCProtocol_Emlid_RCIO.cpp.0.gcno:no functions found
geninfo: WARNING: GCOV did not produce any data for /media/tihan/pavan/kala/build/sitl/libraries/AP_RCProtocol/AP_RCProtocol_Emlid_RCIO.cpp.0.gcno
Processing sitl/libraries/AP_RCProtocol/AP_RCProtocol_CRSF.cpp.5.gcno
Processing sitl/libraries/AP_RCProtocol/AP_RCProtocol_SRXL.cpp.0.gcno
Processing sitl/libraries/AP_RCProtocol/AP_RCProtocol_UDP.cpp.7.gcno
Processing sitl/libraries/AP_RCProtocol/AP_RCProtocol_SRXL2.cpp.1.gcno
Processing sitl/libraries/AP_RCProtocol/AP_RCProtocol_UDP.cpp.4.gcno
Processing sitl/libraries/AP_RCProtocol/AP_RCProtocol_ST24.cpp.0.gcno
Processing sitl/libraries/AP_RCProtocol/AP_RCProtocol_Joystick_SFML.cpp.0.gcno
/media/tihan/pavan/kala/build/sitl/libraries/AP_RCProtocol/AP_RCProtocol_Joystick_SFML.cpp.0.gcno:no functions found
geninfo: WARNING: GCOV did not produce any data for /media/tihan/pavan/kala/build/sitl/libraries/AP_RCProtocol/AP_RCProtocol_Joystick_SFML.cpp.0.gcno
Processing sitl/libraries/AP_RCProtocol/AP_RCProtocol_DSM.cpp.0.gcno
Processing sitl/libraries/AP_RCProtocol/AP_RCProtocol_Radio.cpp.0.gcno
/media/tihan/pavan/kala/build/sitl/libraries/AP_RCProtocol/AP_RCProtocol_Radio.cpp.0.gcno:no functions found
geninfo: WARNING: GCOV did not produce any data for /media/tihan/pavan/kala/build/sitl/libraries/AP_RCProtocol/AP_RCProtocol_Radio.cpp.0.gcno
Processing sitl/libraries/AP_RCProtocol/AP_RCProtocol_FPort2.cpp.3.gcno
Processing sitl/libraries/AP_RCProtocol/AP_RCProtocol_FPort.cpp.7.gcno
Processing sitl/libraries/AP_RCProtocol/AP_RCProtocol_GHST.cpp.2.gcno
Processing sitl/libraries/AP_RCProtocol/AP_RCProtocol_GHST.cpp.7.gcno
Processing sitl/libraries/AP_RCProtocol/AP_RCProtocol_FPort2.cpp.6.gcno
Processing sitl/libraries/AP_RCProtocol/spm_srxl.cpp.0.gcno
Processing sitl/libraries/AP_RCProtocol/AP_RCProtocol_SUMD.cpp.0.gcno
Processing sitl/libraries/AP_RCProtocol/AP_RCProtocol_FPort.cpp.2.gcno
Processing sitl/libraries/AP_RCProtocol/SoftSerial.cpp.0.gcno
Processing sitl/libraries/AP_RCProtocol/AP_RCProtocol_GHST.cpp.6.gcno
Processing sitl/libraries/AP_SmartRTL/AP_SmartRTL.cpp.0.gcno
Processing sitl/libraries/AP_ADC/AP_ADC_ADS1115.cpp.0.gcno
Processing sitl/libraries/AP_JSON/AP_JSON.cpp.0.gcno
Processing sitl/libraries/AP_VisualOdom/AP_VisualOdom.cpp.0.gcno
Processing sitl/libraries/AP_VisualOdom/AP_VisualOdom_Backend.cpp.0.gcno
Processing sitl/libraries/AP_VisualOdom/AP_VisualOdom_IntelT265.cpp.0.gcno
Processing sitl/libraries/AP_VisualOdom/AP_VisualOdom_MAV.cpp.0.gcno
Processing sitl/libraries/AP_VisualOdom/AP_VisualOdom_Logging.cpp.0.gcno
Processing sitl/libraries/AP_AIS/AP_AIS.cpp.4.gcno
Processing sitl/libraries/AP_AIS/AP_AIS.cpp.6.gcno
Processing sitl/libraries/AP_AIS/AP_AIS.cpp.1.gcno
Processing sitl/libraries/AP_AIS/AP_AIS.cpp.3.gcno
Processing sitl/libraries/AP_AIS/AP_AIS.cpp.2.gcno
Processing sitl/libraries/AP_AIS/AP_AIS.cpp.7.gcno
Processing sitl/libraries/AP_AIS/AP_AIS.cpp.5.gcno
Processing sitl/libraries/APM_Control/AR_AttitudeControl.cpp.0.gcno
Processing sitl/libraries/APM_Control/AP_RollController.cpp.0.gcno
Processing sitl/libraries/APM_Control/AP_PitchController.cpp.0.gcno
Processing sitl/libraries/APM_Control/AR_PosControl.cpp.0.gcno
Processing sitl/libraries/APM_Control/AP_YawController.cpp.0.gcno
Processing sitl/libraries/APM_Control/AP_AutoTune.cpp.0.gcno
Processing sitl/libraries/APM_Control/AP_FW_Controller.cpp.0.gcno
Processing sitl/libraries/APM_Control/AP_SteerController.cpp.0.gcno
Processing sitl/libraries/AP_SerialLED/AP_SerialLED.cpp.0.gcno
Processing sitl/libraries/AP_InertialNav/AP_InertialNav.cpp.0.gcno
Processing sitl/libraries/AC_Autorotation/AC_Autorotation.cpp.0.gcno
Processing sitl/libraries/AC_Autorotation/RSC_Autorotation.cpp.0.gcno
Processing sitl/libraries/SRV_Channel/SRV_Channel_aux.cpp.0.gcno
Processing sitl/libraries/SRV_Channel/SRV_Channel.cpp.0.gcno
Processing sitl/libraries/SRV_Channel/SRV_Channels.cpp.0.gcno
Processing sitl/libraries/AP_OSD/AP_OSD_Screen.cpp.2.gcno
Processing sitl/libraries/AP_OSD/AP_OSD_MSP.cpp.0.gcno
Processing sitl/libraries/AP_OSD/AP_OSD_Screen.cpp.7.gcno
Processing sitl/libraries/AP_OSD/AP_OSD_Screen.cpp.1.gcno
Processing sitl/libraries/AP_OSD/AP_OSD_ParamSetting.cpp.1.gcno
Processing sitl/libraries/AP_OSD/AP_OSD_Backend.cpp.0.gcno
Processing sitl/libraries/AP_OSD/AP_OSD_ParamSetting.cpp.7.gcno
Processing sitl/libraries/AP_OSD/AP_OSD_ParamSetting.cpp.3.gcno
Processing sitl/libraries/AP_OSD/AP_OSD_ParamSetting.cpp.6.gcno
Processing sitl/libraries/AP_OSD/AP_OSD_ParamSetting.cpp.2.gcno
Processing sitl/libraries/AP_OSD/AP_OSD_ParamScreen.cpp.4.gcno
Processing sitl/libraries/AP_OSD/AP_OSD_ParamScreen.cpp.5.gcno
Processing sitl/libraries/AP_OSD/AP_OSD_ParamScreen.cpp.2.gcno
Processing sitl/libraries/AP_OSD/AP_OSD_Setting.cpp.0.gcno
Processing sitl/libraries/AP_OSD/AP_OSD_Screen.cpp.5.gcno
Processing sitl/libraries/AP_OSD/AP_OSD_ParamSetting.cpp.5.gcno
Processing sitl/libraries/AP_OSD/AP_OSD.cpp.0.gcno
Processing sitl/libraries/AP_OSD/AP_OSD_SITL.cpp.0.gcno
/media/tihan/pavan/kala/build/sitl/libraries/AP_OSD/AP_OSD_SITL.cpp.0.gcno:no functions found
geninfo: WARNING: GCOV did not produce any data for /media/tihan/pavan/kala/build/sitl/libraries/AP_OSD/AP_OSD_SITL.cpp.0.gcno
Processing sitl/libraries/AP_OSD/AP_OSD_Screen.cpp.3.gcno
Processing sitl/libraries/AP_OSD/AP_OSD_ParamScreen.cpp.6.gcno
Processing sitl/libraries/AP_OSD/AP_OSD_ParamScreen.cpp.3.gcno
Processing sitl/libraries/AP_OSD/AP_OSD_ParamSetting.cpp.4.gcno
Processing sitl/libraries/AP_OSD/AP_OSD_ParamScreen.cpp.7.gcno
Processing sitl/libraries/AP_OSD/AP_OSD_ParamScreen.cpp.1.gcno
Processing sitl/libraries/AP_OSD/AP_OSD_Screen.cpp.4.gcno
Processing sitl/libraries/AP_OSD/AP_OSD_MSP_DisplayPort.cpp.0.gcno
Processing sitl/libraries/AP_OSD/AP_OSD_MAX7456.cpp.0.gcno
/media/tihan/pavan/kala/build/sitl/libraries/AP_OSD/AP_OSD_MAX7456.cpp.0.gcno:no functions found
geninfo: WARNING: GCOV did not produce any data for /media/tihan/pavan/kala/build/sitl/libraries/AP_OSD/AP_OSD_MAX7456.cpp.0.gcno
Processing sitl/libraries/AP_OSD/AP_OSD_Screen.cpp.6.gcno
Processing sitl/libraries/AP_ROMFS/tinflate.cpp.0.gcno
Processing sitl/libraries/AP_ROMFS/AP_ROMFS.cpp.0.gcno
Processing sitl/libraries/AP_AHRS/AP_AHRS_Backend.cpp.3.gcno
Processing sitl/libraries/AP_AHRS/AP_AHRS.cpp.6.gcno
Processing sitl/libraries/AP_AHRS/AP_AHRS.cpp.5.gcno
Processing sitl/libraries/AP_AHRS/AP_AHRS_Backend.cpp.5.gcno
Processing sitl/libraries/AP_AHRS/AP_AHRS.cpp.2.gcno
Processing sitl/libraries/AP_AHRS/AP_AHRS_DCM.cpp.1.gcno
Processing sitl/libraries/AP_AHRS/AP_AHRS_Backend.cpp.1.gcno
Processing sitl/libraries/AP_AHRS/AP_AHRS.cpp.3.gcno
Processing sitl/libraries/AP_AHRS/AP_AHRS_DCM.cpp.7.gcno
Processing sitl/libraries/AP_AHRS/AP_AHRS_DCM.cpp.3.gcno
Processing sitl/libraries/AP_AHRS/AP_AHRS_DCM.cpp.2.gcno
Processing sitl/libraries/AP_AHRS/AP_AHRS.cpp.1.gcno
Processing sitl/libraries/AP_AHRS/AP_AHRS_DCM.cpp.4.gcno
Processing sitl/libraries/AP_AHRS/AP_AHRS_View.cpp.0.gcno
Processing sitl/libraries/AP_AHRS/AP_AHRS.cpp.7.gcno
Processing sitl/libraries/AP_AHRS/AP_AHRS_Logging.cpp.0.gcno
Processing sitl/libraries/AP_AHRS/AP_AHRS_External.cpp.0.gcno
Processing sitl/libraries/AP_AHRS/AP_AHRS_Backend.cpp.6.gcno
Processing sitl/libraries/AP_AHRS/AP_AHRS.cpp.4.gcno
Processing sitl/libraries/AP_AHRS/AP_AHRS_DCM.cpp.6.gcno
Processing sitl/libraries/AP_AHRS/AP_AHRS_Backend.cpp.2.gcno
Processing sitl/libraries/AP_AHRS/AP_AHRS_DCM.cpp.5.gcno
Processing sitl/libraries/AP_AHRS/AP_AHRS_Backend.cpp.4.gcno
Processing sitl/libraries/AP_AHRS/AP_AHRS_Backend.cpp.7.gcno
Processing sitl/libraries/AP_AHRS/AP_AHRS_SIM.cpp.0.gcno
Processing sitl/libraries/AP_LandingGear/AP_LandingGear.cpp.3.gcno
Processing sitl/libraries/AP_LandingGear/AP_LandingGear.cpp.6.gcno
Processing sitl/libraries/AP_LandingGear/AP_LandingGear.cpp.1.gcno
/media/tihan/pavan/kala/build/sitl/libraries/AP_LandingGear/AP_LandingGear.cpp.1.gcno:no functions found
geninfo: WARNING: GCOV did not produce any data for /media/tihan/pavan/kala/build/sitl/libraries/AP_LandingGear/AP_LandingGear.cpp.1.gcno
Processing sitl/libraries/AP_LandingGear/AP_LandingGear.cpp.5.gcno
/media/tihan/pavan/kala/build/sitl/libraries/AP_LandingGear/AP_LandingGear.cpp.5.gcno:no functions found
geninfo: WARNING: GCOV did not produce any data for /media/tihan/pavan/kala/build/sitl/libraries/AP_LandingGear/AP_LandingGear.cpp.5.gcno
Processing sitl/libraries/AP_LandingGear/AP_LandingGear.cpp.2.gcno
/media/tihan/pavan/kala/build/sitl/libraries/AP_LandingGear/AP_LandingGear.cpp.2.gcno:no functions found
geninfo: WARNING: GCOV did not produce any data for /media/tihan/pavan/kala/build/sitl/libraries/AP_LandingGear/AP_LandingGear.cpp.2.gcno
Processing sitl/libraries/AP_LandingGear/AP_LandingGear.cpp.7.gcno
/media/tihan/pavan/kala/build/sitl/libraries/AP_LandingGear/AP_LandingGear.cpp.7.gcno:no functions found
geninfo: WARNING: GCOV did not produce any data for /media/tihan/pavan/kala/build/sitl/libraries/AP_LandingGear/AP_LandingGear.cpp.7.gcno
Processing sitl/libraries/AP_LandingGear/AP_LandingGear.cpp.4.gcno
/media/tihan/pavan/kala/build/sitl/libraries/AP_LandingGear/AP_LandingGear.cpp.4.gcno:no functions found
geninfo: WARNING: GCOV did not produce any data for /media/tihan/pavan/kala/build/sitl/libraries/AP_LandingGear/AP_LandingGear.cpp.4.gcno
Processing sitl/libraries/AP_CustomRotations/AP_CustomRotations_params.cpp.0.gcno
Processing sitl/libraries/AP_CustomRotations/AP_CustomRotations.cpp.0.gcno
Processing sitl/libraries/AP_Camera/AP_Camera_SoloGimbal.cpp.0.gcno
Processing sitl/libraries/AP_Camera/AP_Camera_Backend.cpp.0.gcno
Processing sitl/libraries/AP_Camera/AP_Camera_MAVLinkCamV2.cpp.0.gcno
Processing sitl/libraries/AP_Camera/AP_Camera_Relay.cpp.0.gcno
Processing sitl/libraries/AP_Camera/AP_Camera_MAVLink.cpp.0.gcno
Processing sitl/libraries/AP_Camera/AP_Camera.cpp.0.gcno
Processing sitl/libraries/AP_Camera/AP_Camera_Servo.cpp.0.gcno
Processing sitl/libraries/AP_Camera/AP_Camera_Logging.cpp.0.gcno
Processing sitl/libraries/AP_Camera/AP_Camera_Params.cpp.0.gcno
Processing sitl/libraries/AP_Camera/AP_Camera_Scripting.cpp.0.gcno
Processing sitl/libraries/AP_Camera/AP_RunCam.cpp.0.gcno
Processing sitl/libraries/AP_Camera/AP_Camera_Mount.cpp.0.gcno
Processing sitl/libraries/AP_VideoTX/AP_SmartAudio.cpp.0.gcno
Processing sitl/libraries/AP_VideoTX/AP_Tramp.cpp.0.gcno
Processing sitl/libraries/AP_VideoTX/AP_VideoTX.cpp.0.gcno
Processing sitl/libraries/AP_Terrain/AP_Terrain.cpp.6.gcno
Processing sitl/libraries/AP_Terrain/AP_Terrain.cpp.3.gcno
Processing sitl/libraries/AP_Terrain/TerrainUtil.cpp.0.gcno
Processing sitl/libraries/AP_Terrain/AP_Terrain.cpp.2.gcno
Processing sitl/libraries/AP_Terrain/AP_Terrain.cpp.4.gcno
Processing sitl/libraries/AP_Terrain/AP_Terrain.cpp.7.gcno
Processing sitl/libraries/AP_Terrain/AP_Terrain.cpp.1.gcno
Processing sitl/libraries/AP_Terrain/TerrainMission.cpp.0.gcno
Processing sitl/libraries/AP_Terrain/TerrainGCS.cpp.0.gcno
Processing sitl/libraries/AP_Terrain/TerrainIO.cpp.0.gcno
Processing sitl/libraries/AP_Terrain/AP_Terrain.cpp.5.gcno
Processing sitl/libraries/AC_AttitudeControl/AC_CommandModel.cpp.0.gcno
Processing sitl/libraries/AC_AttitudeControl/AC_AttitudeControl_Multi.cpp.0.gcno
Processing sitl/libraries/AC_AttitudeControl/AC_WeatherVane.cpp.6.gcno
Processing sitl/libraries/AC_AttitudeControl/AC_PosControl_Logging.cpp.0.gcno
Processing sitl/libraries/AC_AttitudeControl/AC_PosControl.cpp.6.gcno
Processing sitl/libraries/AC_AttitudeControl/AC_AttitudeControl_TS.cpp.0.gcno
Processing sitl/libraries/AC_AttitudeControl/AC_PosControl.cpp.7.gcno
Processing sitl/libraries/AC_AttitudeControl/AC_WeatherVane.cpp.4.gcno
Processing sitl/libraries/AC_AttitudeControl/AC_AttitudeControl.cpp.6.gcno
Processing sitl/libraries/AC_AttitudeControl/AC_PosControl.cpp.4.gcno
Processing sitl/libraries/AC_AttitudeControl/AC_WeatherVane.cpp.1.gcno
Processing sitl/libraries/AC_AttitudeControl/AC_PosControl.cpp.5.gcno
Processing sitl/libraries/AC_AttitudeControl/AC_AttitudeControl_Logging.cpp.0.gcno
Processing sitl/libraries/AC_AttitudeControl/AC_AttitudeControl.cpp.7.gcno
Processing sitl/libraries/AC_AttitudeControl/AC_AttitudeControl.cpp.3.gcno
Processing sitl/libraries/AC_AttitudeControl/AC_WeatherVane.cpp.7.gcno
Processing sitl/libraries/AC_AttitudeControl/AC_WeatherVane.cpp.3.gcno
Processing sitl/libraries/AC_AttitudeControl/AC_AttitudeControl_Sub.cpp.0.gcno
Processing sitl/libraries/AC_AttitudeControl/AC_AttitudeControl.cpp.5.gcno
Processing sitl/libraries/AC_AttitudeControl/AC_PosControl.cpp.3.gcno
Processing sitl/libraries/AC_AttitudeControl/AC_AttitudeControl.cpp.1.gcno
Processing sitl/libraries/AC_AttitudeControl/AC_AttitudeControl_Multi_6DoF.cpp.0.gcno
Processing sitl/libraries/AC_AttitudeControl/AC_AttitudeControl_Heli.cpp.0.gcno
Processing sitl/libraries/AC_AttitudeControl/AC_AttitudeControl.cpp.4.gcno
Processing sitl/libraries/AC_AttitudeControl/AC_PosControl.cpp.1.gcno
Processing sitl/libraries/AC_AttitudeControl/AC_WeatherVane.cpp.5.gcno
Processing sitl/libraries/AP_ONVIF/AP_ONVIF.cpp.0.gcno
/media/tihan/pavan/kala/build/sitl/libraries/AP_ONVIF/AP_ONVIF.cpp.0.gcno:no functions found
geninfo: WARNING: GCOV did not produce any data for /media/tihan/pavan/kala/build/sitl/libraries/AP_ONVIF/AP_ONVIF.cpp.0.gcno
Processing sitl/libraries/AP_ONVIF/base64.cpp.0.gcno
Processing sitl/libraries/AP_ONVIF/sha1.cpp.0.gcno
Processing sitl/libraries/AP_EFI/AP_EFI_DroneCAN.cpp.0.gcno
Processing sitl/libraries/AP_EFI/AP_EFI_Currawong_ECU.cpp.0.gcno
Processing sitl/libraries/AP_EFI/AP_EFI_Serial_Hirth.cpp.0.gcno
Processing sitl/libraries/AP_EFI/AP_EFI_Scripting.cpp.0.gcno
Processing sitl/libraries/AP_EFI/AP_EFI_MAV.cpp.0.gcno
Processing sitl/libraries/AP_EFI/AP_EFI.cpp.0.gcno
Processing sitl/libraries/AP_EFI/AP_EFI_Serial_MS.cpp.0.gcno
Processing sitl/libraries/AP_EFI/AP_EFI_Serial_Lutan.cpp.0.gcno
Processing sitl/libraries/AP_EFI/AP_EFI_Backend.cpp.0.gcno
Processing sitl/libraries/AP_EFI/AP_EFI_ThrottleLinearisation.cpp.0.gcno
Processing sitl/libraries/AP_EFI/AP_EFI_Loweheiser.cpp.0.gcno
Processing sitl/libraries/AP_EFI/AP_EFI_NWPMU.cpp.0.gcno
Processing sitl/libraries/AP_Soaring/Variometer.cpp.0.gcno
Processing sitl/libraries/AP_Soaring/SpeedToFly.cpp.0.gcno
Processing sitl/libraries/AP_Soaring/AP_Soaring.cpp.0.gcno
Processing sitl/libraries/AP_Soaring/ExtendedKalmanFilter.cpp.0.gcno
Processing sitl/libraries/AP_IOMCU/fw_uploader.cpp.0.gcno
/media/tihan/pavan/kala/build/sitl/libraries/AP_IOMCU/fw_uploader.cpp.0.gcno:no functions found
geninfo: WARNING: GCOV did not produce any data for /media/tihan/pavan/kala/build/sitl/libraries/AP_IOMCU/fw_uploader.cpp.0.gcno
Processing sitl/libraries/AP_IOMCU/AP_IOMCU.cpp.0.gcno
/media/tihan/pavan/kala/build/sitl/libraries/AP_IOMCU/AP_IOMCU.cpp.0.gcno:no functions found
geninfo: WARNING: GCOV did not produce any data for /media/tihan/pavan/kala/build/sitl/libraries/AP_IOMCU/AP_IOMCU.cpp.0.gcno
Processing sitl/libraries/AP_RTC/AP_RTC.cpp.0.gcno
Processing sitl/libraries/AP_RTC/JitterCorrection.cpp.0.gcno
Processing sitl/libraries/AP_ESC_Telem/AP_ESC_Telem_Backend.cpp.2.gcno
Processing sitl/libraries/AP_ESC_Telem/AP_ESC_Telem_Backend.cpp.7.gcno
Processing sitl/libraries/AP_ESC_Telem/AP_ESC_Telem_Backend.cpp.4.gcno
Processing sitl/libraries/AP_ESC_Telem/AP_ESC_Telem_Backend.cpp.3.gcno
Processing sitl/libraries/AP_ESC_Telem/AP_ESC_Telem.cpp.0.gcno
Processing sitl/libraries/AP_ESC_Telem/AP_ESC_Telem_Backend.cpp.1.gcno
Processing sitl/libraries/AP_ESC_Telem/AP_ESC_Telem_Backend.cpp.6.gcno
Processing sitl/libraries/AP_ESC_Telem/AP_ESC_Telem_SITL.cpp.0.gcno
Processing sitl/libraries/AP_ESC_Telem/AP_ESC_Telem_Backend.cpp.5.gcno
Processing sitl/libraries/AP_BLHeli/AP_BLHeli.cpp.1.gcno
/media/tihan/pavan/kala/build/sitl/libraries/AP_BLHeli/AP_BLHeli.cpp.1.gcno:no functions found
geninfo: WARNING: GCOV did not produce any data for /media/tihan/pavan/kala/build/sitl/libraries/AP_BLHeli/AP_BLHeli.cpp.1.gcno
Processing sitl/libraries/AP_BLHeli/AP_BLHeli.cpp.7.gcno
/media/tihan/pavan/kala/build/sitl/libraries/AP_BLHeli/AP_BLHeli.cpp.7.gcno:no functions found
geninfo: WARNING: GCOV did not produce any data for /media/tihan/pavan/kala/build/sitl/libraries/AP_BLHeli/AP_BLHeli.cpp.7.gcno
Processing sitl/libraries/AP_BLHeli/AP_BLHeli.cpp.3.gcno
/media/tihan/pavan/kala/build/sitl/libraries/AP_BLHeli/AP_BLHeli.cpp.3.gcno:no functions found
geninfo: WARNING: GCOV did not produce any data for /media/tihan/pavan/kala/build/sitl/libraries/AP_BLHeli/AP_BLHeli.cpp.3.gcno
Processing sitl/libraries/AP_BLHeli/AP_BLHeli.cpp.6.gcno
/media/tihan/pavan/kala/build/sitl/libraries/AP_BLHeli/AP_BLHeli.cpp.6.gcno:no functions found
geninfo: WARNING: GCOV did not produce any data for /media/tihan/pavan/kala/build/sitl/libraries/AP_BLHeli/AP_BLHeli.cpp.6.gcno
Processing sitl/libraries/AP_BLHeli/AP_BLHeli.cpp.5.gcno
/media/tihan/pavan/kala/build/sitl/libraries/AP_BLHeli/AP_BLHeli.cpp.5.gcno:no functions found
geninfo: WARNING: GCOV did not produce any data for /media/tihan/pavan/kala/build/sitl/libraries/AP_BLHeli/AP_BLHeli.cpp.5.gcno
Processing sitl/libraries/AP_BLHeli/AP_BLHeli.cpp.2.gcno
/media/tihan/pavan/kala/build/sitl/libraries/AP_BLHeli/AP_BLHeli.cpp.2.gcno:no functions found
geninfo: WARNING: GCOV did not produce any data for /media/tihan/pavan/kala/build/sitl/libraries/AP_BLHeli/AP_BLHeli.cpp.2.gcno
Processing sitl/libraries/AP_BLHeli/AP_BLHeli.cpp.4.gcno
/media/tihan/pavan/kala/build/sitl/libraries/AP_BLHeli/AP_BLHeli.cpp.4.gcno:no functions found
geninfo: WARNING: GCOV did not produce any data for /media/tihan/pavan/kala/build/sitl/libraries/AP_BLHeli/AP_BLHeli.cpp.4.gcno
Processing sitl/libraries/AP_NMEA_Output/AP_NMEA_Output.cpp.0.gcno
Processing sitl/libraries/AP_Mission/AP_Mission.cpp.5.gcno
Processing sitl/libraries/AP_Mission/AP_Mission.cpp.6.gcno
Processing sitl/libraries/AP_Mission/AP_Mission_Commands.cpp.0.gcno
Processing sitl/libraries/AP_Mission/AP_Mission_ChangeDetector.cpp.0.gcno
Processing sitl/libraries/AP_Mission/AP_Mission.cpp.7.gcno
Processing sitl/libraries/AP_Mission/AP_Mission.cpp.4.gcno
Processing sitl/libraries/AP_Mission/AP_Mission.cpp.1.gcno
Processing sitl/libraries/AP_Mission/AP_Mission.cpp.3.gcno
Processing sitl/libraries/AP_Mission/AP_Mission.cpp.2.gcno
Processing sitl/libraries/AP_DDS/AP_DDS_ExternalControl.cpp.0.gcno
/media/tihan/pavan/kala/build/sitl/libraries/AP_DDS/AP_DDS_ExternalControl.cpp.0.gcno:no functions found
geninfo: WARNING: GCOV did not produce any data for /media/tihan/pavan/kala/build/sitl/libraries/AP_DDS/AP_DDS_ExternalControl.cpp.0.gcno
Processing sitl/libraries/AP_DDS/AP_DDS_Client.cpp.0.gcno
/media/tihan/pavan/kala/build/sitl/libraries/AP_DDS/AP_DDS_Client.cpp.0.gcno:no functions found
geninfo: WARNING: GCOV did not produce any data for /media/tihan/pavan/kala/build/sitl/libraries/AP_DDS/AP_DDS_Client.cpp.0.gcno
Processing sitl/libraries/AP_DDS/AP_DDS_External_Odom.cpp.0.gcno
/media/tihan/pavan/kala/build/sitl/libraries/AP_DDS/AP_DDS_External_Odom.cpp.0.gcno:no functions found
geninfo: WARNING: GCOV did not produce any data for /media/tihan/pavan/kala/build/sitl/libraries/AP_DDS/AP_DDS_External_Odom.cpp.0.gcno
Processing sitl/libraries/AP_DDS/AP_DDS_Serial.cpp.0.gcno
/media/tihan/pavan/kala/build/sitl/libraries/AP_DDS/AP_DDS_Serial.cpp.0.gcno:no functions found
geninfo: WARNING: GCOV did not produce any data for /media/tihan/pavan/kala/build/sitl/libraries/AP_DDS/AP_DDS_Serial.cpp.0.gcno
Processing sitl/libraries/AP_DDS/AP_DDS_UDP.cpp.0.gcno
/media/tihan/pavan/kala/build/sitl/libraries/AP_DDS/AP_DDS_UDP.cpp.0.gcno:no functions found
geninfo: WARNING: GCOV did not produce any data for /media/tihan/pavan/kala/build/sitl/libraries/AP_DDS/AP_DDS_UDP.cpp.0.gcno
Processing sitl/libraries/AP_DDS/AP_DDS_Type_Conversions.cpp.0.gcno
/media/tihan/pavan/kala/build/sitl/libraries/AP_DDS/AP_DDS_Type_Conversions.cpp.0.gcno:no functions found
geninfo: WARNING: GCOV did not produce any data for /media/tihan/pavan/kala/build/sitl/libraries/AP_DDS/AP_DDS_Type_Conversions.cpp.0.gcno
Processing sitl/libraries/AP_CheckFirmware/monocypher.cpp.0.gcno
Processing sitl/libraries/AP_CheckFirmware/AP_CheckFirmware_secure_command.cpp.0.gcno
/media/tihan/pavan/kala/build/sitl/libraries/AP_CheckFirmware/AP_CheckFirmware_secure_command.cpp.0.gcno:no functions found
geninfo: WARNING: GCOV did not produce any data for /media/tihan/pavan/kala/build/sitl/libraries/AP_CheckFirmware/AP_CheckFirmware_secure_command.cpp.0.gcno
Processing sitl/libraries/AP_CheckFirmware/AP_CheckFirmware.cpp.0.gcno
Processing sitl/libraries/AC_WPNav/AC_Loiter.cpp.1.gcno
Processing sitl/libraries/AC_WPNav/AC_WPNav_OA.cpp.0.gcno
Processing sitl/libraries/AC_WPNav/AC_Circle.cpp.0.gcno
Processing sitl/libraries/AC_WPNav/AC_Loiter.cpp.4.gcno
Processing sitl/libraries/AC_WPNav/AC_WPNav.cpp.0.gcno
Processing sitl/libraries/AC_WPNav/AC_Loiter.cpp.3.gcno
Processing sitl/libraries/AC_WPNav/AC_Loiter.cpp.6.gcno
Processing sitl/libraries/AP_GPS/AP_GPS_UBLOX.cpp.0.gcno
Processing sitl/libraries/AP_GPS/AP_GPS_SBF.cpp.0.gcno
Processing sitl/libraries/AP_GPS/GPS_Backend.cpp.0.gcno
Processing sitl/libraries/AP_GPS/AP_GPS_Blended.cpp.0.gcno
Processing sitl/libraries/AP_GPS/AP_GPS_SITL.cpp.0.gcno
Processing sitl/libraries/AP_GPS/AP_GPS_MAV.cpp.0.gcno
Processing sitl/libraries/AP_GPS/AP_GPS_ExternalAHRS.cpp.0.gcno
Processing sitl/libraries/AP_GPS/AP_GPS_SBP.cpp.0.gcno
Processing sitl/libraries/AP_GPS/AP_GPS_ERB.cpp.0.gcno
Processing sitl/libraries/AP_GPS/tests/test_gps.cpp.1.gcno
Processing sitl/libraries/AP_GPS/RTCM3_Parser.cpp.0.gcno
Processing sitl/libraries/AP_GPS/AP_GPS_GSOF.cpp.0.gcno
Processing sitl/libraries/AP_GPS/AP_GPS_Params.cpp.0.gcno
Processing sitl/libraries/AP_GPS/AP_GPS_SBP2.cpp.0.gcno
Processing sitl/libraries/AP_GPS/AP_GPS_DroneCAN.cpp.0.gcno
Processing sitl/libraries/AP_GPS/MovingBase.cpp.0.gcno
Processing sitl/libraries/AP_GPS/AP_GPS_NOVA.cpp.0.gcno
Processing sitl/libraries/AP_GPS/AP_GPS_NMEA.cpp.0.gcno
Processing sitl/libraries/AP_GPS/AP_GPS_MSP.cpp.0.gcno
Processing sitl/libraries/AP_GPS/AP_GPS_SIRF.cpp.0.gcno
Processing sitl/libraries/AP_GPS/AP_GPS.cpp.0.gcno
Processing sitl/libraries/AP_NavEKF3/AP_NavEKF3_Measurements.cpp.7.gcno
Processing sitl/libraries/AP_NavEKF3/AP_NavEKF3_Logging.cpp.6.gcno
Processing sitl/libraries/AP_NavEKF3/AP_NavEKF3_Control.cpp.7.gcno
Processing sitl/libraries/AP_NavEKF3/AP_NavEKF3_Outputs.cpp.1.gcno
Processing sitl/libraries/AP_NavEKF3/AP_NavEKF3_GyroBias.cpp.6.gcno
Processing sitl/libraries/AP_NavEKF3/AP_NavEKF3_OptFlowFusion.cpp.2.gcno
Processing sitl/libraries/AP_NavEKF3/AP_NavEKF3_RngBcnFusion.cpp.1.gcno
Processing sitl/libraries/AP_NavEKF3/AP_NavEKF3_RngBcnFusion.cpp.3.gcno
Processing sitl/libraries/AP_NavEKF3/AP_NavEKF3_GyroBias.cpp.2.gcno
Processing sitl/libraries/AP_NavEKF3/AP_NavEKF3.cpp.4.gcno
Processing sitl/libraries/AP_NavEKF3/AP_NavEKF3_RngBcnFusion.cpp.4.gcno
Processing sitl/libraries/AP_NavEKF3/AP_NavEKF3_OptFlowFusion.cpp.7.gcno
Processing sitl/libraries/AP_NavEKF3/AP_NavEKF3_Measurements.cpp.6.gcno
Processing sitl/libraries/AP_NavEKF3/AP_NavEKF3_Outputs.cpp.6.gcno
Processing sitl/libraries/AP_NavEKF3/AP_NavEKF3.cpp.2.gcno
Processing sitl/libraries/AP_NavEKF3/AP_NavEKF3_PosVelFusion.cpp.1.gcno
Processing sitl/libraries/AP_NavEKF3/AP_NavEKF3_GyroBias.cpp.1.gcno
Processing sitl/libraries/AP_NavEKF3/AP_NavEKF3_VehicleStatus.cpp.6.gcno
Processing sitl/libraries/AP_NavEKF3/AP_NavEKF3.cpp.6.gcno
Processing sitl/libraries/AP_NavEKF3/AP_NavEKF3_Control.cpp.6.gcno
Processing sitl/libraries/AP_NavEKF3/AP_NavEKF3_core.cpp.6.gcno
Processing sitl/libraries/AP_NavEKF3/AP_NavEKF3_AirDataFusion.cpp.2.gcno
Processing sitl/libraries/AP_NavEKF3/AP_NavEKF3_Control.cpp.4.gcno
Processing sitl/libraries/AP_NavEKF3/AP_NavEKF3_Control.cpp.3.gcno
Processing sitl/libraries/AP_NavEKF3/AP_NavEKF3.cpp.7.gcno
Processing sitl/libraries/AP_NavEKF3/AP_NavEKF3_GyroBias.cpp.5.gcno
Processing sitl/libraries/AP_NavEKF3/AP_NavEKF3_PosVelFusion.cpp.6.gcno
Processing sitl/libraries/AP_NavEKF3/AP_NavEKF3_OptFlowFusion.cpp.1.gcno
Processing sitl/libraries/AP_NavEKF3/AP_NavEKF3_GyroBias.cpp.3.gcno
Processing sitl/libraries/AP_NavEKF3/AP_NavEKF3_VehicleStatus.cpp.5.gcno
Processing sitl/libraries/AP_NavEKF3/AP_NavEKF3_AirDataFusion.cpp.5.gcno
Processing sitl/libraries/AP_NavEKF3/AP_NavEKF3_core.cpp.5.gcno
Processing sitl/libraries/AP_NavEKF3/AP_NavEKF3_MagFusion.cpp.6.gcno
Processing sitl/libraries/AP_NavEKF3/AP_NavEKF3_VehicleStatus.cpp.2.gcno
Processing sitl/libraries/AP_NavEKF3/AP_NavEKF3_Outputs.cpp.2.gcno
Processing sitl/libraries/AP_NavEKF3/AP_NavEKF3_Measurements.cpp.2.gcno
Processing sitl/libraries/AP_NavEKF3/AP_NavEKF3_RngBcnFusion.cpp.7.gcno
Processing sitl/libraries/AP_NavEKF3/AP_NavEKF3_OptFlowFusion.cpp.6.gcno
Processing sitl/libraries/AP_NavEKF3/AP_NavEKF3.cpp.5.gcno
Processing sitl/libraries/AP_NavEKF3/AP_NavEKF3_OptFlowFusion.cpp.5.gcno
Processing sitl/libraries/AP_NavEKF3/AP_NavEKF3_PosVelFusion.cpp.4.gcno
Processing sitl/libraries/AP_NavEKF3/AP_NavEKF3_core.cpp.7.gcno
Processing sitl/libraries/AP_NavEKF3/AP_NavEKF3_MagFusion.cpp.2.gcno
Processing sitl/libraries/AP_NavEKF3/AP_NavEKF3_Outputs.cpp.4.gcno
Processing sitl/libraries/AP_NavEKF3/AP_NavEKF3_PosVelFusion.cpp.2.gcno
Processing sitl/libraries/AP_NavEKF3/AP_NavEKF3_VehicleStatus.cpp.4.gcno
Processing sitl/libraries/AP_NavEKF3/AP_NavEKF3_core.cpp.2.gcno
Processing sitl/libraries/AP_NavEKF3/AP_NavEKF3.cpp.3.gcno
Processing sitl/libraries/AP_NavEKF3/AP_NavEKF3_Control.cpp.2.gcno
Processing sitl/libraries/AP_NavEKF3/AP_NavEKF3_Logging.cpp.2.gcno
Processing sitl/libraries/AP_NavEKF3/AP_NavEKF3.cpp.1.gcno
Processing sitl/libraries/AP_NavEKF3/AP_NavEKF3_AirDataFusion.cpp.6.gcno
Processing sitl/libraries/AP_NavEKF3/AP_NavEKF3_OptFlowFusion.cpp.3.gcno
Processing sitl/libraries/AP_NavEKF3/AP_NavEKF3_Logging.cpp.4.gcno
Processing sitl/libraries/AP_NavEKF3/AP_NavEKF3_core.cpp.1.gcno
Processing sitl/libraries/AP_NavEKF3/AP_NavEKF3_AirDataFusion.cpp.7.gcno
Processing sitl/libraries/AP_NavEKF3/AP_NavEKF3_VehicleStatus.cpp.7.gcno
Processing sitl/libraries/AP_NavEKF3/AP_NavEKF3_Measurements.cpp.5.gcno
Processing sitl/libraries/AP_NavEKF3/AP_NavEKF3_Measurements.cpp.3.gcno
Processing sitl/libraries/AP_NavEKF3/AP_NavEKF3_Control.cpp.5.gcno
Processing sitl/libraries/AP_NavEKF3/AP_NavEKF3_PosVelFusion.cpp.3.gcno
Processing sitl/libraries/AP_NavEKF3/AP_NavEKF3_RngBcnFusion.cpp.2.gcno
Processing sitl/libraries/AP_NavEKF3/AP_NavEKF3_AirDataFusion.cpp.1.gcno
Processing sitl/libraries/AP_NavEKF3/AP_NavEKF3_GyroBias.cpp.4.gcno
Processing sitl/libraries/AP_NavEKF3/AP_NavEKF3_RngBcnFusion.cpp.5.gcno
Processing sitl/libraries/AP_NavEKF3/AP_NavEKF3_RngBcnFusion.cpp.6.gcno
Processing sitl/libraries/AP_NavEKF3/AP_NavEKF3_GyroBias.cpp.7.gcno
Processing sitl/libraries/AP_NavEKF3/AP_NavEKF3_Outputs.cpp.5.gcno
Processing sitl/libraries/AP_NavEKF3/AP_NavEKF3_MagFusion.cpp.4.gcno
Processing sitl/libraries/AP_NavEKF3/AP_NavEKF3_core.cpp.4.gcno
Processing sitl/libraries/AP_NavEKF3/AP_NavEKF3_PosVelFusion.cpp.7.gcno
Processing sitl/libraries/AP_NavEKF3/AP_NavEKF3_OptFlowFusion.cpp.4.gcno
Processing sitl/libraries/AP_NavEKF3/AP_NavEKF3_MagFusion.cpp.1.gcno
Processing sitl/libraries/AP_NavEKF3/AP_NavEKF3_MagFusion.cpp.7.gcno
Processing sitl/libraries/AP_NavEKF3/AP_NavEKF3_AirDataFusion.cpp.4.gcno
Processing sitl/libraries/AP_NavEKF3/AP_NavEKF3_Logging.cpp.7.gcno
Processing sitl/libraries/AP_NavEKF3/AP_NavEKF3_Logging.cpp.5.gcno
Processing sitl/libraries/AP_NavEKF3/AP_NavEKF3_PosVelFusion.cpp.5.gcno
Processing sitl/libraries/AP_NavEKF3/AP_NavEKF3_core.cpp.3.gcno
Processing sitl/libraries/AP_NavEKF3/AP_NavEKF3_AirDataFusion.cpp.3.gcno
Processing sitl/libraries/AP_NavEKF3/AP_NavEKF3_MagFusion.cpp.3.gcno
Processing sitl/libraries/AP_NavEKF3/AP_NavEKF3_Control.cpp.1.gcno
Processing sitl/libraries/AP_NavEKF3/AP_NavEKF3_Logging.cpp.1.gcno
Processing sitl/libraries/AP_NavEKF3/AP_NavEKF3_Measurements.cpp.4.gcno
Processing sitl/libraries/AP_NavEKF3/AP_NavEKF3_Measurements.cpp.1.gcno
Processing sitl/libraries/AP_NavEKF3/AP_NavEKF3_Logging.cpp.3.gcno
Processing sitl/libraries/AP_NavEKF3/AP_NavEKF3_MagFusion.cpp.5.gcno
Processing sitl/libraries/AP_NavEKF3/AP_NavEKF3_Outputs.cpp.3.gcno
Processing sitl/libraries/AP_NavEKF3/AP_NavEKF3_Outputs.cpp.7.gcno
Processing sitl/libraries/AP_NavEKF3/AP_NavEKF3_VehicleStatus.cpp.3.gcno
Processing sitl/libraries/AP_NavEKF3/AP_NavEKF3_VehicleStatus.cpp.1.gcno
Processing sitl/libraries/AP_IBus_Telem/AP_IBus_Telem.cpp.3.gcno
Processing sitl/libraries/AP_IBus_Telem/AP_IBus_Telem.cpp.6.gcno
Processing sitl/libraries/AP_IBus_Telem/AP_IBus_Telem.cpp.4.gcno
Processing sitl/libraries/AP_IBus_Telem/AP_IBus_Telem.cpp.5.gcno
Processing sitl/libraries/AP_IBus_Telem/AP_IBus_Telem.cpp.7.gcno
Processing sitl/libraries/AP_IBus_Telem/AP_IBus_Telem.cpp.2.gcno
Processing sitl/libraries/AP_IBus_Telem/AP_IBus_Telem.cpp.1.gcno
Processing sitl/libraries/RC_Channel/RC_Channel.cpp.5.gcno
Processing sitl/libraries/RC_Channel/RC_Channel.cpp.2.gcno
Processing sitl/libraries/RC_Channel/RC_Channel.cpp.3.gcno
Processing sitl/libraries/RC_Channel/RC_Channel.cpp.1.gcno
Processing sitl/libraries/RC_Channel/RC_Channel.cpp.7.gcno
Processing sitl/libraries/RC_Channel/RC_Channels.cpp.0.gcno
Processing sitl/libraries/RC_Channel/RC_Channel.cpp.6.gcno
Processing sitl/libraries/RC_Channel/RC_Channel.cpp.4.gcno
Processing sitl/libraries/AP_ICEngine/AP_ICEngine.cpp.0.gcno
Processing sitl/libraries/AP_ICEngine/AP_ICEngine_TCA9554.cpp.0.gcno
Processing sitl/libraries/AP_Arming/AP_Arming.cpp.7.gcno
Processing sitl/libraries/AP_Arming/AP_Arming.cpp.3.gcno
Processing sitl/libraries/AP_Arming/AP_Arming.cpp.2.gcno
Processing sitl/libraries/AP_Arming/AP_Arming.cpp.6.gcno
Processing sitl/libraries/AP_Arming/AP_Arming.cpp.5.gcno
Processing sitl/libraries/AP_Arming/AP_Arming.cpp.4.gcno
Processing sitl/libraries/AP_Arming/AP_Arming.cpp.1.gcno
Processing sitl/libraries/AP_Notify/PCA9685LED_I2C.cpp.0.gcno
Processing sitl/libraries/AP_Notify/RCOutputRGBLed.cpp.0.gcno
/media/tihan/pavan/kala/build/sitl/libraries/AP_Notify/RCOutputRGBLed.cpp.0.gcno:no functions found
geninfo: WARNING: GCOV did not produce any data for /media/tihan/pavan/kala/build/sitl/libraries/AP_Notify/RCOutputRGBLed.cpp.0.gcno
Processing sitl/libraries/AP_Notify/DShotLED.cpp.0.gcno
Processing sitl/libraries/AP_Notify/Display_SITL.cpp.0.gcno
/media/tihan/pavan/kala/build/sitl/libraries/AP_Notify/Display_SITL.cpp.0.gcno:no functions found
geninfo: WARNING: GCOV did not produce any data for /media/tihan/pavan/kala/build/sitl/libraries/AP_Notify/Display_SITL.cpp.0.gcno
Processing sitl/libraries/AP_Notify/Led_Sysfs.cpp.0.gcno
/media/tihan/pavan/kala/build/sitl/libraries/AP_Notify/Led_Sysfs.cpp.0.gcno:no functions found
geninfo: WARNING: GCOV did not produce any data for /media/tihan/pavan/kala/build/sitl/libraries/AP_Notify/Led_Sysfs.cpp.0.gcno
Processing sitl/libraries/AP_Notify/ExternalLED.cpp.0.gcno
/media/tihan/pavan/kala/build/sitl/libraries/AP_Notify/ExternalLED.cpp.0.gcno:no functions found
geninfo: WARNING: GCOV did not produce any data for /media/tihan/pavan/kala/build/sitl/libraries/AP_Notify/ExternalLED.cpp.0.gcno
Processing sitl/libraries/AP_Notify/RGBLed.cpp.0.gcno
Processing sitl/libraries/AP_Notify/MMLPlayer.cpp.0.gcno
Processing sitl/libraries/AP_Notify/DiscoLED.cpp.0.gcno
/media/tihan/pavan/kala/build/sitl/libraries/AP_Notify/DiscoLED.cpp.0.gcno:no functions found
geninfo: WARNING: GCOV did not produce any data for /media/tihan/pavan/kala/build/sitl/libraries/AP_Notify/DiscoLED.cpp.0.gcno
Processing sitl/libraries/AP_Notify/AP_BoardLED.cpp.0.gcno
/media/tihan/pavan/kala/build/sitl/libraries/AP_Notify/AP_BoardLED.cpp.0.gcno:no functions found
geninfo: WARNING: GCOV did not produce any data for /media/tihan/pavan/kala/build/sitl/libraries/AP_Notify/AP_BoardLED.cpp.0.gcno
Processing sitl/libraries/AP_Notify/GPIO_LED_1.cpp.0.gcno
/media/tihan/pavan/kala/build/sitl/libraries/AP_Notify/GPIO_LED_1.cpp.0.gcno:no functions found
geninfo: WARNING: GCOV did not produce any data for /media/tihan/pavan/kala/build/sitl/libraries/AP_Notify/GPIO_LED_1.cpp.0.gcno
Processing sitl/libraries/AP_Notify/Display.cpp.0.gcno
Processing sitl/libraries/AP_Notify/OreoLED_I2C.cpp.0.gcno
/media/tihan/pavan/kala/build/sitl/libraries/AP_Notify/OreoLED_I2C.cpp.0.gcno:no functions found
geninfo: WARNING: GCOV did not produce any data for /media/tihan/pavan/kala/build/sitl/libraries/AP_Notify/OreoLED_I2C.cpp.0.gcno
Processing sitl/libraries/AP_Notify/DroneCAN_RGB_LED.cpp.0.gcno
Processing sitl/libraries/AP_Notify/Display_SH1106_I2C.cpp.0.gcno
Processing sitl/libraries/AP_Notify/PixRacerLED.cpp.0.gcno
/media/tihan/pavan/kala/build/sitl/libraries/AP_Notify/PixRacerLED.cpp.0.gcno:no functions found
geninfo: WARNING: GCOV did not produce any data for /media/tihan/pavan/kala/build/sitl/libraries/AP_Notify/PixRacerLED.cpp.0.gcno
Processing sitl/libraries/AP_Notify/DiscreteRGBLed.cpp.0.gcno
/media/tihan/pavan/kala/build/sitl/libraries/AP_Notify/DiscreteRGBLed.cpp.0.gcno:no functions found
geninfo: WARNING: GCOV did not produce any data for /media/tihan/pavan/kala/build/sitl/libraries/AP_Notify/DiscreteRGBLed.cpp.0.gcno
Processing sitl/libraries/AP_Notify/LP5562.cpp.0.gcno
Processing sitl/libraries/AP_Notify/IS31FL3195.cpp.0.gcno
Processing sitl/libraries/AP_Notify/ToshibaLED_I2C.cpp.0.gcno
Processing sitl/libraries/AP_Notify/Display_SSD1306_I2C.cpp.0.gcno
Processing sitl/libraries/AP_Notify/NavigatorLED.cpp.0.gcno
/media/tihan/pavan/kala/build/sitl/libraries/AP_Notify/NavigatorLED.cpp.0.gcno:no functions found
geninfo: WARNING: GCOV did not produce any data for /media/tihan/pavan/kala/build/sitl/libraries/AP_Notify/NavigatorLED.cpp.0.gcno
Processing sitl/libraries/AP_Notify/NCP5623.cpp.0.gcno
Processing sitl/libraries/AP_Notify/NeoPixel.cpp.0.gcno
Processing sitl/libraries/AP_Notify/Buzzer.cpp.0.gcno
Processing sitl/libraries/AP_Notify/ToneAlarm.cpp.0.gcno
Processing sitl/libraries/AP_Notify/SITL_SFML_LED.cpp.0.gcno
/media/tihan/pavan/kala/build/sitl/libraries/AP_Notify/SITL_SFML_LED.cpp.0.gcno:no functions found
geninfo: WARNING: GCOV did not produce any data for /media/tihan/pavan/kala/build/sitl/libraries/AP_Notify/SITL_SFML_LED.cpp.0.gcno
Processing sitl/libraries/AP_Notify/VRBoard_LED.cpp.0.gcno
/media/tihan/pavan/kala/build/sitl/libraries/AP_Notify/VRBoard_LED.cpp.0.gcno:no functions found
geninfo: WARNING: GCOV did not produce any data for /media/tihan/pavan/kala/build/sitl/libraries/AP_Notify/VRBoard_LED.cpp.0.gcno
Processing sitl/libraries/AP_Notify/AP_BoardLED2.cpp.0.gcno
/media/tihan/pavan/kala/build/sitl/libraries/AP_Notify/AP_BoardLED2.cpp.0.gcno:no functions found
geninfo: WARNING: GCOV did not produce any data for /media/tihan/pavan/kala/build/sitl/libraries/AP_Notify/AP_BoardLED2.cpp.0.gcno
Processing sitl/libraries/AP_Notify/AP_Notify.cpp.0.gcno
Processing sitl/libraries/AP_Notify/ProfiLED.cpp.0.gcno
Processing sitl/libraries/AP_Notify/SerialLED.cpp.0.gcno
Processing sitl/libraries/AP_Notify/ScriptingLED.cpp.0.gcno
Processing sitl/libraries/AP_RangeFinder/AP_RangeFinder_USD1_CAN.cpp.0.gcno
Processing sitl/libraries/AP_RangeFinder/AP_RangeFinder_Params.cpp.0.gcno
Processing sitl/libraries/AP_RangeFinder/AP_RangeFinder_VL53L1X.cpp.0.gcno
Processing sitl/libraries/AP_RangeFinder/AP_RangeFinder_TeraRanger_Serial.cpp.0.gcno
Processing sitl/libraries/AP_RangeFinder/AP_RangeFinder_GYUS42v2.cpp.0.gcno
Processing sitl/libraries/AP_RangeFinder/AP_RangeFinder_LeddarVu8.cpp.0.gcno
Processing sitl/libraries/AP_RangeFinder/AP_RangeFinder_JRE_Serial.cpp.0.gcno
Processing sitl/libraries/AP_RangeFinder/AP_RangeFinder_PulsedLightLRF.cpp.0.gcno
Processing sitl/libraries/AP_RangeFinder/AP_RangeFinder_Ainstein_LR_D1.cpp.0.gcno
Processing sitl/libraries/AP_RangeFinder/AP_RangeFinder_Benewake_CAN.cpp.0.gcno
Processing sitl/libraries/AP_RangeFinder/AP_RangeFinder_NMEA.cpp.0.gcno
Processing sitl/libraries/AP_RangeFinder/AP_RangeFinder_TOFSenseP_CAN.cpp.0.gcno
Processing sitl/libraries/AP_RangeFinder/AP_RangeFinder_BLPing.cpp.0.gcno
Processing sitl/libraries/AP_RangeFinder/AP_RangeFinder_USD1_Serial.cpp.0.gcno
Processing sitl/libraries/AP_RangeFinder/AP_RangeFinder_LightWareI2C.cpp.0.gcno
Processing sitl/libraries/AP_RangeFinder/AP_RangeFinder_Backend_Serial.cpp.0.gcno
Processing sitl/libraries/AP_RangeFinder/AP_RangeFinder_Bebop.cpp.0.gcno
/media/tihan/pavan/kala/build/sitl/libraries/AP_RangeFinder/AP_RangeFinder_Bebop.cpp.0.gcno:no functions found
geninfo: WARNING: GCOV did not produce any data for /media/tihan/pavan/kala/build/sitl/libraries/AP_RangeFinder/AP_RangeFinder_Bebop.cpp.0.gcno
Processing sitl/libraries/AP_RangeFinder/AP_RangeFinder_TOFSenseF_I2C.cpp.0.gcno
Processing sitl/libraries/AP_RangeFinder/AP_RangeFinder_LeddarOne.cpp.0.gcno
Processing sitl/libraries/AP_RangeFinder/AP_RangeFinder_NRA24_CAN.cpp.0.gcno
Processing sitl/libraries/AP_RangeFinder/AP_RangeFinder_Wasp.cpp.0.gcno
Processing sitl/libraries/AP_RangeFinder/AP_RangeFinder_RDS02UF.cpp.0.gcno
Processing sitl/libraries/AP_RangeFinder/AP_RangeFinder_Lua.cpp.0.gcno
Processing sitl/libraries/AP_RangeFinder/AP_RangeFinder_MAVLink.cpp.0.gcno
Processing sitl/libraries/AP_RangeFinder/AP_RangeFinder_Benewake.cpp.0.gcno
Processing sitl/libraries/AP_RangeFinder/AP_RangeFinder_HC_SR04.cpp.0.gcno
Processing sitl/libraries/AP_RangeFinder/AP_RangeFinder_BBB_PRU.cpp.0.gcno
/media/tihan/pavan/kala/build/sitl/libraries/AP_RangeFinder/AP_RangeFinder_BBB_PRU.cpp.0.gcno:no functions found
geninfo: WARNING: GCOV did not produce any data for /media/tihan/pavan/kala/build/sitl/libraries/AP_RangeFinder/AP_RangeFinder_BBB_PRU.cpp.0.gcno
Processing sitl/libraries/AP_RangeFinder/AP_RangeFinder_MaxsonarI2CXL.cpp.0.gcno
Processing sitl/libraries/AP_RangeFinder/AP_RangeFinder_Backend.cpp.0.gcno
Processing sitl/libraries/AP_RangeFinder/AP_RangeFinder.cpp.0.gcno
Processing sitl/libraries/AP_RangeFinder/AP_RangeFinder_TeraRangerI2C.cpp.0.gcno
Processing sitl/libraries/AP_RangeFinder/AP_RangeFinder_analog.cpp.0.gcno
Processing sitl/libraries/AP_RangeFinder/AP_RangeFinder_PWM.cpp.0.gcno
/media/tihan/pavan/kala/build/sitl/libraries/AP_RangeFinder/AP_RangeFinder_PWM.cpp.0.gcno:no functions found
geninfo: WARNING: GCOV did not produce any data for /media/tihan/pavan/kala/build/sitl/libraries/AP_RangeFinder/AP_RangeFinder_PWM.cpp.0.gcno
Processing sitl/libraries/AP_RangeFinder/AP_RangeFinder_Benewake_TFMiniPlus.cpp.0.gcno
Processing sitl/libraries/AP_RangeFinder/AP_RangeFinder_LightWareSerial.cpp.0.gcno
Processing sitl/libraries/AP_RangeFinder/AP_RangeFinder_MSP.cpp.0.gcno
Processing sitl/libraries/AP_RangeFinder/AP_RangeFinder_Lanbao.cpp.0.gcno
Processing sitl/libraries/AP_RangeFinder/AP_RangeFinder_NoopLoop.cpp.0.gcno
Processing sitl/libraries/AP_RangeFinder/AP_RangeFinder_MaxsonarSerialLV.cpp.0.gcno
Processing sitl/libraries/AP_RangeFinder/AP_RangeFinder_Backend_CAN.cpp.0.gcno
Processing sitl/libraries/AP_RangeFinder/AP_RangeFinder_SITL.cpp.0.gcno
Processing sitl/libraries/AP_RangeFinder/AP_RangeFinder_DroneCAN.cpp.0.gcno
Processing sitl/libraries/AP_RangeFinder/AP_RangeFinder_VL53L0X.cpp.0.gcno
Processing sitl/libraries/AP_RSSI/AP_RSSI.cpp.0.gcno
Processing sitl/libraries/AP_Devo_Telem/AP_Devo_Telem.cpp.0.gcno
/media/tihan/pavan/kala/build/sitl/libraries/AP_Devo_Telem/AP_Devo_Telem.cpp.0.gcno:no functions found
geninfo: WARNING: GCOV did not produce any data for /media/tihan/pavan/kala/build/sitl/libraries/AP_Devo_Telem/AP_Devo_Telem.cpp.0.gcno
Processing sitl/libraries/AP_CANManager/AP_CANManager.cpp.0.gcno
Processing sitl/libraries/AP_CANManager/AP_CANSensor.cpp.0.gcno
Processing sitl/libraries/AP_CANManager/AP_SLCANIface.cpp.0.gcno
/media/tihan/pavan/kala/build/sitl/libraries/AP_CANManager/AP_SLCANIface.cpp.0.gcno:no functions found
geninfo: WARNING: GCOV did not produce any data for /media/tihan/pavan/kala/build/sitl/libraries/AP_CANManager/AP_SLCANIface.cpp.0.gcno
Processing sitl/libraries/AP_CANManager/AP_CANManager_CANDriver_Params.cpp.0.gcno
/media/tihan/pavan/kala/build/sitl/libraries/AP_CANManager/AP_CANManager_CANDriver_Params.cpp.0.gcno:no functions found
geninfo: WARNING: GCOV did not produce any data for /media/tihan/pavan/kala/build/sitl/libraries/AP_CANManager/AP_CANManager_CANDriver_Params.cpp.0.gcno
Processing sitl/libraries/AP_CANManager/AP_MAVLinkCAN.cpp.0.gcno
Processing sitl/libraries/AP_CANManager/AP_CANIfaceParams.cpp.0.gcno
/media/tihan/pavan/kala/build/sitl/libraries/AP_CANManager/AP_CANIfaceParams.cpp.0.gcno:no functions found
geninfo: WARNING: GCOV did not produce any data for /media/tihan/pavan/kala/build/sitl/libraries/AP_CANManager/AP_CANIfaceParams.cpp.0.gcno
Processing sitl/libraries/AP_Mount/AP_Mount_Alexmos.cpp.0.gcno
Processing sitl/libraries/AP_Mount/SoloGimbalEKF.cpp.0.gcno
Processing sitl/libraries/AP_Mount/AP_Mount_Xacti.cpp.0.gcno
Processing sitl/libraries/AP_Mount/AP_Mount.cpp.0.gcno
Processing sitl/libraries/AP_Mount/AP_Mount_CADDX.cpp.0.gcno
Processing sitl/libraries/AP_Mount/AP_Mount_SoloGimbal.cpp.0.gcno
Processing sitl/libraries/AP_Mount/SoloGimbal.cpp.0.gcno
Processing sitl/libraries/AP_Mount/AP_Mount_Gremsy.cpp.0.gcno
Processing sitl/libraries/AP_Mount/AP_Mount_SToRM32.cpp.0.gcno
Processing sitl/libraries/AP_Mount/AP_Mount_SToRM32_serial.cpp.0.gcno
Processing sitl/libraries/AP_Mount/AP_Mount_Viewpro.cpp.0.gcno
Processing sitl/libraries/AP_Mount/AP_Mount_Servo.cpp.0.gcno
Processing sitl/libraries/AP_Mount/SoloGimbal_Parameters.cpp.0.gcno
Processing sitl/libraries/AP_Mount/AP_Mount_Scripting.cpp.0.gcno
Processing sitl/libraries/AP_Mount/AP_Mount_Backend_Serial.cpp.0.gcno
Processing sitl/libraries/AP_Mount/AP_Mount_XFRobot.cpp.0.gcno
Processing sitl/libraries/AP_Mount/AP_Mount_Siyi.cpp.0.gcno
Processing sitl/libraries/AP_Mount/AP_Mount_Topotek.cpp.0.gcno
Processing sitl/libraries/AP_Mount/AP_Mount_Params.cpp.0.gcno
Processing sitl/libraries/AP_Mount/AP_Mount_Backend.cpp.0.gcno
Processing sitl/libraries/AP_InternalError/AP_InternalError.cpp.0.gcno
Processing sitl/libraries/AP_InertialSensor/AP_InertialSensor.cpp.1.gcno
Processing sitl/libraries/AP_InertialSensor/AP_InertialSensor_Backend.cpp.4.gcno
Processing sitl/libraries/AP_InertialSensor/AP_InertialSensor_Backend.cpp.2.gcno
Processing sitl/libraries/AP_InertialSensor/FastRateBuffer.cpp.5.gcno
/media/tihan/pavan/kala/build/sitl/libraries/AP_InertialSensor/FastRateBuffer.cpp.5.gcno:no functions found
geninfo: WARNING: GCOV did not produce any data for /media/tihan/pavan/kala/build/sitl/libraries/AP_InertialSensor/FastRateBuffer.cpp.5.gcno
Processing sitl/libraries/AP_InertialSensor/FastRateBuffer.cpp.6.gcno
Processing sitl/libraries/AP_InertialSensor/AP_InertialSensor_SITL.cpp.0.gcno
Processing sitl/libraries/AP_InertialSensor/AP_InertialSensor_tempcal.cpp.0.gcno
Processing sitl/libraries/AP_InertialSensor/FastRateBuffer.cpp.1.gcno
/media/tihan/pavan/kala/build/sitl/libraries/AP_InertialSensor/FastRateBuffer.cpp.1.gcno:no functions found
geninfo: WARNING: GCOV did not produce any data for /media/tihan/pavan/kala/build/sitl/libraries/AP_InertialSensor/FastRateBuffer.cpp.1.gcno
Processing sitl/libraries/AP_InertialSensor/AP_InertialSensor.cpp.6.gcno
Processing sitl/libraries/AP_InertialSensor/AP_InertialSensor_Invensensev3.cpp.2.gcno
Processing sitl/libraries/AP_InertialSensor/AP_InertialSensor_BMI055.cpp.0.gcno
Processing sitl/libraries/AP_InertialSensor/AP_InertialSensor_LSM9DS0.cpp.0.gcno
Processing sitl/libraries/AP_InertialSensor/BatchSampler.cpp.0.gcno
Processing sitl/libraries/AP_InertialSensor/AP_InertialSensor_RST.cpp.0.gcno
/media/tihan/pavan/kala/build/sitl/libraries/AP_InertialSensor/AP_InertialSensor_RST.cpp.0.gcno:no functions found
geninfo: WARNING: GCOV did not produce any data for /media/tihan/pavan/kala/build/sitl/libraries/AP_InertialSensor/AP_InertialSensor_RST.cpp.0.gcno
Processing sitl/libraries/AP_InertialSensor/AP_InertialSensor_Backend.cpp.1.gcno
Processing sitl/libraries/AP_InertialSensor/AP_InertialSensor_BMI088.cpp.0.gcno
Processing sitl/libraries/AP_InertialSensor/AP_InertialSensor.cpp.3.gcno
Processing sitl/libraries/AP_InertialSensor/AP_InertialSensor_Invensensev3.cpp.5.gcno
Processing sitl/libraries/AP_InertialSensor/AP_InertialSensor_Backend.cpp.7.gcno
Processing sitl/libraries/AP_InertialSensor/FastRateBuffer.cpp.3.gcno
/media/tihan/pavan/kala/build/sitl/libraries/AP_InertialSensor/FastRateBuffer.cpp.3.gcno:no functions found
geninfo: WARNING: GCOV did not produce any data for /media/tihan/pavan/kala/build/sitl/libraries/AP_InertialSensor/FastRateBuffer.cpp.3.gcno
Processing sitl/libraries/AP_InertialSensor/AP_InertialSensor.cpp.7.gcno
Processing sitl/libraries/AP_InertialSensor/AP_InertialSensor_L3G4200D.cpp.0.gcno
/media/tihan/pavan/kala/build/sitl/libraries/AP_InertialSensor/AP_InertialSensor_L3G4200D.cpp.0.gcno:no functions found
geninfo: WARNING: GCOV did not produce any data for /media/tihan/pavan/kala/build/sitl/libraries/AP_InertialSensor/AP_InertialSensor_L3G4200D.cpp.0.gcno
Processing sitl/libraries/AP_InertialSensor/FastRateBuffer.cpp.4.gcno
/media/tihan/pavan/kala/build/sitl/libraries/AP_InertialSensor/FastRateBuffer.cpp.4.gcno:no functions found
geninfo: WARNING: GCOV did not produce any data for /media/tihan/pavan/kala/build/sitl/libraries/AP_InertialSensor/FastRateBuffer.cpp.4.gcno
Processing sitl/libraries/AP_InertialSensor/AP_InertialSensor_SCHA63T.cpp.0.gcno
Processing sitl/libraries/AP_InertialSensor/AP_InertialSensor_Invensensev3.cpp.4.gcno
Processing sitl/libraries/AP_InertialSensor/FastRateBuffer.cpp.7.gcno
/media/tihan/pavan/kala/build/sitl/libraries/AP_InertialSensor/FastRateBuffer.cpp.7.gcno:no functions found
geninfo: WARNING: GCOV did not produce any data for /media/tihan/pavan/kala/build/sitl/libraries/AP_InertialSensor/FastRateBuffer.cpp.7.gcno
Processing sitl/libraries/AP_InertialSensor/AP_InertialSensor_Backend.cpp.3.gcno
Processing sitl/libraries/AP_InertialSensor/FastRateBuffer.cpp.2.gcno
/media/tihan/pavan/kala/build/sitl/libraries/AP_InertialSensor/FastRateBuffer.cpp.2.gcno:no functions found
geninfo: WARNING: GCOV did not produce any data for /media/tihan/pavan/kala/build/sitl/libraries/AP_InertialSensor/FastRateBuffer.cpp.2.gcno
Processing sitl/libraries/AP_InertialSensor/AP_InertialSensor_Invensense.cpp.0.gcno
Processing sitl/libraries/AP_InertialSensor/AP_InertialSensor_BMI270.cpp.0.gcno
Processing sitl/libraries/AP_InertialSensor/AP_InertialSensor_BMI160.cpp.0.gcno
Processing sitl/libraries/AP_InertialSensor/AP_InertialSensor_Params.cpp.0.gcno
Processing sitl/libraries/AP_InertialSensor/AuxiliaryBus.cpp.0.gcno
Processing sitl/libraries/AP_InertialSensor/AP_InertialSensor_Invensensev3.cpp.6.gcno
Processing sitl/libraries/AP_InertialSensor/AP_InertialSensor_LSM9DS1.cpp.0.gcno
Processing sitl/libraries/AP_InertialSensor/AP_InertialSensor_Backend.cpp.6.gcno
Processing sitl/libraries/AP_InertialSensor/AP_InertialSensor_ExternalAHRS.cpp.0.gcno
Processing sitl/libraries/AP_InertialSensor/AP_InertialSensor_Invensensev2.cpp.0.gcno
Processing sitl/libraries/AP_InertialSensor/AP_InertialSensor.cpp.4.gcno
Processing sitl/libraries/AP_InertialSensor/AP_InertialSensor_Invensensev3.cpp.3.gcno
Processing sitl/libraries/AP_InertialSensor/AP_InertialSensor_Logging.cpp.0.gcno
Processing sitl/libraries/AP_InertialSensor/AP_InertialSensor_Invensensev3.cpp.1.gcno
Processing sitl/libraries/AP_InertialSensor/AP_InertialSensor_NONE.cpp.0.gcno
/media/tihan/pavan/kala/build/sitl/libraries/AP_InertialSensor/AP_InertialSensor_NONE.cpp.0.gcno:no functions found
geninfo: WARNING: GCOV did not produce any data for /media/tihan/pavan/kala/build/sitl/libraries/AP_InertialSensor/AP_InertialSensor_NONE.cpp.0.gcno
Processing sitl/libraries/AP_InertialSensor/AP_InertialSensor.cpp.2.gcno
Processing sitl/libraries/AP_InertialSensor/AP_InertialSensor_ADIS1647x.cpp.0.gcno
Processing sitl/libraries/AP_InertialSensor/AP_InertialSensor.cpp.5.gcno
Processing sitl/libraries/AP_InertialSensor/AP_InertialSensor_Backend.cpp.5.gcno
Processing sitl/libraries/AP_InertialSensor/AP_InertialSensor_Invensensev3.cpp.7.gcno
Processing sitl/Rover/AP_Rally.cpp.48.gcno
Processing sitl/Rover/sensors.cpp.48.gcno
Processing sitl/Rover/RC_Channel_Rover.cpp.48.gcno
Processing sitl/Rover/GCS_MAVLink_Rover.cpp.48.gcno
Processing sitl/Rover/AP_Arming_Rover.cpp.48.gcno
Processing sitl/Rover/fence.cpp.48.gcno
Processing sitl/Rover/crash_check.cpp.48.gcno
Processing sitl/Rover/mode.cpp.48.gcno
Processing sitl/Rover/mode_smart_rtl.cpp.48.gcno
Processing sitl/Rover/sailboat.cpp.48.gcno
Processing sitl/Rover/balance_bot.cpp.48.gcno
Processing sitl/Rover/system.cpp.48.gcno
Processing sitl/Rover/mode_hold.cpp.48.gcno
Processing sitl/Rover/afs_rover.cpp.48.gcno
/media/tihan/pavan/kala/build/sitl/Rover/afs_rover.cpp.48.gcno:no functions found
geninfo: WARNING: GCOV did not produce any data for /media/tihan/pavan/kala/build/sitl/Rover/afs_rover.cpp.48.gcno
Processing sitl/Rover/mode_steering.cpp.48.gcno
Processing sitl/Rover/mode_loiter.cpp.48.gcno
Processing sitl/Rover/Rover.cpp.48.gcno
Processing sitl/Rover/mode_circle.cpp.48.gcno
Processing sitl/Rover/mode_guided.cpp.48.gcno
Processing sitl/Rover/failsafe.cpp.48.gcno
Processing sitl/Rover/Log.cpp.48.gcno
Processing sitl/Rover/commands.cpp.48.gcno
Processing sitl/Rover/cruise_learn.cpp.48.gcno
Processing sitl/Rover/AP_ExternalControl_Rover.cpp.48.gcno
Processing sitl/Rover/precision_landing.cpp.48.gcno
Processing sitl/Rover/mode_follow.cpp.48.gcno
Processing sitl/Rover/ekf_check.cpp.48.gcno
Processing sitl/Rover/radio.cpp.48.gcno
Processing sitl/Rover/mode_rtl.cpp.48.gcno
Processing sitl/Rover/mode_acro.cpp.48.gcno
Processing sitl/Rover/motor_test.cpp.48.gcno
Processing sitl/Rover/mode_auto.cpp.48.gcno
Processing sitl/Rover/mode_manual.cpp.48.gcno
Processing sitl/Rover/GCS_Rover.cpp.48.gcno
Processing sitl/Rover/mode_dock.cpp.48.gcno
Processing sitl/Rover/mode_simple.cpp.48.gcno
Processing sitl/Rover/Steering.cpp.48.gcno
Processing sitl/Rover/Parameters.cpp.48.gcno
Processing sitl/Kala/mode_loiter.cpp.52.gcno
Processing sitl/Kala/navigation.cpp.54.gcno
Processing sitl/Kala/inertia.cpp.52.gcno
Processing sitl/Kala/mode_land.cpp.54.gcno
Processing sitl/Kala/AP_Arming_Copter.cpp.54.gcno
Processing sitl/Kala/mode_follow.cpp.54.gcno
Processing sitl/Kala/mode_poshold.cpp.52.gcno
Processing sitl/Kala/heli.cpp.53.gcno
Processing sitl/Kala/mode_flip.cpp.54.gcno
Processing sitl/Kala/mode_auto.cpp.52.gcno
Processing sitl/Kala/mode_loiter.cpp.54.gcno
Processing sitl/Kala/landing_gear.cpp.53.gcno
Processing sitl/Kala/toy_mode.cpp.53.gcno
/media/tihan/pavan/kala/build/sitl/Kala/toy_mode.cpp.53.gcno:no functions found
geninfo: WARNING: GCOV did not produce any data for /media/tihan/pavan/kala/build/sitl/Kala/toy_mode.cpp.53.gcno
Processing sitl/Kala/mode_throw.cpp.54.gcno
Processing sitl/Kala/standby.cpp.54.gcno
Processing sitl/Kala/terrain.cpp.53.gcno
Processing sitl/Kala/heli.cpp.54.gcno
/media/tihan/pavan/kala/build/sitl/Kala/heli.cpp.54.gcno:no functions found
geninfo: WARNING: GCOV did not produce any data for /media/tihan/pavan/kala/build/sitl/Kala/heli.cpp.54.gcno
Processing sitl/Kala/GCS_MAVLink_Copter.cpp.52.gcno
Processing sitl/Kala/fence.cpp.53.gcno
Processing sitl/Kala/system.cpp.52.gcno
Processing sitl/Kala/tuning.cpp.52.gcno
Processing sitl/Kala/mode_stabilize_heli.cpp.54.gcno
/media/tihan/pavan/kala/build/sitl/Kala/mode_stabilize_heli.cpp.54.gcno:no functions found
geninfo: WARNING: GCOV did not produce any data for /media/tihan/pavan/kala/build/sitl/Kala/mode_stabilize_heli.cpp.54.gcno
Processing sitl/Kala/AP_Rally.cpp.53.gcno
Processing sitl/Kala/autoyaw.cpp.54.gcno
Processing sitl/Kala/mode_acro.cpp.52.gcno
Processing sitl/Kala/surface_tracking.cpp.53.gcno
Processing sitl/Kala/GCS_Copter.cpp.52.gcno
Processing sitl/Kala/mode_brake.cpp.53.gcno
Processing sitl/Kala/fence.cpp.52.gcno
Processing sitl/Kala/mode_acro_heli.cpp.53.gcno
Processing sitl/Kala/tuning.cpp.53.gcno
Processing sitl/Kala/takeoff.cpp.54.gcno
Processing sitl/Kala/radio.cpp.53.gcno
Processing sitl/Kala/commands.cpp.52.gcno
Processing sitl/Kala/mode_smart_rtl.cpp.53.gcno
Processing sitl/Kala/AP_ExternalControl_Copter.cpp.52.gcno
Processing sitl/Kala/radio.cpp.54.gcno
Processing sitl/Kala/afs_copter.cpp.54.gcno
/media/tihan/pavan/kala/build/sitl/Kala/afs_copter.cpp.54.gcno:no functions found
geninfo: WARNING: GCOV did not produce any data for /media/tihan/pavan/kala/build/sitl/Kala/afs_copter.cpp.54.gcno
Processing sitl/Kala/RC_Channel_Copter.cpp.53.gcno
Processing sitl/Kala/mode_turtle.cpp.54.gcno
Processing sitl/Kala/precision_landing.cpp.52.gcno
Processing sitl/Kala/Attitude.cpp.52.gcno
Processing sitl/Kala/mode_smart_rtl.cpp.52.gcno
Processing sitl/Kala/crash_check.cpp.52.gcno
Processing sitl/Kala/inertia.cpp.54.gcno
Processing sitl/Kala/terrain.cpp.52.gcno
Processing sitl/Kala/mode_brake.cpp.54.gcno
Processing sitl/Kala/takeoff_check.cpp.54.gcno
Processing sitl/Kala/AP_ExternalControl_Copter.cpp.54.gcno
Processing sitl/Kala/Copter.cpp.54.gcno
Processing sitl/Kala/motors.cpp.54.gcno
Processing sitl/Kala/mode_turtle.cpp.52.gcno
Processing sitl/Kala/terrain.cpp.54.gcno
Processing sitl/Kala/mode_flowhold.cpp.53.gcno
Processing sitl/Kala/mode_stabilize_heli.cpp.53.gcno
Processing sitl/Kala/autoyaw.cpp.52.gcno
Processing sitl/Kala/mode_brake.cpp.52.gcno
Processing sitl/Kala/events.cpp.54.gcno
Processing sitl/Kala/mode.cpp.52.gcno
Processing sitl/Kala/events.cpp.53.gcno
Processing sitl/Kala/landing_gear.cpp.54.gcno
Processing sitl/Kala/AP_Arming_Copter.cpp.53.gcno
Processing sitl/Kala/motor_test.cpp.52.gcno
Processing sitl/Kala/toy_mode.cpp.52.gcno
/media/tihan/pavan/kala/build/sitl/Kala/toy_mode.cpp.52.gcno:no functions found
geninfo: WARNING: GCOV did not produce any data for /media/tihan/pavan/kala/build/sitl/Kala/toy_mode.cpp.52.gcno
Processing sitl/Kala/mode_follow.cpp.53.gcno
Processing sitl/Kala/motors.cpp.53.gcno
Processing sitl/Kala/mode_zigzag.cpp.52.gcno
Processing sitl/Kala/AP_Arming_Copter.cpp.52.gcno
Processing sitl/Kala/Copter.cpp.53.gcno
Processing sitl/Kala/AP_State.cpp.54.gcno
Processing sitl/Kala/Parameters.cpp.53.gcno
Processing sitl/Kala/land_detector.cpp.53.gcno
Processing sitl/Kala/mode_guided_custom.cpp.53.gcno
Processing sitl/Kala/ekf_check.cpp.52.gcno
Processing sitl/Kala/mode_flip.cpp.52.gcno
Processing sitl/Kala/mode_drift.cpp.53.gcno
Processing sitl/Kala/land_detector.cpp.54.gcno
Processing sitl/Kala/GCS_Copter.cpp.53.gcno
Processing sitl/Kala/heli.cpp.52.gcno
/media/tihan/pavan/kala/build/sitl/Kala/heli.cpp.52.gcno:no functions found
geninfo: WARNING: GCOV did not produce any data for /media/tihan/pavan/kala/build/sitl/Kala/heli.cpp.52.gcno
Processing sitl/Kala/UserParameters.cpp.53.gcno
/media/tihan/pavan/kala/build/sitl/Kala/UserParameters.cpp.53.gcno:no functions found
geninfo: WARNING: GCOV did not produce any data for /media/tihan/pavan/kala/build/sitl/Kala/UserParameters.cpp.53.gcno
Processing sitl/Kala/navigation.cpp.53.gcno
Processing sitl/Kala/navigation.cpp.52.gcno
Processing sitl/Kala/mode_autorotate.cpp.52.gcno
/media/tihan/pavan/kala/build/sitl/Kala/mode_autorotate.cpp.52.gcno:no functions found
geninfo: WARNING: GCOV did not produce any data for /media/tihan/pavan/kala/build/sitl/Kala/mode_autorotate.cpp.52.gcno
Processing sitl/Kala/motor_test.cpp.54.gcno
Processing sitl/Kala/radio.cpp.52.gcno
Processing sitl/Kala/mode_poshold.cpp.54.gcno
Processing sitl/Kala/mode_avoid_adsb.cpp.54.gcno
Processing sitl/Kala/mode_turtle.cpp.53.gcno
/media/tihan/pavan/kala/build/sitl/Kala/mode_turtle.cpp.53.gcno:no functions found
geninfo: WARNING: GCOV did not produce any data for /media/tihan/pavan/kala/build/sitl/Kala/mode_turtle.cpp.53.gcno
Processing sitl/Kala/mode_guided_nogps.cpp.53.gcno
Processing sitl/Kala/Parameters.cpp.54.gcno
Processing sitl/Kala/mode_guided.cpp.53.gcno
Processing sitl/Kala/AP_ExternalControl_Copter.cpp.53.gcno
Processing sitl/Kala/land_detector.cpp.52.gcno
Processing sitl/Kala/AP_Rally.cpp.52.gcno
Processing sitl/Kala/Copter.cpp.52.gcno
Processing sitl/Kala/Log.cpp.54.gcno
Processing sitl/Kala/sensors.cpp.54.gcno
Processing sitl/Kala/mode_flowhold.cpp.52.gcno
Processing sitl/Kala/mode_autotune.cpp.54.gcno
Processing sitl/Kala/esc_calibration.cpp.52.gcno
Processing sitl/Kala/AP_State.cpp.52.gcno
Processing sitl/Kala/mode_autotune.cpp.53.gcno
Processing sitl/Kala/mode_circle.cpp.53.gcno
Processing sitl/Kala/surface_tracking.cpp.52.gcno
Processing sitl/Kala/landing_gear.cpp.52.gcno
Processing sitl/Kala/mode_guided_nogps.cpp.52.gcno
Processing sitl/Kala/mode_auto.cpp.53.gcno
Processing sitl/Kala/AP_Rally.cpp.54.gcno
Processing sitl/Kala/baro_ground_effect.cpp.53.gcno
Processing sitl/Kala/baro_ground_effect.cpp.54.gcno
Processing sitl/Kala/failsafe.cpp.53.gcno
Processing sitl/Kala/mode_autotune.cpp.52.gcno
Processing sitl/Kala/Log.cpp.52.gcno
Processing sitl/Kala/rate_thread.cpp.52.gcno
Processing sitl/Kala/mode_avoid_adsb.cpp.53.gcno
Processing sitl/Kala/mode.cpp.54.gcno
Processing sitl/Kala/mode_stabilize.cpp.54.gcno
Processing sitl/Kala/esc_calibration.cpp.53.gcno
Processing sitl/Kala/mode_circle.cpp.54.gcno
Processing sitl/Kala/mode_drift.cpp.54.gcno
Processing sitl/Kala/motor_test.cpp.53.gcno
Processing sitl/Kala/mode_systemid.cpp.52.gcno
Processing sitl/Kala/mode_acro_heli.cpp.54.gcno
/media/tihan/pavan/kala/build/sitl/Kala/mode_acro_heli.cpp.54.gcno:no functions found
geninfo: WARNING: GCOV did not produce any data for /media/tihan/pavan/kala/build/sitl/Kala/mode_acro_heli.cpp.54.gcno
Processing sitl/Kala/afs_copter.cpp.52.gcno
/media/tihan/pavan/kala/build/sitl/Kala/afs_copter.cpp.52.gcno:no functions found
geninfo: WARNING: GCOV did not produce any data for /media/tihan/pavan/kala/build/sitl/Kala/afs_copter.cpp.52.gcno
Processing sitl/Kala/AP_State.cpp.53.gcno
Processing sitl/Kala/toy_mode.cpp.54.gcno
/media/tihan/pavan/kala/build/sitl/Kala/toy_mode.cpp.54.gcno:no functions found
geninfo: WARNING: GCOV did not produce any data for /media/tihan/pavan/kala/build/sitl/Kala/toy_mode.cpp.54.gcno
Processing sitl/Kala/UserCode.cpp.52.gcno
/media/tihan/pavan/kala/build/sitl/Kala/UserCode.cpp.52.gcno:no functions found
geninfo: WARNING: GCOV did not produce any data for /media/tihan/pavan/kala/build/sitl/Kala/UserCode.cpp.52.gcno
Processing sitl/Kala/commands.cpp.54.gcno
Processing sitl/Kala/mode_avoid_adsb.cpp.52.gcno
Processing sitl/Kala/mode_guided.cpp.54.gcno
Processing sitl/Kala/mode_acro_heli.cpp.52.gcno
/media/tihan/pavan/kala/build/sitl/Kala/mode_acro_heli.cpp.52.gcno:no functions found
geninfo: WARNING: GCOV did not produce any data for /media/tihan/pavan/kala/build/sitl/Kala/mode_acro_heli.cpp.52.gcno
Processing sitl/Kala/mode_acro.cpp.53.gcno
Processing sitl/Kala/UserParameters.cpp.52.gcno
/media/tihan/pavan/kala/build/sitl/Kala/UserParameters.cpp.52.gcno:no functions found
geninfo: WARNING: GCOV did not produce any data for /media/tihan/pavan/kala/build/sitl/Kala/UserParameters.cpp.52.gcno
Processing sitl/Kala/sensors.cpp.52.gcno
Processing sitl/Kala/system.cpp.54.gcno
Processing sitl/Kala/mode_loiter.cpp.53.gcno
Processing sitl/Kala/mode_throw.cpp.52.gcno
Processing sitl/Kala/rate_thread.cpp.54.gcno
Processing sitl/Kala/UserCode.cpp.54.gcno
/media/tihan/pavan/kala/build/sitl/Kala/UserCode.cpp.54.gcno:no functions found
geninfo: WARNING: GCOV did not produce any data for /media/tihan/pavan/kala/build/sitl/Kala/UserCode.cpp.54.gcno
Processing sitl/Kala/mode_throw.cpp.53.gcno
Processing sitl/Kala/standby.cpp.52.gcno
Processing sitl/Kala/events.cpp.52.gcno
Processing sitl/Kala/Parameters.cpp.52.gcno
Processing sitl/Kala/mode_rtl.cpp.53.gcno
Processing sitl/Kala/commands.cpp.53.gcno
Processing sitl/Kala/mode_flowhold.cpp.54.gcno
Processing sitl/Kala/takeoff_check.cpp.52.gcno
Processing sitl/Kala/mode_autorotate.cpp.54.gcno
/media/tihan/pavan/kala/build/sitl/Kala/mode_autorotate.cpp.54.gcno:no functions found
geninfo: WARNING: GCOV did not produce any data for /media/tihan/pavan/kala/build/sitl/Kala/mode_autorotate.cpp.54.gcno
Processing sitl/Kala/compassmot.cpp.54.gcno
Processing sitl/Kala/failsafe.cpp.54.gcno
Processing sitl/Kala/crash_check.cpp.54.gcno
Processing sitl/Kala/fence.cpp.54.gcno
Processing sitl/Kala/mode_auto.cpp.54.gcno
Processing sitl/Kala/rate_thread.cpp.53.gcno
Processing sitl/Kala/UserParameters.cpp.54.gcno
/media/tihan/pavan/kala/build/sitl/Kala/UserParameters.cpp.54.gcno:no functions found
geninfo: WARNING: GCOV did not produce any data for /media/tihan/pavan/kala/build/sitl/Kala/UserParameters.cpp.54.gcno
Processing sitl/Kala/mode_zigzag.cpp.53.gcno
Processing sitl/Kala/baro_ground_effect.cpp.52.gcno
Processing sitl/Kala/mode_sport.cpp.54.gcno
/media/tihan/pavan/kala/build/sitl/Kala/mode_sport.cpp.54.gcno:no functions found
geninfo: WARNING: GCOV did not produce any data for /media/tihan/pavan/kala/build/sitl/Kala/mode_sport.cpp.54.gcno
Processing sitl/Kala/mode_flip.cpp.53.gcno
Processing sitl/Kala/mode.cpp.53.gcno
Processing sitl/Kala/GCS_Copter.cpp.54.gcno
Processing sitl/Kala/avoidance_adsb.cpp.52.gcno
Processing sitl/Kala/mode_rtl.cpp.52.gcno
Processing sitl/Kala/mode_guided_custom.cpp.52.gcno
Processing sitl/Kala/UserCode.cpp.53.gcno
/media/tihan/pavan/kala/build/sitl/Kala/UserCode.cpp.53.gcno:no functions found
geninfo: WARNING: GCOV did not produce any data for /media/tihan/pavan/kala/build/sitl/Kala/UserCode.cpp.53.gcno
Processing sitl/Kala/mode_althold.cpp.52.gcno
Processing sitl/Kala/avoidance_adsb.cpp.53.gcno
Processing sitl/Kala/system.cpp.53.gcno
Processing sitl/Kala/precision_landing.cpp.54.gcno
Processing sitl/Kala/ekf_check.cpp.54.gcno
Processing sitl/Kala/crash_check.cpp.53.gcno
Processing sitl/Kala/takeoff_check.cpp.53.gcno
Processing sitl/Kala/autoyaw.cpp.53.gcno
Processing sitl/Kala/failsafe.cpp.52.gcno
Processing sitl/Kala/mode_land.cpp.52.gcno
Processing sitl/Kala/mode_zigzag.cpp.54.gcno
Processing sitl/Kala/mode_althold.cpp.53.gcno
Processing sitl/Kala/mode_guided_nogps.cpp.54.gcno
Processing sitl/Kala/tuning.cpp.54.gcno
Processing sitl/Kala/mode_smart_rtl.cpp.54.gcno
Processing sitl/Kala/mode_guided_custom.cpp.54.gcno
Processing sitl/Kala/precision_landing.cpp.53.gcno
Processing sitl/Kala/standby.cpp.53.gcno
Processing sitl/Kala/Log.cpp.53.gcno
Processing sitl/Kala/mode_stabilize.cpp.52.gcno
Processing sitl/Kala/Attitude.cpp.53.gcno
Processing sitl/Kala/RC_Channel_Copter.cpp.52.gcno
Processing sitl/Kala/compassmot.cpp.52.gcno
Processing sitl/Kala/compassmot.cpp.53.gcno
Processing sitl/Kala/avoidance.cpp.52.gcno
Processing sitl/Kala/mode_stabilize.cpp.53.gcno
Processing sitl/Kala/ekf_check.cpp.53.gcno
Processing sitl/Kala/mode_autorotate.cpp.53.gcno
Processing sitl/Kala/mode_stabilize_heli.cpp.52.gcno
/media/tihan/pavan/kala/build/sitl/Kala/mode_stabilize_heli.cpp.52.gcno:no functions found
geninfo: WARNING: GCOV did not produce any data for /media/tihan/pavan/kala/build/sitl/Kala/mode_stabilize_heli.cpp.52.gcno
Processing sitl/Kala/mode_land.cpp.53.gcno
Processing sitl/Kala/GCS_MAVLink_Copter.cpp.53.gcno
Processing sitl/Kala/GCS_MAVLink_Copter.cpp.54.gcno
Processing sitl/Kala/mode_sport.cpp.52.gcno
/media/tihan/pavan/kala/build/sitl/Kala/mode_sport.cpp.52.gcno:no functions found
geninfo: WARNING: GCOV did not produce any data for /media/tihan/pavan/kala/build/sitl/Kala/mode_sport.cpp.52.gcno
Processing sitl/Kala/mode_rtl.cpp.54.gcno
Processing sitl/Kala/avoidance.cpp.53.gcno
Processing sitl/Kala/mode_follow.cpp.52.gcno
Processing sitl/Kala/motors.cpp.52.gcno
Processing sitl/Kala/mode_systemid.cpp.54.gcno
Processing sitl/Kala/mode_systemid.cpp.53.gcno
Processing sitl/Kala/mode_guided.cpp.52.gcno
Processing sitl/Kala/avoidance_adsb.cpp.54.gcno
Processing sitl/Kala/surface_tracking.cpp.54.gcno
Processing sitl/Kala/mode_althold.cpp.54.gcno
Processing sitl/Kala/afs_copter.cpp.53.gcno
/media/tihan/pavan/kala/build/sitl/Kala/afs_copter.cpp.53.gcno:no functions found
geninfo: WARNING: GCOV did not produce any data for /media/tihan/pavan/kala/build/sitl/Kala/afs_copter.cpp.53.gcno
Processing sitl/Kala/mode_poshold.cpp.53.gcno
Processing sitl/Kala/avoidance.cpp.54.gcno
Processing sitl/Kala/RC_Channel_Copter.cpp.54.gcno
Processing sitl/Kala/esc_calibration.cpp.54.gcno
Processing sitl/Kala/sensors.cpp.53.gcno
Processing sitl/Kala/mode_drift.cpp.52.gcno
Processing sitl/Kala/takeoff.cpp.53.gcno
Processing sitl/Kala/takeoff.cpp.52.gcno
Processing sitl/Kala/inertia.cpp.53.gcno
Processing sitl/Kala/mode_sport.cpp.53.gcno
/media/tihan/pavan/kala/build/sitl/Kala/mode_sport.cpp.53.gcno:no functions found
geninfo: WARNING: GCOV did not produce any data for /media/tihan/pavan/kala/build/sitl/Kala/mode_sport.cpp.53.gcno
Processing sitl/Kala/mode_circle.cpp.52.gcno
Processing sitl/Kala/mode_acro.cpp.54.gcno
Processing sitl/Kala/Attitude.cpp.54.gcno
Processing sitl/ArduSub/UserCode.cpp.49.gcno
/media/tihan/pavan/kala/build/sitl/ArduSub/UserCode.cpp.49.gcno:no functions found
geninfo: WARNING: GCOV did not produce any data for /media/tihan/pavan/kala/build/sitl/ArduSub/UserCode.cpp.49.gcno
Processing sitl/ArduSub/sensors.cpp.49.gcno
Processing sitl/ArduSub/radio.cpp.49.gcno
Processing sitl/ArduSub/mode_motordetect.cpp.49.gcno
Processing sitl/ArduSub/mode_surface.cpp.49.gcno
Processing sitl/ArduSub/AP_State.cpp.49.gcno
/media/tihan/pavan/kala/build/sitl/ArduSub/AP_State.cpp.49.gcno:no functions found
geninfo: WARNING: GCOV did not produce any data for /media/tihan/pavan/kala/build/sitl/ArduSub/AP_State.cpp.49.gcno
Processing sitl/ArduSub/GCS_Sub.cpp.49.gcno
Processing sitl/ArduSub/Sub.cpp.49.gcno
Processing sitl/ArduSub/failsafe.cpp.49.gcno
Processing sitl/ArduSub/mode_stabilize.cpp.49.gcno
Processing sitl/ArduSub/terrain.cpp.49.gcno
Processing sitl/ArduSub/mode_auto.cpp.49.gcno
Processing sitl/ArduSub/commands_logic.cpp.49.gcno
Processing sitl/ArduSub/mode.cpp.49.gcno
Processing sitl/ArduSub/mode_circle.cpp.49.gcno
Processing sitl/ArduSub/Parameters.cpp.49.gcno
Processing sitl/ArduSub/commands.cpp.49.gcno
Processing sitl/ArduSub/actuators.cpp.49.gcno
Processing sitl/ArduSub/motors.cpp.49.gcno
Processing sitl/ArduSub/mode_poshold.cpp.49.gcno
Processing sitl/ArduSub/mode_surftrak.cpp.49.gcno
Processing sitl/ArduSub/mode_acro.cpp.49.gcno
Processing sitl/ArduSub/joystick.cpp.49.gcno
Processing sitl/ArduSub/Log.cpp.49.gcno
Processing sitl/ArduSub/system.cpp.49.gcno
Processing sitl/ArduSub/Attitude.cpp.49.gcno
Processing sitl/ArduSub/RC_Channel_Sub.cpp.49.gcno
Processing sitl/ArduSub/inertia.cpp.49.gcno
Processing sitl/ArduSub/fence.cpp.49.gcno
Processing sitl/ArduSub/mode_guided.cpp.49.gcno
Processing sitl/ArduSub/script_button.cpp.49.gcno
Processing sitl/ArduSub/mode_manual.cpp.49.gcno
Processing sitl/ArduSub/mode_althold.cpp.49.gcno
Processing sitl/ArduSub/AP_Arming_Sub.cpp.49.gcno
Processing sitl/ArduSub/GCS_MAVLink_Sub.cpp.49.gcno
Processing sitl/ArduSub/surface_bottom_detector.cpp.49.gcno
Processing sitl/ArduSub/turn_counter.cpp.49.gcno
Processing sitl/modules/littlefs/lfs_util.c.1.gcno
Processing sitl/modules/littlefs/bd/lfs_filebd.c.1.gcno
Processing sitl/modules/littlefs/lfs.c.1.gcno
Processing sitl/modules/lwip/src/api/netifapi.c.0.gcno
Processing sitl/modules/lwip/src/api/sockets.c.0.gcno
Processing sitl/modules/lwip/src/api/netdb.c.0.gcno
/media/tihan/pavan/kala/build/sitl/modules/lwip/src/api/netdb.c.0.gcno:no functions found
geninfo: WARNING: GCOV did not produce any data for /media/tihan/pavan/kala/build/sitl/modules/lwip/src/api/netdb.c.0.gcno
Processing sitl/modules/lwip/src/api/if_api.c.0.gcno
Processing sitl/modules/lwip/src/api/api_lib.c.0.gcno
Processing sitl/modules/lwip/src/api/api_msg.c.0.gcno
Processing sitl/modules/lwip/src/api/tcpip.c.0.gcno
Processing sitl/modules/lwip/src/api/netbuf.c.0.gcno
Processing sitl/modules/lwip/src/api/err.c.0.gcno
Processing sitl/modules/lwip/src/core/timeouts.c.0.gcno
Processing sitl/modules/lwip/src/core/ip.c.0.gcno
/media/tihan/pavan/kala/build/sitl/modules/lwip/src/core/ip.c.0.gcno:no functions found
geninfo: WARNING: GCOV did not produce any data for /media/tihan/pavan/kala/build/sitl/modules/lwip/src/core/ip.c.0.gcno
Processing sitl/modules/lwip/src/core/altcp.c.0.gcno
Processing sitl/modules/lwip/src/core/def.c.0.gcno
Processing sitl/modules/lwip/src/core/ipv4/igmp.c.0.gcno
Processing sitl/modules/lwip/src/core/ipv4/autoip.c.0.gcno
Processing sitl/modules/lwip/src/core/ipv4/ip4_addr.c.0.gcno
Processing sitl/modules/lwip/src/core/ipv4/dhcp.c.0.gcno
Processing sitl/modules/lwip/src/core/ipv4/ip4.c.0.gcno
Processing sitl/modules/lwip/src/core/ipv4/icmp.c.0.gcno
Processing sitl/modules/lwip/src/core/ipv4/acd.c.0.gcno
Processing sitl/modules/lwip/src/core/ipv4/ip4_frag.c.0.gcno
Processing sitl/modules/lwip/src/core/ipv4/etharp.c.0.gcno
Processing sitl/modules/lwip/src/core/stats.c.0.gcno
/media/tihan/pavan/kala/build/sitl/modules/lwip/src/core/stats.c.0.gcno:no functions found
geninfo: WARNING: GCOV did not produce any data for /media/tihan/pavan/kala/build/sitl/modules/lwip/src/core/stats.c.0.gcno
Processing sitl/modules/lwip/src/core/dns.c.0.gcno
/media/tihan/pavan/kala/build/sitl/modules/lwip/src/core/dns.c.0.gcno:no functions found
geninfo: WARNING: GCOV did not produce any data for /media/tihan/pavan/kala/build/sitl/modules/lwip/src/core/dns.c.0.gcno
Processing sitl/modules/lwip/src/core/sys.c.0.gcno
Processing sitl/modules/lwip/src/core/init.c.0.gcno
Processing sitl/modules/lwip/src/core/tcp_in.c.0.gcno
Processing sitl/modules/lwip/src/core/udp.c.0.gcno
Processing sitl/modules/lwip/src/core/netif.c.0.gcno
Processing sitl/modules/lwip/src/core/memp.c.0.gcno
Processing sitl/modules/lwip/src/core/tcp_out.c.0.gcno
Processing sitl/modules/lwip/src/core/tcp.c.0.gcno
Processing sitl/modules/lwip/src/core/inet_chksum.c.0.gcno
Processing sitl/modules/lwip/src/core/altcp_tcp.c.0.gcno
Processing sitl/modules/lwip/src/core/raw.c.0.gcno
/media/tihan/pavan/kala/build/sitl/modules/lwip/src/core/raw.c.0.gcno:no functions found
geninfo: WARNING: GCOV did not produce any data for /media/tihan/pavan/kala/build/sitl/modules/lwip/src/core/raw.c.0.gcno
Processing sitl/modules/lwip/src/core/pbuf.c.0.gcno
Processing sitl/modules/lwip/src/core/mem.c.0.gcno
Processing sitl/modules/lwip/src/core/altcp_alloc.c.0.gcno
/media/tihan/pavan/kala/build/sitl/modules/lwip/src/core/altcp_alloc.c.0.gcno:no functions found
geninfo: WARNING: GCOV did not produce any data for /media/tihan/pavan/kala/build/sitl/modules/lwip/src/core/altcp_alloc.c.0.gcno
Processing sitl/modules/lwip/src/netif/lowpan6_common.c.0.gcno
/media/tihan/pavan/kala/build/sitl/modules/lwip/src/netif/lowpan6_common.c.0.gcno:no functions found
geninfo: WARNING: GCOV did not produce any data for /media/tihan/pavan/kala/build/sitl/modules/lwip/src/netif/lowpan6_common.c.0.gcno
Processing sitl/modules/lwip/src/netif/zepif.c.0.gcno
/media/tihan/pavan/kala/build/sitl/modules/lwip/src/netif/zepif.c.0.gcno:no functions found
geninfo: WARNING: GCOV did not produce any data for /media/tihan/pavan/kala/build/sitl/modules/lwip/src/netif/zepif.c.0.gcno
Processing sitl/modules/lwip/src/netif/lowpan6.c.0.gcno
/media/tihan/pavan/kala/build/sitl/modules/lwip/src/netif/lowpan6.c.0.gcno:no functions found
geninfo: WARNING: GCOV did not produce any data for /media/tihan/pavan/kala/build/sitl/modules/lwip/src/netif/lowpan6.c.0.gcno
Processing sitl/modules/lwip/src/netif/ethernet.c.0.gcno
Processing sitl/modules/lwip/src/netif/ppp/pppol2tp.c.0.gcno
/media/tihan/pavan/kala/build/sitl/modules/lwip/src/netif/ppp/pppol2tp.c.0.gcno:no functions found
geninfo: WARNING: GCOV did not produce any data for /media/tihan/pavan/kala/build/sitl/modules/lwip/src/netif/ppp/pppol2tp.c.0.gcno
Processing sitl/modules/lwip/src/netif/ppp/ecp.c.0.gcno
/media/tihan/pavan/kala/build/sitl/modules/lwip/src/netif/ppp/ecp.c.0.gcno:no functions found
geninfo: WARNING: GCOV did not produce any data for /media/tihan/pavan/kala/build/sitl/modules/lwip/src/netif/ppp/ecp.c.0.gcno
Processing sitl/modules/lwip/src/netif/ppp/chap-new.c.0.gcno
/media/tihan/pavan/kala/build/sitl/modules/lwip/src/netif/ppp/chap-new.c.0.gcno:no functions found
geninfo: WARNING: GCOV did not produce any data for /media/tihan/pavan/kala/build/sitl/modules/lwip/src/netif/ppp/chap-new.c.0.gcno
Processing sitl/modules/lwip/src/netif/ppp/pppos.c.0.gcno
Processing sitl/modules/lwip/src/netif/ppp/ipcp.c.0.gcno
Processing sitl/modules/lwip/src/netif/ppp/eap.c.0.gcno
/media/tihan/pavan/kala/build/sitl/modules/lwip/src/netif/ppp/eap.c.0.gcno:no functions found
geninfo: WARNING: GCOV did not produce any data for /media/tihan/pavan/kala/build/sitl/modules/lwip/src/netif/ppp/eap.c.0.gcno
Processing sitl/modules/lwip/src/netif/ppp/eui64.c.0.gcno
/media/tihan/pavan/kala/build/sitl/modules/lwip/src/netif/ppp/eui64.c.0.gcno:no functions found
geninfo: WARNING: GCOV did not produce any data for /media/tihan/pavan/kala/build/sitl/modules/lwip/src/netif/ppp/eui64.c.0.gcno
Processing sitl/modules/lwip/src/netif/ppp/multilink.c.0.gcno
/media/tihan/pavan/kala/build/sitl/modules/lwip/src/netif/ppp/multilink.c.0.gcno:no functions found
geninfo: WARNING: GCOV did not produce any data for /media/tihan/pavan/kala/build/sitl/modules/lwip/src/netif/ppp/multilink.c.0.gcno
Processing sitl/modules/lwip/src/netif/ppp/pppcrypt.c.0.gcno
/media/tihan/pavan/kala/build/sitl/modules/lwip/src/netif/ppp/pppcrypt.c.0.gcno:no functions found
geninfo: WARNING: GCOV did not produce any data for /media/tihan/pavan/kala/build/sitl/modules/lwip/src/netif/ppp/pppcrypt.c.0.gcno
Processing sitl/modules/lwip/src/netif/ppp/lcp.c.0.gcno
Processing sitl/modules/lwip/src/netif/ppp/mppe.c.0.gcno
/media/tihan/pavan/kala/build/sitl/modules/lwip/src/netif/ppp/mppe.c.0.gcno:no functions found
geninfo: WARNING: GCOV did not produce any data for /media/tihan/pavan/kala/build/sitl/modules/lwip/src/netif/ppp/mppe.c.0.gcno
Processing sitl/modules/lwip/src/netif/ppp/fsm.c.0.gcno
Processing sitl/modules/lwip/src/netif/ppp/utils.c.0.gcno
Processing sitl/modules/lwip/src/netif/ppp/chap-md5.c.0.gcno
/media/tihan/pavan/kala/build/sitl/modules/lwip/src/netif/ppp/chap-md5.c.0.gcno:no functions found
geninfo: WARNING: GCOV did not produce any data for /media/tihan/pavan/kala/build/sitl/modules/lwip/src/netif/ppp/chap-md5.c.0.gcno
Processing sitl/modules/lwip/src/netif/ppp/auth.c.0.gcno
Processing sitl/modules/lwip/src/netif/ppp/chap_ms.c.0.gcno
/media/tihan/pavan/kala/build/sitl/modules/lwip/src/netif/ppp/chap_ms.c.0.gcno:no functions found
geninfo: WARNING: GCOV did not produce any data for /media/tihan/pavan/kala/build/sitl/modules/lwip/src/netif/ppp/chap_ms.c.0.gcno
Processing sitl/modules/lwip/src/netif/ppp/upap.c.0.gcno
/media/tihan/pavan/kala/build/sitl/modules/lwip/src/netif/ppp/upap.c.0.gcno:no functions found
geninfo: WARNING: GCOV did not produce any data for /media/tihan/pavan/kala/build/sitl/modules/lwip/src/netif/ppp/upap.c.0.gcno
Processing sitl/modules/lwip/src/netif/ppp/vj.c.0.gcno
/media/tihan/pavan/kala/build/sitl/modules/lwip/src/netif/ppp/vj.c.0.gcno:no functions found
geninfo: WARNING: GCOV did not produce any data for /media/tihan/pavan/kala/build/sitl/modules/lwip/src/netif/ppp/vj.c.0.gcno
Processing sitl/modules/lwip/src/netif/ppp/pppoe.c.0.gcno
/media/tihan/pavan/kala/build/sitl/modules/lwip/src/netif/ppp/pppoe.c.0.gcno:no functions found
geninfo: WARNING: GCOV did not produce any data for /media/tihan/pavan/kala/build/sitl/modules/lwip/src/netif/ppp/pppoe.c.0.gcno
Processing sitl/modules/lwip/src/netif/ppp/magic.c.0.gcno
Processing sitl/modules/lwip/src/netif/ppp/demand.c.0.gcno
/media/tihan/pavan/kala/build/sitl/modules/lwip/src/netif/ppp/demand.c.0.gcno:no functions found
geninfo: WARNING: GCOV did not produce any data for /media/tihan/pavan/kala/build/sitl/modules/lwip/src/netif/ppp/demand.c.0.gcno
Processing sitl/modules/lwip/src/netif/ppp/pppapi.c.0.gcno
Processing sitl/modules/lwip/src/netif/ppp/ipv6cp.c.0.gcno
/media/tihan/pavan/kala/build/sitl/modules/lwip/src/netif/ppp/ipv6cp.c.0.gcno:no functions found
geninfo: WARNING: GCOV did not produce any data for /media/tihan/pavan/kala/build/sitl/modules/lwip/src/netif/ppp/ipv6cp.c.0.gcno
Processing sitl/modules/lwip/src/netif/ppp/ccp.c.0.gcno
/media/tihan/pavan/kala/build/sitl/modules/lwip/src/netif/ppp/ccp.c.0.gcno:no functions found
geninfo: WARNING: GCOV did not produce any data for /media/tihan/pavan/kala/build/sitl/modules/lwip/src/netif/ppp/ccp.c.0.gcno
Processing sitl/modules/lwip/src/netif/ppp/ppp.c.0.gcno
Processing sitl/modules/lwip/src/netif/slipif.c.0.gcno
Processing sitl/modules/lwip/src/netif/bridgeif_fdb.c.0.gcno
Processing sitl/modules/lwip/src/netif/lowpan6_ble.c.0.gcno
/media/tihan/pavan/kala/build/sitl/modules/lwip/src/netif/lowpan6_ble.c.0.gcno:no functions found
geninfo: WARNING: GCOV did not produce any data for /media/tihan/pavan/kala/build/sitl/modules/lwip/src/netif/lowpan6_ble.c.0.gcno
Processing sitl/modules/lwip/src/netif/bridgeif.c.0.gcno
/media/tihan/pavan/kala/build/sitl/modules/lwip/src/netif/bridgeif.c.0.gcno:no functions found
geninfo: WARNING: GCOV did not produce any data for /media/tihan/pavan/kala/build/sitl/modules/lwip/src/netif/bridgeif.c.0.gcno
Processing sitl/modules/DroneCAN/libcanard/dsdlc_generated/src/uavcan.equipment.hardpoint.Status.c.46.gcno
Processing sitl/modules/DroneCAN/libcanard/dsdlc_generated/src/uavcan.tunnel.Call_req.c.52.gcno
Processing sitl/modules/DroneCAN/libcanard/dsdlc_generated/src/uavcan.protocol.file.Write_req.c.51.gcno
Processing sitl/modules/DroneCAN/libcanard/dsdlc_generated/src/uavcan.protocol.file.Read_res.c.46.gcno
Processing sitl/modules/DroneCAN/libcanard/dsdlc_generated/src/uavcan.protocol.file.EntryType.c.52.gcno
Processing sitl/modules/DroneCAN/libcanard/dsdlc_generated/src/uavcan.protocol.param.GetSet_res.c.52.gcno
Processing sitl/modules/DroneCAN/libcanard/dsdlc_generated/src/uavcan.equipment.esc.RPMCommand.c.51.gcno
Processing sitl/modules/DroneCAN/libcanard/dsdlc_generated/src/com.hobbywing.esc.SetBaud_req.c.48.gcno
Processing sitl/modules/DroneCAN/libcanard/dsdlc_generated/src/uavcan.protocol.param.ExecuteOpcode_res.c.51.gcno
Processing sitl/modules/DroneCAN/libcanard/dsdlc_generated/src/com.xacti.GnssStatus.c.46.gcno
Processing sitl/modules/DroneCAN/libcanard/dsdlc_generated/src/uavcan.equipment.esc.RPMCommand.c.47.gcno
Processing sitl/modules/DroneCAN/libcanard/dsdlc_generated/src/uavcan.equipment.air_data.AngleOfAttack.c.48.gcno
Processing sitl/modules/DroneCAN/libcanard/dsdlc_generated/src/uavcan.tunnel.Call_req.c.48.gcno
Processing sitl/modules/DroneCAN/libcanard/dsdlc_generated/src/uavcan.equipment.safety.ArmingStatus.c.48.gcno
Processing sitl/modules/DroneCAN/libcanard/dsdlc_generated/src/uavcan.protocol.GetDataTypeInfo_req.c.47.gcno
Processing sitl/modules/DroneCAN/libcanard/dsdlc_generated/src/com.hobbywing.esc.SetID_res.c.208.gcno
Processing sitl/modules/DroneCAN/libcanard/dsdlc_generated/src/dronecan.remoteid.SecureCommand_req.c.48.gcno
Processing sitl/modules/DroneCAN/libcanard/dsdlc_generated/src/uavcan.equipment.ice.reciprocating.Status.c.48.gcno
Processing sitl/modules/DroneCAN/libcanard/dsdlc_generated/src/uavcan.equipment.camera_gimbal.GEOPOICommand.c.48.gcno
Processing sitl/modules/DroneCAN/libcanard/dsdlc_generated/src/uavcan.protocol.SoftwareVersion.c.48.gcno
Processing sitl/modules/DroneCAN/libcanard/dsdlc_generated/src/com.hobbywing.esc.StatusMsg3.c.47.gcno
Processing sitl/modules/DroneCAN/libcanard/dsdlc_generated/src/ardupilot.gnss.Status.c.48.gcno
Processing sitl/modules/DroneCAN/libcanard/dsdlc_generated/src/com.hobbywing.esc.SetThrottleSource_res.c.48.gcno
Processing sitl/modules/DroneCAN/libcanard/dsdlc_generated/src/ardupilot.equipment.power.BatteryPeriodic.c.52.gcno
Processing sitl/modules/DroneCAN/libcanard/dsdlc_generated/src/uavcan.equipment.power.CircuitStatus.c.47.gcno
Processing sitl/modules/DroneCAN/libcanard/dsdlc_generated/src/uavcan.equipment.esc.StatusExtended.c.51.gcno
Processing sitl/modules/DroneCAN/libcanard/dsdlc_generated/src/ardupilot.gnss.RelPosHeading.c.46.gcno
Processing sitl/modules/DroneCAN/libcanard/dsdlc_generated/src/com.tmotor.esc.PUSHSCI.c.48.gcno
Processing sitl/modules/DroneCAN/libcanard/dsdlc_generated/src/uavcan.equipment.power.CircuitStatus.c.208.gcno
Processing sitl/modules/DroneCAN/libcanard/dsdlc_generated/src/uavcan.equipment.air_data.Sideslip.c.48.gcno
Processing sitl/modules/DroneCAN/libcanard/dsdlc_generated/src/uavcan.protocol.param.NumericValue.c.47.gcno
Processing sitl/modules/DroneCAN/libcanard/dsdlc_generated/src/uavcan.protocol.enumeration.Begin_req.c.48.gcno
Processing sitl/modules/DroneCAN/libcanard/dsdlc_generated/src/uavcan.equipment.esc.StatusExtended.c.48.gcno
Processing sitl/modules/DroneCAN/libcanard/dsdlc_generated/src/uavcan.equipment.hardpoint.Command.c.52.gcno
Processing sitl/modules/DroneCAN/libcanard/dsdlc_generated/src/dronecan.remoteid.BasicID.c.51.gcno
Processing sitl/modules/DroneCAN/libcanard/dsdlc_generated/src/uavcan.equipment.hardpoint.Command.c.51.gcno
Processing sitl/modules/DroneCAN/libcanard/dsdlc_generated/src/uavcan.CoarseOrientation.c.208.gcno
Processing sitl/modules/DroneCAN/libcanard/dsdlc_generated/src/uavcan.protocol.dynamic_node_id.server.RequestVote_res.c.48.gcno
Processing sitl/modules/DroneCAN/libcanard/dsdlc_generated/src/uavcan.equipment.indication.RGB565.c.46.gcno
Processing sitl/modules/DroneCAN/libcanard/dsdlc_generated/src/uavcan.equipment.ice.FuelTankStatus.c.48.gcno
Processing sitl/modules/DroneCAN/libcanard/dsdlc_generated/src/uavcan.protocol.NodeStatus.c.208.gcno
Processing sitl/modules/DroneCAN/libcanard/dsdlc_generated/src/uavcan.protocol.dynamic_node_id.server.Discovery.c.52.gcno
Processing sitl/modules/DroneCAN/libcanard/dsdlc_generated/src/uavcan.protocol.dynamic_node_id.server.RequestVote_req.c.52.gcno
Processing sitl/modules/DroneCAN/libcanard/dsdlc_generated/src/uavcan.equipment.air_data.TrueAirspeed.c.208.gcno
Processing sitl/modules/DroneCAN/libcanard/dsdlc_generated/src/uavcan.protocol.file.BeginFirmwareUpdate_res.c.48.gcno
Processing sitl/modules/DroneCAN/libcanard/dsdlc_generated/src/com.hobbywing.esc.SetThrottleSource_req.c.52.gcno
Processing sitl/modules/DroneCAN/libcanard/dsdlc_generated/src/uavcan.protocol.file.GetDirectoryEntryInfo_req.c.52.gcno
Processing sitl/modules/DroneCAN/libcanard/dsdlc_generated/src/com.tmotor.esc.FocCtrl.c.47.gcno
Processing sitl/modules/DroneCAN/libcanard/dsdlc_generated/src/uavcan.protocol.dynamic_node_id.server.AppendEntries_res.c.46.gcno
Processing sitl/modules/DroneCAN/libcanard/dsdlc_generated/src/uavcan.equipment.esc.RPMCommand.c.208.gcno
Processing sitl/modules/DroneCAN/libcanard/dsdlc_generated/src/uavcan.protocol.GetDataTypeInfo_req.c.208.gcno
Processing sitl/modules/DroneCAN/libcanard/dsdlc_generated/src/com.volz.servo.ActuatorStatus.c.47.gcno
Processing sitl/modules/DroneCAN/libcanard/dsdlc_generated/src/uavcan.protocol.file.BeginFirmwareUpdate_res.c.47.gcno
Processing sitl/modules/DroneCAN/libcanard/dsdlc_generated/src/uavcan.equipment.gnss.ECEFPositionVelocity.c.46.gcno
Processing sitl/modules/DroneCAN/libcanard/dsdlc_generated/src/uavcan.equipment.power.BatteryInfo.c.208.gcno
Processing sitl/modules/DroneCAN/libcanard/dsdlc_generated/src/uavcan.protocol.DataTypeKind.c.48.gcno
Processing sitl/modules/DroneCAN/libcanard/dsdlc_generated/src/uavcan.protocol.GetDataTypeInfo_res.c.51.gcno
Processing sitl/modules/DroneCAN/libcanard/dsdlc_generated/src/uavcan.protocol.param.NumericValue.c.52.gcno
Processing sitl/modules/DroneCAN/libcanard/dsdlc_generated/src/ardupilot.indication.Button.c.52.gcno
Processing sitl/modules/DroneCAN/libcanard/dsdlc_generated/src/com.hobbywing.esc.SetBaud_req.c.52.gcno
Processing sitl/modules/DroneCAN/libcanard/dsdlc_generated/src/com.hobbywing.esc.GetMajorConfig_req.c.46.gcno
Processing sitl/modules/DroneCAN/libcanard/dsdlc_generated/src/uavcan.protocol.RestartNode_req.c.52.gcno
Processing sitl/modules/DroneCAN/libcanard/dsdlc_generated/src/uavcan.protocol.file.BeginFirmwareUpdate_req.c.51.gcno
Processing sitl/modules/DroneCAN/libcanard/dsdlc_generated/src/uavcan.equipment.ice.FuelTankStatus.c.52.gcno
Processing sitl/modules/DroneCAN/libcanard/dsdlc_generated/src/uavcan.protocol.file.GetDirectoryEntryInfo_res.c.47.gcno
Processing sitl/modules/DroneCAN/libcanard/dsdlc_generated/src/uavcan.protocol.file.Read_res.c.48.gcno
Processing sitl/modules/DroneCAN/libcanard/dsdlc_generated/src/com.hobbywing.esc.SetThrottleSource_req.c.208.gcno
Processing sitl/modules/DroneCAN/libcanard/dsdlc_generated/src/uavcan.equipment.indication.BeepCommand.c.52.gcno
Processing sitl/modules/DroneCAN/libcanard/dsdlc_generated/src/ardupilot.equipment.trafficmonitor.TrafficReport.c.208.gcno
Processing sitl/modules/DroneCAN/libcanard/dsdlc_generated/src/com.tmotor.esc.FocCtrl.c.48.gcno
Processing sitl/modules/DroneCAN/libcanard/dsdlc_generated/src/com.hobbywing.esc.SelfTest_res.c.52.gcno
Processing sitl/modules/DroneCAN/libcanard/dsdlc_generated/src/uavcan.equipment.indication.SingleLightCommand.c.51.gcno
Processing sitl/modules/DroneCAN/libcanard/dsdlc_generated/src/com.hobbywing.esc.SetAngle_res.c.52.gcno
Processing sitl/modules/DroneCAN/libcanard/dsdlc_generated/src/uavcan.protocol.NodeStatus.c.52.gcno
Processing sitl/modules/DroneCAN/libcanard/dsdlc_generated/src/uavcan.equipment.indication.RGB565.c.48.gcno
Processing sitl/modules/DroneCAN/libcanard/dsdlc_generated/src/uavcan.equipment.indication.SingleLightCommand.c.208.gcno
Processing sitl/modules/DroneCAN/libcanard/dsdlc_generated/src/com.hobbywing.esc.SetAngle_req.c.46.gcno
Processing sitl/modules/DroneCAN/libcanard/dsdlc_generated/src/uavcan.equipment.ahrs.RawIMU.c.46.gcno
Processing sitl/modules/DroneCAN/libcanard/dsdlc_generated/src/com.hobbywing.esc.SetBaud_req.c.47.gcno
Processing sitl/modules/DroneCAN/libcanard/dsdlc_generated/src/dronecan.protocol.CanStats.c.47.gcno
Processing sitl/modules/DroneCAN/libcanard/dsdlc_generated/src/com.hobbywing.esc.SetBaud_res.c.208.gcno
Processing sitl/modules/DroneCAN/libcanard/dsdlc_generated/src/uavcan.navigation.GlobalNavigationSolution.c.46.gcno
Processing sitl/modules/DroneCAN/libcanard/dsdlc_generated/src/uavcan.equipment.air_data.TrueAirspeed.c.47.gcno
Processing sitl/modules/DroneCAN/libcanard/dsdlc_generated/src/uavcan.tunnel.Targetted.c.52.gcno
Processing sitl/modules/DroneCAN/libcanard/dsdlc_generated/src/com.tmotor.esc.PUSHCAN.c.208.gcno
Processing sitl/modules/DroneCAN/libcanard/dsdlc_generated/src/uavcan.equipment.hardpoint.Status.c.52.gcno
Processing sitl/modules/DroneCAN/libcanard/dsdlc_generated/src/uavcan.protocol.GetNodeInfo_req.c.46.gcno
Processing sitl/modules/DroneCAN/libcanard/dsdlc_generated/src/com.hobbywing.esc.SetAngle_req.c.51.gcno
Processing sitl/modules/DroneCAN/libcanard/dsdlc_generated/src/uavcan.equipment.hardpoint.Command.c.48.gcno
Processing sitl/modules/DroneCAN/libcanard/dsdlc_generated/src/com.hobbywing.esc.SetReportingFrequency_req.c.46.gcno
Processing sitl/modules/DroneCAN/libcanard/dsdlc_generated/src/uavcan.equipment.ahrs.RawIMU.c.51.gcno
Processing sitl/modules/DroneCAN/libcanard/dsdlc_generated/src/uavcan.protocol.dynamic_node_id.server.AppendEntries_res.c.208.gcno
Processing sitl/modules/DroneCAN/libcanard/dsdlc_generated/src/uavcan.equipment.camera_gimbal.GEOPOICommand.c.47.gcno
Processing sitl/modules/DroneCAN/libcanard/dsdlc_generated/src/com.xacti.GnssStatusReq.c.52.gcno
Processing sitl/modules/DroneCAN/libcanard/dsdlc_generated/src/uavcan.protocol.file.EntryType.c.208.gcno
Processing sitl/modules/DroneCAN/libcanard/dsdlc_generated/src/uavcan.Timestamp.c.208.gcno
Processing sitl/modules/DroneCAN/libcanard/dsdlc_generated/src/com.hobbywing.esc.SetBaud_res.c.47.gcno
Processing sitl/modules/DroneCAN/libcanard/dsdlc_generated/src/ardupilot.equipment.trafficmonitor.TrafficReport.c.48.gcno
Processing sitl/modules/DroneCAN/libcanard/dsdlc_generated/src/uavcan.protocol.param.Value.c.208.gcno
Processing sitl/modules/DroneCAN/libcanard/dsdlc_generated/src/dronecan.remoteid.ArmStatus.c.47.gcno
Processing sitl/modules/DroneCAN/libcanard/dsdlc_generated/src/uavcan.equipment.indication.LightsCommand.c.51.gcno
Processing sitl/modules/DroneCAN/libcanard/dsdlc_generated/src/com.tmotor.esc.ParamCfg.c.47.gcno
Processing sitl/modules/DroneCAN/libcanard/dsdlc_generated/src/uavcan.protocol.GetNodeInfo_res.c.208.gcno
Processing sitl/modules/DroneCAN/libcanard/dsdlc_generated/src/com.hobbywing.esc.GetMaintenanceInformation_req.c.52.gcno
Processing sitl/modules/DroneCAN/libcanard/dsdlc_generated/src/uavcan.equipment.ice.FuelTankStatus.c.46.gcno
Processing sitl/modules/DroneCAN/libcanard/dsdlc_generated/src/com.xacti.CopterAttStatus.c.51.gcno
Processing sitl/modules/DroneCAN/libcanard/dsdlc_generated/src/uavcan.equipment.ahrs.RawIMU.c.47.gcno
Processing sitl/modules/DroneCAN/libcanard/dsdlc_generated/src/uavcan.equipment.camera_gimbal.Status.c.52.gcno
Processing sitl/modules/DroneCAN/libcanard/dsdlc_generated/src/uavcan.equipment.gnss.RTCMStream.c.208.gcno
Processing sitl/modules/DroneCAN/libcanard/dsdlc_generated/src/uavcan.equipment.safety.ArmingStatus.c.208.gcno
Processing sitl/modules/DroneCAN/libcanard/dsdlc_generated/src/uavcan.equipment.gnss.ECEFPositionVelocity.c.51.gcno
Processing sitl/modules/DroneCAN/libcanard/dsdlc_generated/src/uavcan.equipment.air_data.StaticTemperature.c.48.gcno
Processing sitl/modules/DroneCAN/libcanard/dsdlc_generated/src/uavcan.protocol.GetNodeInfo_res.c.46.gcno
Processing sitl/modules/DroneCAN/libcanard/dsdlc_generated/src/cuav.equipment.power.CBAT.c.208.gcno
Processing sitl/modules/DroneCAN/libcanard/dsdlc_generated/src/uavcan.protocol.enumeration.Begin_req.c.208.gcno
Processing sitl/modules/DroneCAN/libcanard/dsdlc_generated/src/uavcan.equipment.actuator.Command.c.208.gcno
Processing sitl/modules/DroneCAN/libcanard/dsdlc_generated/src/uavcan.equipment.esc.RPMCommand.c.52.gcno
Processing sitl/modules/DroneCAN/libcanard/dsdlc_generated/src/uavcan.equipment.camera_gimbal.Status.c.208.gcno
Processing sitl/modules/DroneCAN/libcanard/dsdlc_generated/src/uavcan.equipment.indication.RGB565.c.52.gcno
Processing sitl/modules/DroneCAN/libcanard/dsdlc_generated/src/ardupilot.equipment.proximity_sensor.Proximity.c.51.gcno
Processing sitl/modules/DroneCAN/libcanard/dsdlc_generated/src/uavcan.equipment.air_data.Sideslip.c.46.gcno
Processing sitl/modules/DroneCAN/libcanard/dsdlc_generated/src/ardupilot.indication.Button.c.48.gcno
Processing sitl/modules/DroneCAN/libcanard/dsdlc_generated/src/uavcan.protocol.param.GetSet_req.c.52.gcno
Processing sitl/modules/DroneCAN/libcanard/dsdlc_generated/src/com.hobbywing.esc.GetMaintenanceInformation_res.c.51.gcno
Processing sitl/modules/DroneCAN/libcanard/dsdlc_generated/src/uavcan.protocol.GetNodeInfo_req.c.47.gcno
Processing sitl/modules/DroneCAN/libcanard/dsdlc_generated/src/uavcan.equipment.camera_gimbal.GEOPOICommand.c.46.gcno
Processing sitl/modules/DroneCAN/libcanard/dsdlc_generated/src/com.xacti.GnssStatusReq.c.46.gcno
Processing sitl/modules/DroneCAN/libcanard/dsdlc_generated/src/uavcan.protocol.file.Read_res.c.208.gcno
Processing sitl/modules/DroneCAN/libcanard/dsdlc_generated/src/uavcan.equipment.camera_gimbal.AngularCommand.c.208.gcno
Processing sitl/modules/DroneCAN/libcanard/dsdlc_generated/src/uavcan.protocol.file.Read_req.c.48.gcno
Processing sitl/modules/DroneCAN/libcanard/dsdlc_generated/src/uavcan.protocol.debug.LogMessage.c.47.gcno
Processing sitl/modules/DroneCAN/libcanard/dsdlc_generated/src/uavcan.equipment.air_data.StaticPressure.c.47.gcno
Processing sitl/modules/DroneCAN/libcanard/dsdlc_generated/src/uavcan.protocol.enumeration.Begin_req.c.46.gcno
Processing sitl/modules/DroneCAN/libcanard/dsdlc_generated/src/ardupilot.gnss.Status.c.47.gcno
Processing sitl/modules/DroneCAN/libcanard/dsdlc_generated/src/com.hobbywing.esc.SetDirection_req.c.208.gcno
Processing sitl/modules/DroneCAN/libcanard/dsdlc_generated/src/uavcan.equipment.air_data.IndicatedAirspeed.c.48.gcno
Processing sitl/modules/DroneCAN/libcanard/dsdlc_generated/src/uavcan.equipment.actuator.ArrayCommand.c.208.gcno
Processing sitl/modules/DroneCAN/libcanard/dsdlc_generated/src/uavcan.protocol.param.GetSet_res.c.51.gcno
Processing sitl/modules/DroneCAN/libcanard/dsdlc_generated/src/uavcan.protocol.file.Write_req.c.48.gcno
Processing sitl/modules/DroneCAN/libcanard/dsdlc_generated/src/uavcan.protocol.file.GetInfo_res.c.47.gcno
Processing sitl/modules/DroneCAN/libcanard/dsdlc_generated/src/dronecan.protocol.FlexDebug.c.52.gcno
Processing sitl/modules/DroneCAN/libcanard/dsdlc_generated/src/uavcan.equipment.actuator.Status.c.52.gcno
Processing sitl/modules/DroneCAN/libcanard/dsdlc_generated/src/ardupilot.equipment.power.BatteryInfoAux.c.208.gcno
Processing sitl/modules/DroneCAN/libcanard/dsdlc_generated/src/uavcan.protocol.param.Empty.c.52.gcno
Processing sitl/modules/DroneCAN/libcanard/dsdlc_generated/src/uavcan.protocol.GetDataTypeInfo_res.c.46.gcno
Processing sitl/modules/DroneCAN/libcanard/dsdlc_generated/src/uavcan.tunnel.Call_res.c.48.gcno
Processing sitl/modules/DroneCAN/libcanard/dsdlc_generated/src/uavcan.tunnel.SerialConfig.c.208.gcno
Processing sitl/modules/DroneCAN/libcanard/dsdlc_generated/src/uavcan.protocol.GlobalTimeSync.c.208.gcno
Processing sitl/modules/DroneCAN/libcanard/dsdlc_generated/src/uavcan.equipment.power.BatteryInfo.c.51.gcno
Processing sitl/modules/DroneCAN/libcanard/dsdlc_generated/src/com.hobbywing.esc.SetLED_req.c.208.gcno
Processing sitl/modules/DroneCAN/libcanard/dsdlc_generated/src/uavcan.equipment.ice.reciprocating.CylinderStatus.c.208.gcno
Processing sitl/modules/DroneCAN/libcanard/dsdlc_generated/src/com.hobbywing.esc.GetMajorConfig_res.c.208.gcno
Processing sitl/modules/DroneCAN/libcanard/dsdlc_generated/src/ardupilot.equipment.power.BatteryPeriodic.c.51.gcno
Processing sitl/modules/DroneCAN/libcanard/dsdlc_generated/src/com.hobbywing.esc.SetThrottleSource_res.c.47.gcno
Processing sitl/modules/DroneCAN/libcanard/dsdlc_generated/src/dronecan.sensors.rpm.RPM.c.48.gcno
Processing sitl/modules/DroneCAN/libcanard/dsdlc_generated/src/uavcan.equipment.indication.LightsCommand.c.46.gcno
Processing sitl/modules/DroneCAN/libcanard/dsdlc_generated/src/uavcan.protocol.param.GetSet_res.c.48.gcno
Processing sitl/modules/DroneCAN/libcanard/dsdlc_generated/src/uavcan.protocol.file.Write_res.c.52.gcno
Processing sitl/modules/DroneCAN/libcanard/dsdlc_generated/src/uavcan.equipment.gnss.Fix2.c.52.gcno
Processing sitl/modules/DroneCAN/libcanard/dsdlc_generated/src/uavcan.protocol.RestartNode_req.c.208.gcno
Processing sitl/modules/DroneCAN/libcanard/dsdlc_generated/src/uavcan.equipment.air_data.AngleOfAttack.c.52.gcno
Processing sitl/modules/DroneCAN/libcanard/dsdlc_generated/src/uavcan.tunnel.Call_res.c.52.gcno
Processing sitl/modules/DroneCAN/libcanard/dsdlc_generated/src/uavcan.protocol.GetNodeInfo_req.c.48.gcno
Processing sitl/modules/DroneCAN/libcanard/dsdlc_generated/src/com.hobbywing.esc.SetID_res.c.52.gcno
Processing sitl/modules/DroneCAN/libcanard/dsdlc_generated/src/uavcan.equipment.hardpoint.Command.c.46.gcno
Processing sitl/modules/DroneCAN/libcanard/dsdlc_generated/src/dronecan.remoteid.Location.c.208.gcno
Processing sitl/modules/DroneCAN/libcanard/dsdlc_generated/src/com.hobbywing.esc.SetReportingFrequency_res.c.46.gcno
Processing sitl/modules/DroneCAN/libcanard/dsdlc_generated/src/dronecan.protocol.GlobalTime.c.51.gcno
Processing sitl/modules/DroneCAN/libcanard/dsdlc_generated/src/uavcan.equipment.range_sensor.Measurement.c.208.gcno
Processing sitl/modules/DroneCAN/libcanard/dsdlc_generated/src/uavcan.protocol.param.Value.c.46.gcno
Processing sitl/modules/DroneCAN/libcanard/dsdlc_generated/src/com.hobbywing.esc.StatusMsg1.c.208.gcno
Processing sitl/modules/DroneCAN/libcanard/dsdlc_generated/src/dronecan.sensors.rc.RCInput.c.208.gcno
Processing sitl/modules/DroneCAN/libcanard/dsdlc_generated/src/uavcan.protocol.param.ExecuteOpcode_req.c.208.gcno
Processing sitl/modules/DroneCAN/libcanard/dsdlc_generated/src/uavcan.equipment.indication.SingleLightCommand.c.46.gcno
Processing sitl/modules/DroneCAN/libcanard/dsdlc_generated/src/com.xacti.GnssStatus.c.52.gcno
Processing sitl/modules/DroneCAN/libcanard/dsdlc_generated/src/dronecan.sensors.rc.RCInput.c.47.gcno
Processing sitl/modules/DroneCAN/libcanard/dsdlc_generated/src/uavcan.equipment.ahrs.MagneticFieldStrength.c.208.gcno
Processing sitl/modules/DroneCAN/libcanard/dsdlc_generated/src/com.tmotor.esc.PUSHSCI.c.51.gcno
Processing sitl/modules/DroneCAN/libcanard/dsdlc_generated/src/uavcan.protocol.dynamic_node_id.server.Discovery.c.51.gcno
Processing sitl/modules/DroneCAN/libcanard/dsdlc_generated/src/uavcan.equipment.camera_gimbal.Mode.c.48.gcno
Processing sitl/modules/DroneCAN/libcanard/dsdlc_generated/src/uavcan.equipment.esc.StatusExtended.c.46.gcno
Processing sitl/modules/DroneCAN/libcanard/dsdlc_generated/src/com.hobbywing.esc.StatusMsg2.c.51.gcno
Processing sitl/modules/DroneCAN/libcanard/dsdlc_generated/src/ardupilot.equipment.power.BatteryPeriodic.c.48.gcno
Processing sitl/modules/DroneCAN/libcanard/dsdlc_generated/src/ardupilot.equipment.proximity_sensor.Proximity.c.48.gcno
Processing sitl/modules/DroneCAN/libcanard/dsdlc_generated/src/mppt.OutputEnable_req.c.208.gcno
Processing sitl/modules/DroneCAN/libcanard/dsdlc_generated/src/uavcan.protocol.file.Delete_req.c.48.gcno
Processing sitl/modules/DroneCAN/libcanard/dsdlc_generated/src/com.xacti.GnssStatus.c.51.gcno
Processing sitl/modules/DroneCAN/libcanard/dsdlc_generated/src/uavcan.equipment.ice.reciprocating.CylinderStatus.c.51.gcno
Processing sitl/modules/DroneCAN/libcanard/dsdlc_generated/src/uavcan.equipment.air_data.AngleOfAttack.c.47.gcno
Processing sitl/modules/DroneCAN/libcanard/dsdlc_generated/src/uavcan.protocol.file.BeginFirmwareUpdate_req.c.47.gcno
Processing sitl/modules/DroneCAN/libcanard/dsdlc_generated/src/uavcan.protocol.file.Delete_req.c.208.gcno
Processing sitl/modules/DroneCAN/libcanard/dsdlc_generated/src/uavcan.protocol.file.EntryType.c.47.gcno
Processing sitl/modules/DroneCAN/libcanard/dsdlc_generated/src/uavcan.equipment.gnss.Auxiliary.c.51.gcno
Processing sitl/modules/DroneCAN/libcanard/dsdlc_generated/src/uavcan.equipment.device.Temperature.c.52.gcno
Processing sitl/modules/DroneCAN/libcanard/dsdlc_generated/src/uavcan.protocol.dynamic_node_id.Allocation.c.52.gcno
Processing sitl/modules/DroneCAN/libcanard/dsdlc_generated/src/uavcan.equipment.esc.Status.c.208.gcno
Processing sitl/modules/DroneCAN/libcanard/dsdlc_generated/src/com.hobbywing.esc.GetMaintenanceInformation_res.c.47.gcno
Processing sitl/modules/DroneCAN/libcanard/dsdlc_generated/src/com.xacti.CopterAttStatus.c.52.gcno
Processing sitl/modules/DroneCAN/libcanard/dsdlc_generated/src/uavcan.equipment.range_sensor.Measurement.c.47.gcno
Processing sitl/modules/DroneCAN/libcanard/dsdlc_generated/src/uavcan.protocol.file.GetInfo_req.c.208.gcno
Processing sitl/modules/DroneCAN/libcanard/dsdlc_generated/src/com.hobbywing.esc.GetMajorConfig_req.c.51.gcno
Processing sitl/modules/DroneCAN/libcanard/dsdlc_generated/src/com.hobbywing.esc.SetLED_res.c.46.gcno
Processing sitl/modules/DroneCAN/libcanard/dsdlc_generated/src/com.hobbywing.esc.StatusMsg1.c.51.gcno
Processing sitl/modules/DroneCAN/libcanard/dsdlc_generated/src/com.hobbywing.esc.StatusMsg3.c.46.gcno
Processing sitl/modules/DroneCAN/libcanard/dsdlc_generated/src/com.tmotor.esc.ParamGet.c.51.gcno
Processing sitl/modules/DroneCAN/libcanard/dsdlc_generated/src/uavcan.equipment.ice.reciprocating.Status.c.47.gcno
Processing sitl/modules/DroneCAN/libcanard/dsdlc_generated/src/uavcan.protocol.GlobalTimeSync.c.51.gcno
Processing sitl/modules/DroneCAN/libcanard/dsdlc_generated/src/uavcan.equipment.ice.FuelTankStatus.c.51.gcno
Processing sitl/modules/DroneCAN/libcanard/dsdlc_generated/src/uavcan.protocol.CANIfaceStats.c.208.gcno
Processing sitl/modules/DroneCAN/libcanard/dsdlc_generated/src/uavcan.equipment.power.PrimaryPowerSupplyStatus.c.48.gcno
Processing sitl/modules/DroneCAN/libcanard/dsdlc_generated/src/ardupilot.indication.SafetyState.c.48.gcno
Processing sitl/modules/DroneCAN/libcanard/dsdlc_generated/src/dronecan.remoteid.Location.c.46.gcno
Processing sitl/modules/DroneCAN/libcanard/dsdlc_generated/src/ardupilot.equipment.trafficmonitor.TrafficReport.c.47.gcno
Processing sitl/modules/DroneCAN/libcanard/dsdlc_generated/src/com.hobbywing.esc.SetDirection_res.c.52.gcno
Processing sitl/modules/DroneCAN/libcanard/dsdlc_generated/src/dronecan.remoteid.SecureCommand_res.c.47.gcno
Processing sitl/modules/DroneCAN/libcanard/dsdlc_generated/src/uavcan.protocol.dynamic_node_id.server.AppendEntries_res.c.51.gcno
Processing sitl/modules/DroneCAN/libcanard/dsdlc_generated/src/ardupilot.indication.Button.c.51.gcno
Processing sitl/modules/DroneCAN/libcanard/dsdlc_generated/src/com.hobbywing.esc.SetDirection_res.c.46.gcno
Processing sitl/modules/DroneCAN/libcanard/dsdlc_generated/src/com.hobbywing.esc.SetID_req.c.52.gcno
Processing sitl/modules/DroneCAN/libcanard/dsdlc_generated/src/uavcan.protocol.GetDataTypeInfo_res.c.47.gcno
Processing sitl/modules/DroneCAN/libcanard/dsdlc_generated/src/uavcan.equipment.ahrs.MagneticFieldStrength.c.51.gcno
Processing sitl/modules/DroneCAN/libcanard/dsdlc_generated/src/mppt.OutputEnable_res.c.46.gcno
Processing sitl/modules/DroneCAN/libcanard/dsdlc_generated/src/dronecan.sensors.rc.RCInput.c.51.gcno
Processing sitl/modules/DroneCAN/libcanard/dsdlc_generated/src/com.hobbywing.esc.GetMaintenanceInformation_req.c.48.gcno
Processing sitl/modules/DroneCAN/libcanard/dsdlc_generated/src/dronecan.protocol.Stats.c.48.gcno
Processing sitl/modules/DroneCAN/libcanard/dsdlc_generated/src/cuav.equipment.power.CBAT.c.51.gcno
Processing sitl/modules/DroneCAN/libcanard/dsdlc_generated/src/ardupilot.equipment.power.BatteryTag.c.208.gcno
Processing sitl/modules/DroneCAN/libcanard/dsdlc_generated/src/mppt.OutputEnable_res.c.208.gcno
Processing sitl/modules/DroneCAN/libcanard/dsdlc_generated/src/uavcan.tunnel.Protocol.c.51.gcno
Processing sitl/modules/DroneCAN/libcanard/dsdlc_generated/src/uavcan.protocol.GetNodeInfo_req.c.51.gcno
Processing sitl/modules/DroneCAN/libcanard/dsdlc_generated/src/com.xacti.CopterAttStatus.c.47.gcno
Processing sitl/modules/DroneCAN/libcanard/dsdlc_generated/src/dronecan.protocol.CanStats.c.51.gcno
Processing sitl/modules/DroneCAN/libcanard/dsdlc_generated/src/uavcan.protocol.param.Value.c.51.gcno
Processing sitl/modules/DroneCAN/libcanard/dsdlc_generated/src/uavcan.protocol.GetTransportStats_req.c.48.gcno
Processing sitl/modules/DroneCAN/libcanard/dsdlc_generated/src/uavcan.tunnel.SerialConfig.c.52.gcno
Processing sitl/modules/DroneCAN/libcanard/dsdlc_generated/src/uavcan.protocol.NodeStatus.c.47.gcno
Processing sitl/modules/DroneCAN/libcanard/dsdlc_generated/src/com.xacti.GimbalAttitudeStatus.c.48.gcno
Processing sitl/modules/DroneCAN/libcanard/dsdlc_generated/src/ardupilot.equipment.power.BatteryInfoAux.c.51.gcno
Processing sitl/modules/DroneCAN/libcanard/dsdlc_generated/src/com.hobbywing.esc.SetThrottleSource_res.c.208.gcno
Processing sitl/modules/DroneCAN/libcanard/dsdlc_generated/src/uavcan.equipment.air_data.StaticPressure.c.51.gcno
Processing sitl/modules/DroneCAN/libcanard/dsdlc_generated/src/uavcan.equipment.ice.FuelTankStatus.c.47.gcno
Processing sitl/modules/DroneCAN/libcanard/dsdlc_generated/src/uavcan.equipment.camera_gimbal.Mode.c.51.gcno
Processing sitl/modules/DroneCAN/libcanard/dsdlc_generated/src/uavcan.protocol.file.Delete_req.c.47.gcno
Processing sitl/modules/DroneCAN/libcanard/dsdlc_generated/src/uavcan.protocol.file.Delete_res.c.208.gcno
Processing sitl/modules/DroneCAN/libcanard/dsdlc_generated/src/uavcan.equipment.power.BatteryInfo.c.52.gcno
Processing sitl/modules/DroneCAN/libcanard/dsdlc_generated/src/uavcan.protocol.file.GetInfo_req.c.46.gcno
Processing sitl/modules/DroneCAN/libcanard/dsdlc_generated/src/uavcan.equipment.power.PrimaryPowerSupplyStatus.c.208.gcno
Processing sitl/modules/DroneCAN/libcanard/dsdlc_generated/src/uavcan.protocol.debug.KeyValue.c.52.gcno
Processing sitl/modules/DroneCAN/libcanard/dsdlc_generated/src/dronecan.sensors.hygrometer.Hygrometer.c.48.gcno
Processing sitl/modules/DroneCAN/libcanard/dsdlc_generated/src/uavcan.protocol.file.GetInfo_res.c.208.gcno
Processing sitl/modules/DroneCAN/libcanard/dsdlc_generated/src/dronecan.remoteid.SelfID.c.46.gcno
Processing sitl/modules/DroneCAN/libcanard/dsdlc_generated/src/uavcan.protocol.NodeStatus.c.51.gcno
Processing sitl/modules/DroneCAN/libcanard/dsdlc_generated/src/uavcan.equipment.power.CircuitStatus.c.48.gcno
Processing sitl/modules/DroneCAN/libcanard/dsdlc_generated/src/com.volz.servo.ActuatorStatus.c.46.gcno
Processing sitl/modules/DroneCAN/libcanard/dsdlc_generated/src/dronecan.remoteid.SecureCommand_res.c.52.gcno
Processing sitl/modules/DroneCAN/libcanard/dsdlc_generated/src/uavcan.protocol.dynamic_node_id.server.RequestVote_res.c.208.gcno
Processing sitl/modules/DroneCAN/libcanard/dsdlc_generated/src/uavcan.protocol.file.Read_req.c.47.gcno
Processing sitl/modules/DroneCAN/libcanard/dsdlc_generated/src/com.hobbywing.esc.SetAngle_req.c.48.gcno
Processing sitl/modules/DroneCAN/libcanard/dsdlc_generated/src/dronecan.remoteid.OperatorID.c.52.gcno
Processing sitl/modules/DroneCAN/libcanard/dsdlc_generated/src/uavcan.equipment.gnss.RTCMStream.c.51.gcno
Processing sitl/modules/DroneCAN/libcanard/dsdlc_generated/src/uavcan.protocol.Panic.c.208.gcno
Processing sitl/modules/DroneCAN/libcanard/dsdlc_generated/src/uavcan.protocol.GetDataTypeInfo_res.c.208.gcno
Processing sitl/modules/DroneCAN/libcanard/dsdlc_generated/src/ardupilot.equipment.power.BatteryInfoAux.c.52.gcno
Processing sitl/modules/DroneCAN/libcanard/dsdlc_generated/src/com.hobbywing.esc.SetID_res.c.51.gcno
Processing sitl/modules/DroneCAN/libcanard/dsdlc_generated/src/uavcan.protocol.dynamic_node_id.server.AppendEntries_res.c.52.gcno
Processing sitl/modules/DroneCAN/libcanard/dsdlc_generated/src/uavcan.protocol.GetNodeInfo_res.c.51.gcno
Processing sitl/modules/DroneCAN/libcanard/dsdlc_generated/src/uavcan.protocol.AccessCommandShell_req.c.208.gcno
Processing sitl/modules/DroneCAN/libcanard/dsdlc_generated/src/uavcan.equipment.air_data.RawAirData.c.48.gcno
Processing sitl/modules/DroneCAN/libcanard/dsdlc_generated/src/uavcan.equipment.gnss.Auxiliary.c.208.gcno
Processing sitl/modules/DroneCAN/libcanard/dsdlc_generated/src/com.hobbywing.esc.GetEscID.c.52.gcno
Processing sitl/modules/DroneCAN/libcanard/dsdlc_generated/src/ardupilot.indication.SafetyState.c.46.gcno
Processing sitl/modules/DroneCAN/libcanard/dsdlc_generated/src/uavcan.tunnel.Call_req.c.47.gcno
Processing sitl/modules/DroneCAN/libcanard/dsdlc_generated/src/uavcan.protocol.GetDataTypeInfo_req.c.51.gcno
Processing sitl/modules/DroneCAN/libcanard/dsdlc_generated/src/uavcan.equipment.power.PrimaryPowerSupplyStatus.c.51.gcno
Processing sitl/modules/DroneCAN/libcanard/dsdlc_generated/src/uavcan.tunnel.Targetted.c.46.gcno
Processing sitl/modules/DroneCAN/libcanard/dsdlc_generated/src/com.xacti.GimbalControlData.c.47.gcno
Processing sitl/modules/DroneCAN/libcanard/dsdlc_generated/src/dronecan.remoteid.SelfID.c.52.gcno
Processing sitl/modules/DroneCAN/libcanard/dsdlc_generated/src/com.xacti.CopterAttStatus.c.46.gcno
Processing sitl/modules/DroneCAN/libcanard/dsdlc_generated/src/com.hobbywing.esc.SetID_req.c.208.gcno
Processing sitl/modules/DroneCAN/libcanard/dsdlc_generated/src/uavcan.tunnel.Call_req.c.208.gcno
Processing sitl/modules/DroneCAN/libcanard/dsdlc_generated/src/ardupilot.equipment.power.BatteryPeriodic.c.208.gcno
Processing sitl/modules/DroneCAN/libcanard/dsdlc_generated/src/uavcan.equipment.actuator.ArrayCommand.c.48.gcno
Processing sitl/modules/DroneCAN/libcanard/dsdlc_generated/src/uavcan.tunnel.Targetted.c.48.gcno
Processing sitl/modules/DroneCAN/libcanard/dsdlc_generated/src/dronecan.remoteid.OperatorID.c.208.gcno
Processing sitl/modules/DroneCAN/libcanard/dsdlc_generated/src/dronecan.protocol.FlexDebug.c.47.gcno
Processing sitl/modules/DroneCAN/libcanard/dsdlc_generated/src/ardupilot.equipment.power.BatteryCells.c.46.gcno
Processing sitl/modules/DroneCAN/libcanard/dsdlc_generated/src/uavcan.protocol.enumeration.Indication.c.48.gcno
Processing sitl/modules/DroneCAN/libcanard/dsdlc_generated/src/mppt.OutputEnable_req.c.51.gcno
Processing sitl/modules/DroneCAN/libcanard/dsdlc_generated/src/uavcan.navigation.GlobalNavigationSolution.c.48.gcno
Processing sitl/modules/DroneCAN/libcanard/dsdlc_generated/src/com.hobbywing.esc.SetID_req.c.46.gcno
Processing sitl/modules/DroneCAN/libcanard/dsdlc_generated/src/uavcan.protocol.file.BeginFirmwareUpdate_res.c.46.gcno
Processing sitl/modules/DroneCAN/libcanard/dsdlc_generated/src/uavcan.equipment.esc.RPMCommand.c.46.gcno
Processing sitl/modules/DroneCAN/libcanard/dsdlc_generated/src/uavcan.tunnel.SerialConfig.c.46.gcno
Processing sitl/modules/DroneCAN/libcanard/dsdlc_generated/src/uavcan.protocol.GetTransportStats_res.c.46.gcno
Processing sitl/modules/DroneCAN/libcanard/dsdlc_generated/src/com.tmotor.esc.FocCtrl.c.52.gcno
Processing sitl/modules/DroneCAN/libcanard/dsdlc_generated/src/ardupilot.indication.NotifyState.c.47.gcno
Processing sitl/modules/DroneCAN/libcanard/dsdlc_generated/src/uavcan.protocol.RestartNode_res.c.208.gcno
Processing sitl/modules/DroneCAN/libcanard/dsdlc_generated/src/uavcan.protocol.dynamic_node_id.Allocation.c.46.gcno
Processing sitl/modules/DroneCAN/libcanard/dsdlc_generated/src/dronecan.remoteid.SelfID.c.208.gcno
Processing sitl/modules/DroneCAN/libcanard/dsdlc_generated/src/dronecan.protocol.Stats.c.47.gcno
Processing sitl/modules/DroneCAN/libcanard/dsdlc_generated/src/com.hobbywing.esc.StatusMsg1.c.46.gcno
Processing sitl/modules/DroneCAN/libcanard/dsdlc_generated/src/uavcan.protocol.dynamic_node_id.server.Entry.c.51.gcno
Processing sitl/modules/DroneCAN/libcanard/dsdlc_generated/src/com.himark.servo.ServoCmd.c.48.gcno
Processing sitl/modules/DroneCAN/libcanard/dsdlc_generated/src/uavcan.protocol.param.GetSet_req.c.47.gcno
Processing sitl/modules/DroneCAN/libcanard/dsdlc_generated/src/uavcan.equipment.esc.RawCommand.c.48.gcno
Processing sitl/modules/DroneCAN/libcanard/dsdlc_generated/src/uavcan.equipment.gnss.ECEFPositionVelocity.c.52.gcno
Processing sitl/modules/DroneCAN/libcanard/dsdlc_generated/src/uavcan.protocol.file.Delete_res.c.48.gcno
Processing sitl/modules/DroneCAN/libcanard/dsdlc_generated/src/com.hobbywing.esc.GetEscID.c.51.gcno
Processing sitl/modules/DroneCAN/libcanard/dsdlc_generated/src/uavcan.equipment.esc.RawCommand.c.51.gcno
Processing sitl/modules/DroneCAN/libcanard/dsdlc_generated/src/uavcan.equipment.ice.reciprocating.Status.c.52.gcno
Processing sitl/modules/DroneCAN/libcanard/dsdlc_generated/src/dronecan.protocol.FlexDebug.c.208.gcno
Processing sitl/modules/DroneCAN/libcanard/dsdlc_generated/src/uavcan.protocol.HardwareVersion.c.52.gcno
Processing sitl/modules/DroneCAN/libcanard/dsdlc_generated/src/ardupilot.gnss.Status.c.52.gcno
Processing sitl/modules/DroneCAN/libcanard/dsdlc_generated/src/com.hobbywing.esc.SetReportingFrequency_req.c.52.gcno
Processing sitl/modules/DroneCAN/libcanard/dsdlc_generated/src/uavcan.equipment.camera_gimbal.GEOPOICommand.c.52.gcno
Processing sitl/modules/DroneCAN/libcanard/dsdlc_generated/src/uavcan.tunnel.Protocol.c.47.gcno
Processing sitl/modules/DroneCAN/libcanard/dsdlc_generated/src/uavcan.protocol.file.EntryType.c.51.gcno
Processing sitl/modules/DroneCAN/libcanard/dsdlc_generated/src/uavcan.equipment.ahrs.Solution.c.51.gcno
Processing sitl/modules/DroneCAN/libcanard/dsdlc_generated/src/uavcan.protocol.RestartNode_req.c.46.gcno
Processing sitl/modules/DroneCAN/libcanard/dsdlc_generated/src/uavcan.equipment.indication.RGB565.c.47.gcno
Processing sitl/modules/DroneCAN/libcanard/dsdlc_generated/src/uavcan.equipment.esc.Status.c.48.gcno
Processing sitl/modules/DroneCAN/libcanard/dsdlc_generated/src/com.hobbywing.esc.SetID_res.c.47.gcno
Processing sitl/modules/DroneCAN/libcanard/dsdlc_generated/src/uavcan.protocol.param.Value.c.48.gcno
Processing sitl/modules/DroneCAN/libcanard/dsdlc_generated/src/uavcan.equipment.esc.RPMCommand.c.48.gcno
Processing sitl/modules/DroneCAN/libcanard/dsdlc_generated/src/uavcan.equipment.hardpoint.Status.c.208.gcno
Processing sitl/modules/DroneCAN/libcanard/dsdlc_generated/src/uavcan.protocol.file.Path.c.46.gcno
Processing sitl/modules/DroneCAN/libcanard/dsdlc_generated/src/com.hobbywing.esc.SetAngle_req.c.208.gcno
Processing sitl/modules/DroneCAN/libcanard/dsdlc_generated/src/uavcan.equipment.gnss.Fix2.c.47.gcno
Processing sitl/modules/DroneCAN/libcanard/dsdlc_generated/src/uavcan.protocol.GetDataTypeInfo_res.c.52.gcno
Processing sitl/modules/DroneCAN/libcanard/dsdlc_generated/src/uavcan.protocol.debug.LogLevel.c.46.gcno
Processing sitl/modules/DroneCAN/libcanard/dsdlc_generated/src/dronecan.protocol.GlobalTime.c.48.gcno
Processing sitl/modules/DroneCAN/libcanard/dsdlc_generated/src/mppt.OutputEnable_req.c.52.gcno
Processing sitl/modules/DroneCAN/libcanard/dsdlc_generated/src/dronecan.remoteid.System.c.51.gcno
Processing sitl/modules/DroneCAN/libcanard/dsdlc_generated/src/com.hex.equipment.flow.Measurement.c.47.gcno
Processing sitl/modules/DroneCAN/libcanard/dsdlc_generated/src/uavcan.protocol.GetNodeInfo_res.c.47.gcno
Processing sitl/modules/DroneCAN/libcanard/dsdlc_generated/src/uavcan.equipment.air_data.StaticTemperature.c.46.gcno
Processing sitl/modules/DroneCAN/libcanard/dsdlc_generated/src/uavcan.protocol.Panic.c.48.gcno
Processing sitl/modules/DroneCAN/libcanard/dsdlc_generated/src/uavcan.protocol.debug.LogMessage.c.48.gcno
Processing sitl/modules/DroneCAN/libcanard/dsdlc_generated/src/uavcan.equipment.ice.reciprocating.Status.c.46.gcno
Processing sitl/modules/DroneCAN/libcanard/dsdlc_generated/src/com.hobbywing.esc.GetMaintenanceInformation_req.c.51.gcno
Processing sitl/modules/DroneCAN/libcanard/dsdlc_generated/src/ardupilot.equipment.power.BatteryCells.c.208.gcno
Processing sitl/modules/DroneCAN/libcanard/dsdlc_generated/src/com.hobbywing.esc.SelfTest_req.c.52.gcno
Processing sitl/modules/DroneCAN/libcanard/dsdlc_generated/src/uavcan.protocol.param.Empty.c.46.gcno
Processing sitl/modules/DroneCAN/libcanard/dsdlc_generated/src/uavcan.protocol.CANIfaceStats.c.52.gcno
Processing sitl/modules/DroneCAN/libcanard/dsdlc_generated/src/uavcan.equipment.air_data.IndicatedAirspeed.c.52.gcno
Processing sitl/modules/DroneCAN/libcanard/dsdlc_generated/src/uavcan.tunnel.Protocol.c.52.gcno
Processing sitl/modules/DroneCAN/libcanard/dsdlc_generated/src/uavcan.protocol.SoftwareVersion.c.51.gcno
Processing sitl/modules/DroneCAN/libcanard/dsdlc_generated/src/uavcan.protocol.DataTypeKind.c.46.gcno
Processing sitl/modules/DroneCAN/libcanard/dsdlc_generated/src/uavcan.equipment.power.PrimaryPowerSupplyStatus.c.47.gcno
Processing sitl/modules/DroneCAN/libcanard/dsdlc_generated/src/uavcan.equipment.actuator.ArrayCommand.c.52.gcno
Processing sitl/modules/DroneCAN/libcanard/dsdlc_generated/src/com.hobbywing.esc.StatusMsg2.c.52.gcno
Processing sitl/modules/DroneCAN/libcanard/dsdlc_generated/src/uavcan.protocol.GetTransportStats_res.c.52.gcno
Processing sitl/modules/DroneCAN/libcanard/dsdlc_generated/src/uavcan.tunnel.Broadcast.c.47.gcno
Processing sitl/modules/DroneCAN/libcanard/dsdlc_generated/src/uavcan.protocol.file.Error.c.208.gcno
Processing sitl/modules/DroneCAN/libcanard/dsdlc_generated/src/uavcan.equipment.camera_gimbal.Status.c.47.gcno
Processing sitl/modules/DroneCAN/libcanard/dsdlc_generated/src/uavcan.equipment.actuator.ArrayCommand.c.47.gcno
Processing sitl/modules/DroneCAN/libcanard/dsdlc_generated/src/uavcan.protocol.dynamic_node_id.server.RequestVote_res.c.52.gcno
Processing sitl/modules/DroneCAN/libcanard/dsdlc_generated/src/com.himark.servo.ServoCmd.c.47.gcno
Processing sitl/modules/DroneCAN/libcanard/dsdlc_generated/src/uavcan.equipment.esc.RawCommand.c.46.gcno
Processing sitl/modules/DroneCAN/libcanard/dsdlc_generated/src/uavcan.protocol.file.Path.c.52.gcno
Processing sitl/modules/DroneCAN/libcanard/dsdlc_generated/src/uavcan.equipment.range_sensor.Measurement.c.46.gcno
Processing sitl/modules/DroneCAN/libcanard/dsdlc_generated/src/com.hobbywing.esc.SetThrottleSource_res.c.51.gcno
Processing sitl/modules/DroneCAN/libcanard/dsdlc_generated/src/uavcan.protocol.param.GetSet_req.c.48.gcno
Processing sitl/modules/DroneCAN/libcanard/dsdlc_generated/src/com.hobbywing.esc.SetThrottleSource_req.c.51.gcno
Processing sitl/modules/DroneCAN/libcanard/dsdlc_generated/src/com.hobbywing.esc.StatusMsg1.c.48.gcno
Processing sitl/modules/DroneCAN/libcanard/dsdlc_generated/src/ardupilot.gnss.Heading.c.208.gcno
Processing sitl/modules/DroneCAN/libcanard/dsdlc_generated/src/uavcan.tunnel.Protocol.c.46.gcno
Processing sitl/modules/DroneCAN/libcanard/dsdlc_generated/src/uavcan.protocol.Panic.c.47.gcno
Processing sitl/modules/DroneCAN/libcanard/dsdlc_generated/src/ardupilot.equipment.power.BatteryTag.c.51.gcno
Processing sitl/modules/DroneCAN/libcanard/dsdlc_generated/src/uavcan.equipment.ahrs.Solution.c.46.gcno
Processing sitl/modules/DroneCAN/libcanard/dsdlc_generated/src/uavcan.equipment.air_data.StaticPressure.c.52.gcno
Processing sitl/modules/DroneCAN/libcanard/dsdlc_generated/src/com.hobbywing.esc.SelfTest_req.c.46.gcno
Processing sitl/modules/DroneCAN/libcanard/dsdlc_generated/src/uavcan.equipment.esc.StatusExtended.c.47.gcno
Processing sitl/modules/DroneCAN/libcanard/dsdlc_generated/src/uavcan.protocol.dynamic_node_id.server.Discovery.c.46.gcno
Processing sitl/modules/DroneCAN/libcanard/dsdlc_generated/src/com.hobbywing.esc.GetEscID.c.47.gcno
Processing sitl/modules/DroneCAN/libcanard/dsdlc_generated/src/dronecan.protocol.GlobalTime.c.46.gcno
Processing sitl/modules/DroneCAN/libcanard/dsdlc_generated/src/com.xacti.GimbalAttitudeStatus.c.51.gcno
Processing sitl/modules/DroneCAN/libcanard/dsdlc_generated/src/uavcan.equipment.ahrs.MagneticFieldStrength.c.52.gcno
Processing sitl/modules/DroneCAN/libcanard/dsdlc_generated/src/uavcan.protocol.DataTypeKind.c.47.gcno
Processing sitl/modules/DroneCAN/libcanard/dsdlc_generated/src/dronecan.remoteid.SecureCommand_req.c.208.gcno
Processing sitl/modules/DroneCAN/libcanard/dsdlc_generated/src/uavcan.equipment.safety.ArmingStatus.c.51.gcno
Processing sitl/modules/DroneCAN/libcanard/dsdlc_generated/src/dronecan.remoteid.BasicID.c.52.gcno
Processing sitl/modules/DroneCAN/libcanard/dsdlc_generated/src/com.tmotor.esc.PUSHSCI.c.208.gcno
Processing sitl/modules/DroneCAN/libcanard/dsdlc_generated/src/uavcan.protocol.HardwareVersion.c.46.gcno
Processing sitl/modules/DroneCAN/libcanard/dsdlc_generated/src/uavcan.equipment.gnss.Auxiliary.c.47.gcno
Processing sitl/modules/DroneCAN/libcanard/dsdlc_generated/src/dronecan.remoteid.ArmStatus.c.51.gcno
Processing sitl/modules/DroneCAN/libcanard/dsdlc_generated/src/uavcan.equipment.gnss.Auxiliary.c.52.gcno
Processing sitl/modules/DroneCAN/libcanard/dsdlc_generated/src/uavcan.protocol.param.Value.c.52.gcno
Processing sitl/modules/DroneCAN/libcanard/dsdlc_generated/src/uavcan.equipment.esc.Status.c.46.gcno
Processing sitl/modules/DroneCAN/libcanard/dsdlc_generated/src/com.hobbywing.esc.SetAngle_req.c.47.gcno
Processing sitl/modules/DroneCAN/libcanard/dsdlc_generated/src/uavcan.protocol.file.GetDirectoryEntryInfo_req.c.47.gcno
Processing sitl/modules/DroneCAN/libcanard/dsdlc_generated/src/uavcan.protocol.dynamic_node_id.server.Entry.c.48.gcno
Processing sitl/modules/DroneCAN/libcanard/dsdlc_generated/src/uavcan.protocol.file.GetDirectoryEntryInfo_res.c.208.gcno
Processing sitl/modules/DroneCAN/libcanard/dsdlc_generated/src/uavcan.equipment.air_data.AngleOfAttack.c.46.gcno
Processing sitl/modules/DroneCAN/libcanard/dsdlc_generated/src/com.hobbywing.esc.SetLED_req.c.51.gcno
Processing sitl/modules/DroneCAN/libcanard/dsdlc_generated/src/uavcan.protocol.file.Path.c.51.gcno
Processing sitl/modules/DroneCAN/libcanard/dsdlc_generated/src/com.xacti.GnssStatusReq.c.51.gcno
Processing sitl/modules/DroneCAN/libcanard/dsdlc_generated/src/uavcan.equipment.gnss.Fix2.c.51.gcno
Processing sitl/modules/DroneCAN/libcanard/dsdlc_generated/src/uavcan.CoarseOrientation.c.48.gcno
Processing sitl/modules/DroneCAN/libcanard/dsdlc_generated/src/uavcan.protocol.dynamic_node_id.Allocation.c.48.gcno
Processing sitl/modules/DroneCAN/libcanard/dsdlc_generated/src/uavcan.navigation.GlobalNavigationSolution.c.51.gcno
Processing sitl/modules/DroneCAN/libcanard/dsdlc_generated/src/uavcan.equipment.esc.RawCommand.c.208.gcno
Processing sitl/modules/DroneCAN/libcanard/dsdlc_generated/src/uavcan.protocol.file.GetInfo_req.c.51.gcno
Processing sitl/modules/DroneCAN/libcanard/dsdlc_generated/src/dronecan.sensors.magnetometer.MagneticFieldStrengthHiRes.c.48.gcno
Processing sitl/modules/DroneCAN/libcanard/dsdlc_generated/src/uavcan.equipment.hardpoint.Command.c.47.gcno
Processing sitl/modules/DroneCAN/libcanard/dsdlc_generated/src/com.hobbywing.esc.SetDirection_req.c.46.gcno
Processing sitl/modules/DroneCAN/libcanard/dsdlc_generated/src/uavcan.equipment.indication.BeepCommand.c.48.gcno
Processing sitl/modules/DroneCAN/libcanard/dsdlc_generated/src/com.hobbywing.esc.StatusMsg2.c.48.gcno
Processing sitl/modules/DroneCAN/libcanard/dsdlc_generated/src/com.himark.servo.ServoInfo.c.47.gcno
Processing sitl/modules/DroneCAN/libcanard/dsdlc_generated/src/uavcan.protocol.file.Read_req.c.52.gcno
Processing sitl/modules/DroneCAN/libcanard/dsdlc_generated/src/dronecan.remoteid.System.c.48.gcno
Processing sitl/modules/DroneCAN/libcanard/dsdlc_generated/src/uavcan.equipment.esc.Status.c.52.gcno
Processing sitl/modules/DroneCAN/libcanard/dsdlc_generated/src/uavcan.protocol.dynamic_node_id.server.Discovery.c.208.gcno
Processing sitl/modules/DroneCAN/libcanard/dsdlc_generated/src/uavcan.protocol.DataTypeKind.c.208.gcno
Processing sitl/modules/DroneCAN/libcanard/dsdlc_generated/src/com.hobbywing.esc.SetReportingFrequency_res.c.52.gcno
Processing sitl/modules/DroneCAN/libcanard/dsdlc_generated/src/com.himark.servo.ServoInfo.c.48.gcno
Processing sitl/modules/DroneCAN/libcanard/dsdlc_generated/src/uavcan.equipment.gnss.RTCMStream.c.47.gcno
Processing sitl/modules/DroneCAN/libcanard/dsdlc_generated/src/uavcan.equipment.air_data.TrueAirspeed.c.52.gcno
Processing sitl/modules/DroneCAN/libcanard/dsdlc_generated/src/com.hobbywing.esc.SetAngle_res.c.51.gcno
Processing sitl/modules/DroneCAN/libcanard/dsdlc_generated/src/com.hobbywing.esc.StatusMsg2.c.46.gcno
Processing sitl/modules/DroneCAN/libcanard/dsdlc_generated/src/uavcan.CoarseOrientation.c.46.gcno
Processing sitl/modules/DroneCAN/libcanard/dsdlc_generated/src/uavcan.protocol.AccessCommandShell_req.c.48.gcno
Processing sitl/modules/DroneCAN/libcanard/dsdlc_generated/src/uavcan.protocol.RestartNode_req.c.47.gcno
Processing sitl/modules/DroneCAN/libcanard/dsdlc_generated/src/uavcan.protocol.GetDataTypeInfo_req.c.46.gcno
Processing sitl/modules/DroneCAN/libcanard/dsdlc_generated/src/dronecan.protocol.GlobalTime.c.47.gcno
Processing sitl/modules/DroneCAN/libcanard/dsdlc_generated/src/com.himark.servo.ServoInfo.c.208.gcno
Processing sitl/modules/DroneCAN/libcanard/dsdlc_generated/src/uavcan.protocol.file.GetDirectoryEntryInfo_res.c.52.gcno
Processing sitl/modules/DroneCAN/libcanard/dsdlc_generated/src/uavcan.protocol.GetNodeInfo_req.c.208.gcno
Processing sitl/modules/DroneCAN/libcanard/dsdlc_generated/src/uavcan.protocol.file.GetInfo_req.c.48.gcno
Processing sitl/modules/DroneCAN/libcanard/dsdlc_generated/src/uavcan.protocol.dynamic_node_id.server.RequestVote_res.c.51.gcno
Processing sitl/modules/DroneCAN/libcanard/dsdlc_generated/src/uavcan.protocol.AccessCommandShell_res.c.208.gcno
Processing sitl/modules/DroneCAN/libcanard/dsdlc_generated/src/uavcan.protocol.enumeration.Indication.c.208.gcno
Processing sitl/modules/DroneCAN/libcanard/dsdlc_generated/src/ardupilot.gnss.MovingBaselineData.c.52.gcno
Processing sitl/modules/DroneCAN/libcanard/dsdlc_generated/src/com.hobbywing.esc.SetAngle_res.c.48.gcno
Processing sitl/modules/DroneCAN/libcanard/dsdlc_generated/src/com.hobbywing.esc.SetLED_res.c.51.gcno
Processing sitl/modules/DroneCAN/libcanard/dsdlc_generated/src/com.hobbywing.esc.StatusMsg2.c.47.gcno
Processing sitl/modules/DroneCAN/libcanard/dsdlc_generated/src/uavcan.tunnel.SerialConfig.c.51.gcno
Processing sitl/modules/DroneCAN/libcanard/dsdlc_generated/src/com.tmotor.esc.FocCtrl.c.208.gcno
Processing sitl/modules/DroneCAN/libcanard/dsdlc_generated/src/uavcan.protocol.file.Write_req.c.208.gcno
Processing sitl/modules/DroneCAN/libcanard/dsdlc_generated/src/com.hobbywing.esc.SetDirection_res.c.48.gcno
Processing sitl/modules/DroneCAN/libcanard/dsdlc_generated/src/uavcan.equipment.air_data.Sideslip.c.47.gcno
Processing sitl/modules/DroneCAN/libcanard/dsdlc_generated/src/uavcan.protocol.GetNodeInfo_req.c.52.gcno
Processing sitl/modules/DroneCAN/libcanard/dsdlc_generated/src/com.hobbywing.esc.SelfTest_res.c.208.gcno
Processing sitl/modules/DroneCAN/libcanard/dsdlc_generated/src/mppt.Stream.c.47.gcno
Processing sitl/modules/DroneCAN/libcanard/dsdlc_generated/src/uavcan.equipment.range_sensor.Measurement.c.48.gcno
Processing sitl/modules/DroneCAN/libcanard/dsdlc_generated/src/uavcan.tunnel.Broadcast.c.208.gcno
Processing sitl/modules/DroneCAN/libcanard/dsdlc_generated/src/uavcan.navigation.GlobalNavigationSolution.c.208.gcno
Processing sitl/modules/DroneCAN/libcanard/dsdlc_generated/src/uavcan.protocol.enumeration.Begin_req.c.52.gcno
Processing sitl/modules/DroneCAN/libcanard/dsdlc_generated/src/uavcan.equipment.air_data.AngleOfAttack.c.51.gcno
Processing sitl/modules/DroneCAN/libcanard/dsdlc_generated/src/dronecan.sensors.hygrometer.Hygrometer.c.47.gcno
Processing sitl/modules/DroneCAN/libcanard/dsdlc_generated/src/uavcan.equipment.camera_gimbal.Status.c.46.gcno
Processing sitl/modules/DroneCAN/libcanard/dsdlc_generated/src/dronecan.remoteid.Location.c.52.gcno
Processing sitl/modules/DroneCAN/libcanard/dsdlc_generated/src/uavcan.equipment.ice.reciprocating.CylinderStatus.c.46.gcno
Processing sitl/modules/DroneCAN/libcanard/dsdlc_generated/src/uavcan.equipment.camera_gimbal.Status.c.48.gcno
Processing sitl/modules/DroneCAN/libcanard/dsdlc_generated/src/ardupilot.gnss.Heading.c.52.gcno
Processing sitl/modules/DroneCAN/libcanard/dsdlc_generated/src/dronecan.remoteid.Location.c.47.gcno
Processing sitl/modules/DroneCAN/libcanard/dsdlc_generated/src/com.hobbywing.esc.SetThrottleSource_req.c.47.gcno
Processing sitl/modules/DroneCAN/libcanard/dsdlc_generated/src/uavcan.protocol.NodeStatus.c.46.gcno
Processing sitl/modules/DroneCAN/libcanard/dsdlc_generated/src/dronecan.sensors.rc.RCInput.c.52.gcno
Processing sitl/modules/DroneCAN/libcanard/dsdlc_generated/src/uavcan.equipment.indication.LightsCommand.c.208.gcno
Processing sitl/modules/DroneCAN/libcanard/dsdlc_generated/src/uavcan.equipment.air_data.RawAirData.c.52.gcno
Processing sitl/modules/DroneCAN/libcanard/dsdlc_generated/src/com.hobbywing.esc.SetAngle_req.c.52.gcno
Processing sitl/modules/DroneCAN/libcanard/dsdlc_generated/src/uavcan.Timestamp.c.52.gcno
Processing sitl/modules/DroneCAN/libcanard/dsdlc_generated/src/ardupilot.equipment.power.BatteryCells.c.48.gcno
Processing sitl/modules/DroneCAN/libcanard/dsdlc_generated/src/com.tmotor.esc.ParamCfg.c.46.gcno
Processing sitl/modules/DroneCAN/libcanard/dsdlc_generated/src/uavcan.protocol.enumeration.Indication.c.47.gcno
Processing sitl/modules/DroneCAN/libcanard/dsdlc_generated/src/uavcan.protocol.param.ExecuteOpcode_res.c.52.gcno
Processing sitl/modules/DroneCAN/libcanard/dsdlc_generated/src/dronecan.remoteid.SecureCommand_req.c.46.gcno
Processing sitl/modules/DroneCAN/libcanard/dsdlc_generated/src/uavcan.equipment.ahrs.Solution.c.47.gcno
Processing sitl/modules/DroneCAN/libcanard/dsdlc_generated/src/mppt.OutputEnable_res.c.47.gcno
Processing sitl/modules/DroneCAN/libcanard/dsdlc_generated/src/uavcan.protocol.param.ExecuteOpcode_req.c.52.gcno
Processing sitl/modules/DroneCAN/libcanard/dsdlc_generated/src/uavcan.protocol.dynamic_node_id.Allocation.c.51.gcno
Processing sitl/modules/DroneCAN/libcanard/dsdlc_generated/src/uavcan.protocol.AccessCommandShell_res.c.51.gcno
Processing sitl/modules/DroneCAN/libcanard/dsdlc_generated/src/com.tmotor.esc.ParamCfg.c.52.gcno
Processing sitl/modules/DroneCAN/libcanard/dsdlc_generated/src/dronecan.sensors.magnetometer.MagneticFieldStrengthHiRes.c.208.gcno
Processing sitl/modules/DroneCAN/libcanard/dsdlc_generated/src/uavcan.protocol.debug.LogLevel.c.48.gcno
Processing sitl/modules/DroneCAN/libcanard/dsdlc_generated/src/uavcan.protocol.file.GetInfo_res.c.48.gcno
Processing sitl/modules/DroneCAN/libcanard/dsdlc_generated/src/uavcan.protocol.file.Write_res.c.47.gcno
Processing sitl/modules/DroneCAN/libcanard/dsdlc_generated/src/com.hex.equipment.flow.Measurement.c.208.gcno
Processing sitl/modules/DroneCAN/libcanard/dsdlc_generated/src/com.himark.servo.ServoCmd.c.52.gcno
Processing sitl/modules/DroneCAN/libcanard/dsdlc_generated/src/ardupilot.gnss.MovingBaselineData.c.48.gcno
Processing sitl/modules/DroneCAN/libcanard/dsdlc_generated/src/com.tmotor.esc.PUSHSCI.c.52.gcno
Processing sitl/modules/DroneCAN/libcanard/dsdlc_generated/src/ardupilot.indication.NotifyState.c.46.gcno
Processing sitl/modules/DroneCAN/libcanard/dsdlc_generated/src/uavcan.protocol.file.Write_res.c.48.gcno
Processing sitl/modules/DroneCAN/libcanard/dsdlc_generated/src/uavcan.protocol.param.GetSet_req.c.51.gcno
Processing sitl/modules/DroneCAN/libcanard/dsdlc_generated/src/uavcan.protocol.param.ExecuteOpcode_req.c.47.gcno
Processing sitl/modules/DroneCAN/libcanard/dsdlc_generated/src/com.hobbywing.esc.SelfTest_res.c.51.gcno
Processing sitl/modules/DroneCAN/libcanard/dsdlc_generated/src/com.himark.servo.ServoCmd.c.46.gcno
Processing sitl/modules/DroneCAN/libcanard/dsdlc_generated/src/uavcan.equipment.ice.reciprocating.CylinderStatus.c.47.gcno
Processing sitl/modules/DroneCAN/libcanard/dsdlc_generated/src/uavcan.protocol.param.ExecuteOpcode_res.c.47.gcno
Processing sitl/modules/DroneCAN/libcanard/dsdlc_generated/src/uavcan.protocol.dynamic_node_id.server.RequestVote_req.c.46.gcno
Processing sitl/modules/DroneCAN/libcanard/dsdlc_generated/src/com.xacti.GimbalControlData.c.51.gcno
Processing sitl/modules/DroneCAN/libcanard/dsdlc_generated/src/uavcan.protocol.enumeration.Begin_res.c.46.gcno
Processing sitl/modules/DroneCAN/libcanard/dsdlc_generated/src/com.hobbywing.esc.SelfTest_req.c.47.gcno
Processing sitl/modules/DroneCAN/libcanard/dsdlc_generated/src/dronecan.remoteid.SecureCommand_req.c.51.gcno
Processing sitl/modules/DroneCAN/libcanard/dsdlc_generated/src/uavcan.equipment.air_data.StaticPressure.c.46.gcno
Processing sitl/modules/DroneCAN/libcanard/dsdlc_generated/src/uavcan.equipment.air_data.Sideslip.c.208.gcno
Processing sitl/modules/DroneCAN/libcanard/dsdlc_generated/src/com.hobbywing.esc.SetLED_req.c.48.gcno
Processing sitl/modules/DroneCAN/libcanard/dsdlc_generated/src/com.hex.equipment.flow.Measurement.c.46.gcno
Processing sitl/modules/DroneCAN/libcanard/dsdlc_generated/src/uavcan.equipment.power.CircuitStatus.c.52.gcno
Processing sitl/modules/DroneCAN/libcanard/dsdlc_generated/src/uavcan.equipment.actuator.Command.c.46.gcno
Processing sitl/modules/DroneCAN/libcanard/dsdlc_generated/src/com.tmotor.esc.PUSHSCI.c.47.gcno
Processing sitl/modules/DroneCAN/libcanard/dsdlc_generated/src/ardupilot.equipment.power.BatteryContinuous.c.47.gcno
Processing sitl/modules/DroneCAN/libcanard/dsdlc_generated/src/com.hobbywing.esc.StatusMsg3.c.208.gcno
Processing sitl/modules/DroneCAN/libcanard/dsdlc_generated/src/com.hobbywing.esc.GetMajorConfig_req.c.47.gcno
Processing sitl/modules/DroneCAN/libcanard/dsdlc_generated/src/com.hex.equipment.flow.Measurement.c.48.gcno
Processing sitl/modules/DroneCAN/libcanard/dsdlc_generated/src/com.tmotor.esc.PUSHCAN.c.46.gcno
Processing sitl/modules/DroneCAN/libcanard/dsdlc_generated/src/com.xacti.GimbalAttitudeStatus.c.52.gcno
Processing sitl/modules/DroneCAN/libcanard/dsdlc_generated/src/uavcan.equipment.indication.SingleLightCommand.c.52.gcno
Processing sitl/modules/DroneCAN/libcanard/dsdlc_generated/src/ardupilot.equipment.power.BatteryContinuous.c.51.gcno
Processing sitl/modules/DroneCAN/libcanard/dsdlc_generated/src/uavcan.protocol.dynamic_node_id.Allocation.c.208.gcno
Processing sitl/modules/DroneCAN/libcanard/dsdlc_generated/src/com.hobbywing.esc.GetMajorConfig_req.c.208.gcno
Processing sitl/modules/DroneCAN/libcanard/dsdlc_generated/src/uavcan.protocol.AccessCommandShell_req.c.47.gcno
Processing sitl/modules/DroneCAN/libcanard/dsdlc_generated/src/uavcan.protocol.dynamic_node_id.server.Entry.c.208.gcno
Processing sitl/modules/DroneCAN/libcanard/dsdlc_generated/src/com.hobbywing.esc.StatusMsg1.c.47.gcno
Processing sitl/modules/DroneCAN/libcanard/dsdlc_generated/src/dronecan.sensors.rpm.RPM.c.208.gcno
Processing sitl/modules/DroneCAN/libcanard/dsdlc_generated/src/uavcan.Timestamp.c.46.gcno
Processing sitl/modules/DroneCAN/libcanard/dsdlc_generated/src/uavcan.equipment.gnss.Fix.c.47.gcno
Processing sitl/modules/DroneCAN/libcanard/dsdlc_generated/src/uavcan.protocol.GetNodeInfo_res.c.52.gcno
Processing sitl/modules/DroneCAN/libcanard/dsdlc_generated/src/dronecan.remoteid.BasicID.c.48.gcno
Processing sitl/modules/DroneCAN/libcanard/dsdlc_generated/src/dronecan.remoteid.OperatorID.c.46.gcno
Processing sitl/modules/DroneCAN/libcanard/dsdlc_generated/src/ardupilot.gnss.RelPosHeading.c.208.gcno
Processing sitl/modules/DroneCAN/libcanard/dsdlc_generated/src/uavcan.protocol.param.NumericValue.c.46.gcno
Processing sitl/modules/DroneCAN/libcanard/dsdlc_generated/src/com.hobbywing.esc.SetID_req.c.51.gcno
Processing sitl/modules/DroneCAN/libcanard/dsdlc_generated/src/uavcan.protocol.file.BeginFirmwareUpdate_req.c.52.gcno
Processing sitl/modules/DroneCAN/libcanard/dsdlc_generated/src/uavcan.equipment.ahrs.MagneticFieldStrength2.c.47.gcno
Processing sitl/modules/DroneCAN/libcanard/dsdlc_generated/src/uavcan.protocol.debug.KeyValue.c.48.gcno
Processing sitl/modules/DroneCAN/libcanard/dsdlc_generated/src/com.hobbywing.esc.SetBaud_res.c.46.gcno
Processing sitl/modules/DroneCAN/libcanard/dsdlc_generated/src/uavcan.protocol.file.Path.c.208.gcno
Processing sitl/modules/DroneCAN/libcanard/dsdlc_generated/src/com.tmotor.esc.ParamCfg.c.208.gcno
Processing sitl/modules/DroneCAN/libcanard/dsdlc_generated/src/dronecan.remoteid.System.c.46.gcno
Processing sitl/modules/DroneCAN/libcanard/dsdlc_generated/src/uavcan.equipment.ahrs.MagneticFieldStrength2.c.51.gcno
Processing sitl/modules/DroneCAN/libcanard/dsdlc_generated/src/ardupilot.equipment.power.BatteryContinuous.c.52.gcno
Processing sitl/modules/DroneCAN/libcanard/dsdlc_generated/src/uavcan.equipment.power.CircuitStatus.c.51.gcno
Processing sitl/modules/DroneCAN/libcanard/dsdlc_generated/src/com.xacti.CopterAttStatus.c.208.gcno
Processing sitl/modules/DroneCAN/libcanard/dsdlc_generated/src/uavcan.equipment.ahrs.MagneticFieldStrength2.c.52.gcno
Processing sitl/modules/DroneCAN/libcanard/dsdlc_generated/src/ardupilot.equipment.power.BatteryInfoAux.c.47.gcno
Processing sitl/modules/DroneCAN/libcanard/dsdlc_generated/src/uavcan.protocol.dynamic_node_id.server.RequestVote_req.c.208.gcno
Processing sitl/modules/DroneCAN/libcanard/dsdlc_generated/src/uavcan.equipment.indication.BeepCommand.c.208.gcno
Processing sitl/modules/DroneCAN/libcanard/dsdlc_generated/src/dronecan.remoteid.SelfID.c.47.gcno
Processing sitl/modules/DroneCAN/libcanard/dsdlc_generated/src/com.xacti.GimbalAttitudeStatus.c.47.gcno
Processing sitl/modules/DroneCAN/libcanard/dsdlc_generated/src/uavcan.tunnel.Call_req.c.46.gcno
Processing sitl/modules/DroneCAN/libcanard/dsdlc_generated/src/mppt.OutputEnable_req.c.46.gcno
Processing sitl/modules/DroneCAN/libcanard/dsdlc_generated/src/com.hobbywing.esc.GetMaintenanceInformation_req.c.46.gcno
Processing sitl/modules/DroneCAN/libcanard/dsdlc_generated/src/com.hobbywing.esc.SetID_req.c.47.gcno
Processing sitl/modules/DroneCAN/libcanard/dsdlc_generated/src/com.xacti.GnssStatus.c.208.gcno
Processing sitl/modules/DroneCAN/libcanard/dsdlc_generated/src/uavcan.protocol.debug.LogLevel.c.51.gcno
Processing sitl/modules/DroneCAN/libcanard/dsdlc_generated/src/uavcan.protocol.dynamic_node_id.server.AppendEntries_res.c.47.gcno
Processing sitl/modules/DroneCAN/libcanard/dsdlc_generated/src/com.himark.servo.ServoInfo.c.51.gcno
Processing sitl/modules/DroneCAN/libcanard/dsdlc_generated/src/uavcan.protocol.enumeration.Begin_res.c.47.gcno
Processing sitl/modules/DroneCAN/libcanard/dsdlc_generated/src/uavcan.tunnel.Call_req.c.51.gcno
Processing sitl/modules/DroneCAN/libcanard/dsdlc_generated/src/com.hobbywing.esc.GetMaintenanceInformation_req.c.47.gcno
Processing sitl/modules/DroneCAN/libcanard/dsdlc_generated/src/uavcan.protocol.param.NumericValue.c.51.gcno
Processing sitl/modules/DroneCAN/libcanard/dsdlc_generated/src/uavcan.protocol.AccessCommandShell_req.c.52.gcno
Processing sitl/modules/DroneCAN/libcanard/dsdlc_generated/src/ardupilot.gnss.Heading.c.48.gcno
Processing sitl/modules/DroneCAN/libcanard/dsdlc_generated/src/dronecan.remoteid.ArmStatus.c.46.gcno
Processing sitl/modules/DroneCAN/libcanard/dsdlc_generated/src/com.xacti.GnssStatus.c.47.gcno
Processing sitl/modules/DroneCAN/libcanard/dsdlc_generated/src/uavcan.protocol.GetTransportStats_res.c.51.gcno
Processing sitl/modules/DroneCAN/libcanard/dsdlc_generated/src/ardupilot.gnss.Status.c.46.gcno
Processing sitl/modules/DroneCAN/libcanard/dsdlc_generated/src/uavcan.tunnel.Protocol.c.48.gcno
Processing sitl/modules/DroneCAN/libcanard/dsdlc_generated/src/ardupilot.equipment.proximity_sensor.Proximity.c.47.gcno
Processing sitl/modules/DroneCAN/libcanard/dsdlc_generated/src/uavcan.protocol.param.GetSet_req.c.208.gcno
Processing sitl/modules/DroneCAN/libcanard/dsdlc_generated/src/uavcan.equipment.gnss.ECEFPositionVelocity.c.48.gcno
Processing sitl/modules/DroneCAN/libcanard/dsdlc_generated/src/dronecan.remoteid.System.c.52.gcno
Processing sitl/modules/DroneCAN/libcanard/dsdlc_generated/src/uavcan.protocol.file.GetInfo_res.c.52.gcno
Processing sitl/modules/DroneCAN/libcanard/dsdlc_generated/src/uavcan.equipment.actuator.Command.c.48.gcno
Processing sitl/modules/DroneCAN/libcanard/dsdlc_generated/src/com.hobbywing.esc.SetDirection_req.c.52.gcno
Processing sitl/modules/DroneCAN/libcanard/dsdlc_generated/src/ardupilot.equipment.power.BatteryInfoAux.c.46.gcno
Processing sitl/modules/DroneCAN/libcanard/dsdlc_generated/src/com.xacti.GnssStatusReq.c.48.gcno
Processing sitl/modules/DroneCAN/libcanard/dsdlc_generated/src/uavcan.equipment.air_data.StaticTemperature.c.51.gcno
Processing sitl/modules/DroneCAN/libcanard/dsdlc_generated/src/com.hobbywing.esc.SetLED_res.c.48.gcno
Processing sitl/modules/DroneCAN/libcanard/dsdlc_generated/src/ardupilot.gnss.MovingBaselineData.c.51.gcno
Processing sitl/modules/DroneCAN/libcanard/dsdlc_generated/src/uavcan.protocol.file.Delete_res.c.46.gcno
Processing sitl/modules/DroneCAN/libcanard/dsdlc_generated/src/uavcan.protocol.file.Write_req.c.46.gcno
Processing sitl/modules/DroneCAN/libcanard/dsdlc_generated/src/uavcan.equipment.air_data.AngleOfAttack.c.208.gcno
Processing sitl/modules/DroneCAN/libcanard/dsdlc_generated/src/dronecan.remoteid.SecureCommand_req.c.52.gcno
Processing sitl/modules/DroneCAN/libcanard/dsdlc_generated/src/uavcan.protocol.GetDataTypeInfo_req.c.48.gcno
Processing sitl/modules/DroneCAN/libcanard/dsdlc_generated/src/uavcan.equipment.actuator.Status.c.51.gcno
Processing sitl/modules/DroneCAN/libcanard/dsdlc_generated/src/mppt.OutputEnable_req.c.47.gcno
Processing sitl/modules/DroneCAN/libcanard/dsdlc_generated/src/mppt.OutputEnable_res.c.52.gcno
Processing sitl/modules/DroneCAN/libcanard/dsdlc_generated/src/com.hobbywing.esc.SetThrottleSource_req.c.48.gcno
Processing sitl/modules/DroneCAN/libcanard/dsdlc_generated/src/uavcan.equipment.air_data.StaticTemperature.c.208.gcno
Processing sitl/modules/DroneCAN/libcanard/dsdlc_generated/src/dronecan.protocol.CanStats.c.208.gcno
Processing sitl/modules/DroneCAN/libcanard/dsdlc_generated/src/uavcan.protocol.enumeration.Begin_req.c.51.gcno
Processing sitl/modules/DroneCAN/libcanard/dsdlc_generated/src/uavcan.equipment.gnss.RTCMStream.c.52.gcno
Processing sitl/modules/DroneCAN/libcanard/dsdlc_generated/src/uavcan.protocol.file.Write_res.c.208.gcno
Processing sitl/modules/DroneCAN/libcanard/dsdlc_generated/src/ardupilot.equipment.power.BatteryContinuous.c.208.gcno
Processing sitl/modules/DroneCAN/libcanard/dsdlc_generated/src/com.tmotor.esc.FocCtrl.c.51.gcno
Processing sitl/modules/DroneCAN/libcanard/dsdlc_generated/src/ardupilot.indication.NotifyState.c.48.gcno
Processing sitl/modules/DroneCAN/libcanard/dsdlc_generated/src/uavcan.protocol.DataTypeKind.c.51.gcno
Processing sitl/modules/DroneCAN/libcanard/dsdlc_generated/src/uavcan.Timestamp.c.48.gcno
Processing sitl/modules/DroneCAN/libcanard/dsdlc_generated/src/uavcan.protocol.file.GetDirectoryEntryInfo_req.c.208.gcno
Processing sitl/modules/DroneCAN/libcanard/dsdlc_generated/src/ardupilot.indication.NotifyState.c.52.gcno
Processing sitl/modules/DroneCAN/libcanard/dsdlc_generated/src/uavcan.equipment.ahrs.MagneticFieldStrength.c.48.gcno
Processing sitl/modules/DroneCAN/libcanard/dsdlc_generated/src/uavcan.equipment.power.CircuitStatus.c.46.gcno
Processing sitl/modules/DroneCAN/libcanard/dsdlc_generated/src/uavcan.equipment.power.PrimaryPowerSupplyStatus.c.52.gcno
Processing sitl/modules/DroneCAN/libcanard/dsdlc_generated/src/uavcan.tunnel.Protocol.c.208.gcno
Processing sitl/modules/DroneCAN/libcanard/dsdlc_generated/src/com.xacti.CopterAttStatus.c.48.gcno
Processing sitl/modules/DroneCAN/libcanard/dsdlc_generated/src/mppt.Stream.c.51.gcno
Processing sitl/modules/DroneCAN/libcanard/dsdlc_generated/src/uavcan.equipment.device.Temperature.c.47.gcno
Processing sitl/modules/DroneCAN/libcanard/dsdlc_generated/src/uavcan.protocol.file.GetDirectoryEntryInfo_req.c.51.gcno
Processing sitl/modules/DroneCAN/libcanard/dsdlc_generated/src/dronecan.protocol.FlexDebug.c.51.gcno
Processing sitl/modules/DroneCAN/libcanard/dsdlc_generated/src/ardupilot.indication.Button.c.47.gcno
Processing sitl/modules/DroneCAN/libcanard/dsdlc_generated/src/uavcan.protocol.enumeration.Begin_res.c.51.gcno
Processing sitl/modules/DroneCAN/libcanard/dsdlc_generated/src/uavcan.equipment.ahrs.Solution.c.48.gcno
Processing sitl/modules/DroneCAN/libcanard/dsdlc_generated/src/com.tmotor.esc.FocCtrl.c.46.gcno
Processing sitl/modules/DroneCAN/libcanard/dsdlc_generated/src/uavcan.protocol.debug.KeyValue.c.208.gcno
Processing sitl/modules/DroneCAN/libcanard/dsdlc_generated/src/uavcan.equipment.camera_gimbal.GEOPOICommand.c.208.gcno
Processing sitl/modules/DroneCAN/libcanard/dsdlc_generated/src/uavcan.protocol.file.Delete_req.c.52.gcno
Processing sitl/modules/DroneCAN/libcanard/dsdlc_generated/src/uavcan.protocol.Panic.c.46.gcno
Processing sitl/modules/DroneCAN/libcanard/dsdlc_generated/src/com.hobbywing.esc.SetReportingFrequency_res.c.208.gcno
Processing sitl/modules/DroneCAN/libcanard/dsdlc_generated/src/dronecan.remoteid.SelfID.c.48.gcno
Processing sitl/modules/DroneCAN/libcanard/dsdlc_generated/src/uavcan.protocol.file.Write_res.c.51.gcno
Processing sitl/modules/DroneCAN/libcanard/dsdlc_generated/src/uavcan.protocol.GetTransportStats_res.c.208.gcno
Processing sitl/modules/DroneCAN/libcanard/dsdlc_generated/src/ardupilot.gnss.Status.c.208.gcno
Processing sitl/modules/DroneCAN/libcanard/dsdlc_generated/src/ardupilot.equipment.power.BatteryContinuous.c.46.gcno
Processing sitl/modules/DroneCAN/libcanard/dsdlc_generated/src/uavcan.equipment.device.Temperature.c.208.gcno
Processing sitl/modules/DroneCAN/libcanard/dsdlc_generated/src/uavcan.protocol.file.GetInfo_req.c.47.gcno
Processing sitl/modules/DroneCAN/libcanard/dsdlc_generated/src/uavcan.protocol.file.BeginFirmwareUpdate_res.c.52.gcno
Processing sitl/modules/DroneCAN/libcanard/dsdlc_generated/src/com.himark.servo.ServoInfo.c.52.gcno
Processing sitl/modules/DroneCAN/libcanard/dsdlc_generated/src/uavcan.equipment.camera_gimbal.Status.c.51.gcno
Processing sitl/modules/DroneCAN/libcanard/dsdlc_generated/src/ardupilot.equipment.power.BatteryCells.c.51.gcno
Processing sitl/modules/DroneCAN/libcanard/dsdlc_generated/src/ardupilot.indication.SafetyState.c.52.gcno
Processing sitl/modules/DroneCAN/libcanard/dsdlc_generated/src/uavcan.protocol.dynamic_node_id.server.AppendEntries_req.c.48.gcno
Processing sitl/modules/DroneCAN/libcanard/dsdlc_generated/src/ardupilot.equipment.trafficmonitor.TrafficReport.c.52.gcno
Processing sitl/modules/DroneCAN/libcanard/dsdlc_generated/src/ardupilot.equipment.power.BatteryPeriodic.c.46.gcno
Processing sitl/modules/DroneCAN/libcanard/dsdlc_generated/src/com.hobbywing.esc.SetReportingFrequency_res.c.47.gcno
Processing sitl/modules/DroneCAN/libcanard/dsdlc_generated/src/com.xacti.GimbalControlData.c.208.gcno
Processing sitl/modules/DroneCAN/libcanard/dsdlc_generated/src/uavcan.protocol.dynamic_node_id.server.AppendEntries_req.c.51.gcno
Processing sitl/modules/DroneCAN/libcanard/dsdlc_generated/src/ardupilot.equipment.trafficmonitor.TrafficReport.c.51.gcno
Processing sitl/modules/DroneCAN/libcanard/dsdlc_generated/src/uavcan.equipment.actuator.Status.c.48.gcno
Processing sitl/modules/DroneCAN/libcanard/dsdlc_generated/src/dronecan.protocol.FlexDebug.c.46.gcno
Processing sitl/modules/DroneCAN/libcanard/dsdlc_generated/src/uavcan.CoarseOrientation.c.51.gcno
Processing sitl/modules/DroneCAN/libcanard/dsdlc_generated/src/uavcan.protocol.debug.LogMessage.c.52.gcno
Processing sitl/modules/DroneCAN/libcanard/dsdlc_generated/src/com.hobbywing.esc.StatusMsg3.c.48.gcno
Processing sitl/modules/DroneCAN/libcanard/dsdlc_generated/src/dronecan.sensors.magnetometer.MagneticFieldStrengthHiRes.c.47.gcno
Processing sitl/modules/DroneCAN/libcanard/dsdlc_generated/src/com.hobbywing.esc.SetLED_res.c.52.gcno
Processing sitl/modules/DroneCAN/libcanard/dsdlc_generated/src/com.hobbywing.esc.SetLED_res.c.208.gcno
Processing sitl/modules/DroneCAN/libcanard/dsdlc_generated/src/uavcan.protocol.enumeration.Begin_res.c.48.gcno
Processing sitl/modules/DroneCAN/libcanard/dsdlc_generated/src/uavcan.equipment.camera_gimbal.AngularCommand.c.52.gcno
Processing sitl/modules/DroneCAN/libcanard/dsdlc_generated/src/uavcan.equipment.ahrs.MagneticFieldStrength2.c.46.gcno
Processing sitl/modules/DroneCAN/libcanard/dsdlc_generated/src/uavcan.equipment.air_data.TrueAirspeed.c.46.gcno
Processing sitl/modules/DroneCAN/libcanard/dsdlc_generated/src/com.tmotor.esc.PUSHCAN.c.47.gcno
Processing sitl/modules/DroneCAN/libcanard/dsdlc_generated/src/uavcan.equipment.actuator.Status.c.47.gcno
Processing sitl/modules/DroneCAN/libcanard/dsdlc_generated/src/dronecan.sensors.rc.RCInput.c.48.gcno
Processing sitl/modules/DroneCAN/libcanard/dsdlc_generated/src/com.hobbywing.esc.SetDirection_res.c.47.gcno
Processing sitl/modules/DroneCAN/libcanard/dsdlc_generated/src/uavcan.protocol.debug.LogLevel.c.47.gcno
Processing sitl/modules/DroneCAN/libcanard/dsdlc_generated/src/uavcan.protocol.file.BeginFirmwareUpdate_res.c.208.gcno
Processing sitl/modules/DroneCAN/libcanard/dsdlc_generated/src/uavcan.protocol.dynamic_node_id.server.RequestVote_req.c.51.gcno
Processing sitl/modules/DroneCAN/libcanard/dsdlc_generated/src/ardupilot.gnss.RelPosHeading.c.52.gcno
Processing sitl/modules/DroneCAN/libcanard/dsdlc_generated/src/uavcan.protocol.dynamic_node_id.server.Discovery.c.48.gcno
Processing sitl/modules/DroneCAN/libcanard/dsdlc_generated/src/com.hobbywing.esc.SetReportingFrequency_res.c.48.gcno
Processing sitl/modules/DroneCAN/libcanard/dsdlc_generated/src/com.hobbywing.esc.SetLED_res.c.47.gcno
Processing sitl/modules/DroneCAN/libcanard/dsdlc_generated/src/uavcan.equipment.actuator.Status.c.46.gcno
Processing sitl/modules/DroneCAN/libcanard/dsdlc_generated/src/uavcan.protocol.param.NumericValue.c.208.gcno
Processing sitl/modules/DroneCAN/libcanard/dsdlc_generated/src/uavcan.protocol.CANIfaceStats.c.47.gcno
Processing sitl/modules/DroneCAN/libcanard/dsdlc_generated/src/uavcan.protocol.SoftwareVersion.c.46.gcno
Processing sitl/modules/DroneCAN/libcanard/dsdlc_generated/src/dronecan.remoteid.SecureCommand_res.c.46.gcno
Processing sitl/modules/DroneCAN/libcanard/dsdlc_generated/src/uavcan.protocol.file.Error.c.46.gcno
Processing sitl/modules/DroneCAN/libcanard/dsdlc_generated/src/dronecan.remoteid.SecureCommand_res.c.48.gcno
Processing sitl/modules/DroneCAN/libcanard/dsdlc_generated/src/uavcan.protocol.file.Delete_res.c.52.gcno
Processing sitl/modules/DroneCAN/libcanard/dsdlc_generated/src/uavcan.equipment.ice.reciprocating.CylinderStatus.c.52.gcno
Processing sitl/modules/DroneCAN/libcanard/dsdlc_generated/src/ardupilot.gnss.MovingBaselineData.c.46.gcno
Processing sitl/modules/DroneCAN/libcanard/dsdlc_generated/src/dronecan.sensors.hygrometer.Hygrometer.c.46.gcno
Processing sitl/modules/DroneCAN/libcanard/dsdlc_generated/src/uavcan.protocol.RestartNode_req.c.48.gcno
Processing sitl/modules/DroneCAN/libcanard/dsdlc_generated/src/uavcan.protocol.param.ExecuteOpcode_res.c.48.gcno
Processing sitl/modules/DroneCAN/libcanard/dsdlc_generated/src/uavcan.equipment.gnss.Fix.c.48.gcno
Processing sitl/modules/DroneCAN/libcanard/dsdlc_generated/src/uavcan.protocol.dynamic_node_id.server.AppendEntries_req.c.52.gcno
Processing sitl/modules/DroneCAN/libcanard/dsdlc_generated/src/uavcan.protocol.debug.LogMessage.c.51.gcno
Processing sitl/modules/DroneCAN/libcanard/dsdlc_generated/src/ardupilot.gnss.Heading.c.47.gcno
Processing sitl/modules/DroneCAN/libcanard/dsdlc_generated/src/uavcan.equipment.gnss.Fix2.c.48.gcno
Processing sitl/modules/DroneCAN/libcanard/dsdlc_generated/src/uavcan.protocol.dynamic_node_id.server.RequestVote_req.c.48.gcno
Processing sitl/modules/DroneCAN/libcanard/dsdlc_generated/src/uavcan.equipment.air_data.StaticPressure.c.208.gcno
Processing sitl/modules/DroneCAN/libcanard/dsdlc_generated/src/uavcan.protocol.dynamic_node_id.server.AppendEntries_req.c.47.gcno
Processing sitl/modules/DroneCAN/libcanard/dsdlc_generated/src/uavcan.tunnel.Broadcast.c.48.gcno
Processing sitl/modules/DroneCAN/libcanard/dsdlc_generated/src/uavcan.equipment.air_data.RawAirData.c.47.gcno
Processing sitl/modules/DroneCAN/libcanard/dsdlc_generated/src/uavcan.equipment.hardpoint.Status.c.51.gcno
Processing sitl/modules/DroneCAN/libcanard/dsdlc_generated/src/uavcan.equipment.ahrs.RawIMU.c.52.gcno
Processing sitl/modules/DroneCAN/libcanard/dsdlc_generated/src/uavcan.protocol.file.EntryType.c.48.gcno
Processing sitl/modules/DroneCAN/libcanard/dsdlc_generated/src/dronecan.remoteid.ArmStatus.c.48.gcno
Processing sitl/modules/DroneCAN/libcanard/dsdlc_generated/src/uavcan.equipment.hardpoint.Status.c.48.gcno
Processing sitl/modules/DroneCAN/libcanard/dsdlc_generated/src/uavcan.equipment.esc.Status.c.47.gcno
Processing sitl/modules/DroneCAN/libcanard/dsdlc_generated/src/com.hobbywing.esc.SelfTest_req.c.51.gcno
Processing sitl/modules/DroneCAN/libcanard/dsdlc_generated/src/uavcan.protocol.dynamic_node_id.server.AppendEntries_req.c.46.gcno
Processing sitl/modules/DroneCAN/libcanard/dsdlc_generated/src/uavcan.protocol.file.Delete_res.c.47.gcno
Processing sitl/modules/DroneCAN/libcanard/dsdlc_generated/src/uavcan.equipment.air_data.IndicatedAirspeed.c.46.gcno
Processing sitl/modules/DroneCAN/libcanard/dsdlc_generated/src/uavcan.protocol.debug.LogMessage.c.208.gcno
Processing sitl/modules/DroneCAN/libcanard/dsdlc_generated/src/dronecan.remoteid.OperatorID.c.48.gcno
Processing sitl/modules/DroneCAN/libcanard/dsdlc_generated/src/uavcan.protocol.file.GetInfo_res.c.46.gcno
Processing sitl/modules/DroneCAN/libcanard/dsdlc_generated/src/uavcan.equipment.device.Temperature.c.48.gcno
Processing sitl/modules/DroneCAN/libcanard/dsdlc_generated/src/com.hobbywing.esc.SetAngle_res.c.208.gcno
Processing sitl/modules/DroneCAN/libcanard/dsdlc_generated/src/mppt.Stream.c.52.gcno
Processing sitl/modules/DroneCAN/libcanard/dsdlc_generated/src/com.hobbywing.esc.GetEscID.c.48.gcno
Processing sitl/modules/DroneCAN/libcanard/dsdlc_generated/src/ardupilot.indication.SafetyState.c.208.gcno
Processing sitl/modules/DroneCAN/libcanard/dsdlc_generated/src/com.hobbywing.esc.SetBaud_res.c.48.gcno
Processing sitl/modules/DroneCAN/libcanard/dsdlc_generated/src/uavcan.equipment.air_data.IndicatedAirspeed.c.51.gcno
Processing sitl/modules/DroneCAN/libcanard/dsdlc_generated/src/uavcan.protocol.file.Path.c.47.gcno
Processing sitl/modules/DroneCAN/libcanard/dsdlc_generated/src/com.hobbywing.esc.SetDirection_req.c.47.gcno
Processing sitl/modules/DroneCAN/libcanard/dsdlc_generated/src/ardupilot.equipment.power.BatteryContinuous.c.48.gcno
Processing sitl/modules/DroneCAN/libcanard/dsdlc_generated/src/com.tmotor.esc.ParamGet.c.47.gcno
Processing sitl/modules/DroneCAN/libcanard/dsdlc_generated/src/ardupilot.indication.NotifyState.c.51.gcno
Processing sitl/modules/DroneCAN/libcanard/dsdlc_generated/src/uavcan.protocol.CANIfaceStats.c.48.gcno
Processing sitl/modules/DroneCAN/libcanard/dsdlc_generated/src/uavcan.protocol.dynamic_node_id.server.RequestVote_res.c.46.gcno
Processing sitl/modules/DroneCAN/libcanard/dsdlc_generated/src/com.hobbywing.esc.RawCommand.c.208.gcno
Processing sitl/modules/DroneCAN/libcanard/dsdlc_generated/src/dronecan.remoteid.SelfID.c.51.gcno
Processing sitl/modules/DroneCAN/libcanard/dsdlc_generated/src/uavcan.equipment.ahrs.Solution.c.208.gcno
Processing sitl/modules/DroneCAN/libcanard/dsdlc_generated/src/uavcan.equipment.air_data.RawAirData.c.51.gcno
Processing sitl/modules/DroneCAN/libcanard/dsdlc_generated/src/com.hobbywing.esc.SetID_req.c.48.gcno
Processing sitl/modules/DroneCAN/libcanard/dsdlc_generated/src/dronecan.remoteid.BasicID.c.46.gcno
Processing sitl/modules/DroneCAN/libcanard/dsdlc_generated/src/com.hobbywing.esc.RawCommand.c.47.gcno
Processing sitl/modules/DroneCAN/libcanard/dsdlc_generated/src/com.hobbywing.esc.GetEscID.c.46.gcno
Processing sitl/modules/DroneCAN/libcanard/dsdlc_generated/src/uavcan.protocol.file.Error.c.52.gcno
Processing sitl/modules/DroneCAN/libcanard/dsdlc_generated/src/com.hobbywing.esc.SetDirection_req.c.51.gcno
Processing sitl/modules/DroneCAN/libcanard/dsdlc_generated/src/uavcan.navigation.GlobalNavigationSolution.c.52.gcno
Processing sitl/modules/DroneCAN/libcanard/dsdlc_generated/src/ardupilot.gnss.MovingBaselineData.c.47.gcno
Processing sitl/modules/DroneCAN/libcanard/dsdlc_generated/src/uavcan.tunnel.Broadcast.c.51.gcno
Processing sitl/modules/DroneCAN/libcanard/dsdlc_generated/src/dronecan.remoteid.OperatorID.c.51.gcno
Processing sitl/modules/DroneCAN/libcanard/dsdlc_generated/src/com.hobbywing.esc.RawCommand.c.52.gcno
Processing sitl/modules/DroneCAN/libcanard/dsdlc_generated/src/uavcan.protocol.AccessCommandShell_res.c.52.gcno
Processing sitl/modules/DroneCAN/libcanard/dsdlc_generated/src/uavcan.protocol.file.Error.c.47.gcno
Processing sitl/modules/DroneCAN/libcanard/dsdlc_generated/src/uavcan.protocol.DataTypeKind.c.52.gcno
Processing sitl/modules/DroneCAN/libcanard/dsdlc_generated/src/com.hobbywing.esc.SetLED_req.c.52.gcno
Processing sitl/modules/DroneCAN/libcanard/dsdlc_generated/src/dronecan.protocol.GlobalTime.c.208.gcno
Processing sitl/modules/DroneCAN/libcanard/dsdlc_generated/src/dronecan.sensors.rpm.RPM.c.47.gcno
Processing sitl/modules/DroneCAN/libcanard/dsdlc_generated/src/uavcan.equipment.gnss.Fix2.c.208.gcno
Processing sitl/modules/DroneCAN/libcanard/dsdlc_generated/src/ardupilot.equipment.trafficmonitor.TrafficReport.c.46.gcno
Processing sitl/modules/DroneCAN/libcanard/dsdlc_generated/src/uavcan.equipment.gnss.ECEFPositionVelocity.c.208.gcno
Processing sitl/modules/DroneCAN/libcanard/dsdlc_generated/src/uavcan.protocol.enumeration.Begin_req.c.47.gcno
Processing sitl/modules/DroneCAN/libcanard/dsdlc_generated/src/uavcan.equipment.ahrs.MagneticFieldStrength2.c.48.gcno
Processing sitl/modules/DroneCAN/libcanard/dsdlc_generated/src/uavcan.tunnel.Targetted.c.51.gcno
Processing sitl/modules/DroneCAN/libcanard/dsdlc_generated/src/ardupilot.indication.Button.c.46.gcno
Processing sitl/modules/DroneCAN/libcanard/dsdlc_generated/src/com.hobbywing.esc.SetThrottleSource_req.c.46.gcno
Processing sitl/modules/DroneCAN/libcanard/dsdlc_generated/src/uavcan.equipment.esc.RawCommand.c.52.gcno
Processing sitl/modules/DroneCAN/libcanard/dsdlc_generated/src/com.hobbywing.esc.SetReportingFrequency_req.c.208.gcno
Processing sitl/modules/DroneCAN/libcanard/dsdlc_generated/src/dronecan.remoteid.OperatorID.c.47.gcno
Processing sitl/modules/DroneCAN/libcanard/dsdlc_generated/src/uavcan.equipment.camera_gimbal.AngularCommand.c.48.gcno
Processing sitl/modules/DroneCAN/libcanard/dsdlc_generated/src/uavcan.equipment.ice.reciprocating.CylinderStatus.c.48.gcno
Processing sitl/modules/DroneCAN/libcanard/dsdlc_generated/src/com.xacti.GimbalControlData.c.52.gcno
Processing sitl/modules/DroneCAN/libcanard/dsdlc_generated/src/uavcan.equipment.gnss.Fix.c.51.gcno
Processing sitl/modules/DroneCAN/libcanard/dsdlc_generated/src/com.hobbywing.esc.SelfTest_res.c.48.gcno
Processing sitl/modules/DroneCAN/libcanard/dsdlc_generated/src/com.hobbywing.esc.SetBaud_req.c.46.gcno
Processing sitl/modules/DroneCAN/libcanard/dsdlc_generated/src/uavcan.equipment.indication.SingleLightCommand.c.48.gcno
Processing sitl/modules/DroneCAN/libcanard/dsdlc_generated/src/ardupilot.gnss.RelPosHeading.c.47.gcno
Processing sitl/modules/DroneCAN/libcanard/dsdlc_generated/src/uavcan.equipment.gnss.ECEFPositionVelocity.c.47.gcno
Processing sitl/modules/DroneCAN/libcanard/dsdlc_generated/src/com.hobbywing.esc.RawCommand.c.48.gcno
Processing sitl/modules/DroneCAN/libcanard/dsdlc_generated/src/com.hobbywing.esc.SetDirection_req.c.48.gcno
Processing sitl/modules/DroneCAN/libcanard/dsdlc_generated/src/uavcan.equipment.camera_gimbal.Mode.c.47.gcno
Processing sitl/modules/DroneCAN/libcanard/dsdlc_generated/src/dronecan.remoteid.Location.c.48.gcno
Processing sitl/modules/DroneCAN/libcanard/dsdlc_generated/src/uavcan.protocol.param.Empty.c.51.gcno
Processing sitl/modules/DroneCAN/libcanard/dsdlc_generated/src/uavcan.equipment.air_data.Sideslip.c.51.gcno
Processing sitl/modules/DroneCAN/libcanard/dsdlc_generated/src/dronecan.sensors.rpm.RPM.c.52.gcno
Processing sitl/modules/DroneCAN/libcanard/dsdlc_generated/src/com.hobbywing.esc.GetMaintenanceInformation_res.c.46.gcno
Processing sitl/modules/DroneCAN/libcanard/dsdlc_generated/src/com.tmotor.esc.ParamGet.c.208.gcno
Processing sitl/modules/DroneCAN/libcanard/dsdlc_generated/src/ardupilot.equipment.power.BatteryInfoAux.c.48.gcno
Processing sitl/modules/DroneCAN/libcanard/dsdlc_generated/src/com.volz.servo.ActuatorStatus.c.51.gcno
Processing sitl/modules/DroneCAN/libcanard/dsdlc_generated/src/uavcan.protocol.enumeration.Begin_res.c.208.gcno
Processing sitl/modules/DroneCAN/libcanard/dsdlc_generated/src/com.hobbywing.esc.SetBaud_req.c.208.gcno
Processing sitl/modules/DroneCAN/libcanard/dsdlc_generated/src/com.tmotor.esc.PUSHCAN.c.52.gcno
Processing sitl/modules/DroneCAN/libcanard/dsdlc_generated/src/com.hobbywing.esc.GetMajorConfig_res.c.52.gcno
Processing sitl/modules/DroneCAN/libcanard/dsdlc_generated/src/uavcan.equipment.camera_gimbal.Mode.c.46.gcno
Processing sitl/modules/DroneCAN/libcanard/dsdlc_generated/src/com.hex.equipment.flow.Measurement.c.51.gcno
Processing sitl/modules/DroneCAN/libcanard/dsdlc_generated/src/uavcan.equipment.camera_gimbal.AngularCommand.c.51.gcno
Processing sitl/modules/DroneCAN/libcanard/dsdlc_generated/src/uavcan.equipment.hardpoint.Status.c.47.gcno
Processing sitl/modules/DroneCAN/libcanard/dsdlc_generated/src/ardupilot.indication.Button.c.208.gcno
Processing sitl/modules/DroneCAN/libcanard/dsdlc_generated/src/com.xacti.GnssStatusReq.c.47.gcno
Processing sitl/modules/DroneCAN/libcanard/dsdlc_generated/src/uavcan.tunnel.Call_res.c.47.gcno
Processing sitl/modules/DroneCAN/libcanard/dsdlc_generated/src/uavcan.equipment.indication.BeepCommand.c.46.gcno
Processing sitl/modules/DroneCAN/libcanard/dsdlc_generated/src/dronecan.sensors.magnetometer.MagneticFieldStrengthHiRes.c.52.gcno
Processing sitl/modules/DroneCAN/libcanard/dsdlc_generated/src/uavcan.protocol.GetNodeInfo_res.c.48.gcno
Processing sitl/modules/DroneCAN/libcanard/dsdlc_generated/src/uavcan.protocol.param.ExecuteOpcode_req.c.46.gcno
Processing sitl/modules/DroneCAN/libcanard/dsdlc_generated/src/uavcan.protocol.enumeration.Indication.c.52.gcno
Processing sitl/modules/DroneCAN/libcanard/dsdlc_generated/src/com.hobbywing.esc.GetMaintenanceInformation_res.c.52.gcno
Processing sitl/modules/DroneCAN/libcanard/dsdlc_generated/src/dronecan.remoteid.BasicID.c.208.gcno
Processing sitl/modules/DroneCAN/libcanard/dsdlc_generated/src/uavcan.protocol.file.BeginFirmwareUpdate_req.c.208.gcno
Processing sitl/modules/DroneCAN/libcanard/dsdlc_generated/src/dronecan.protocol.FlexDebug.c.48.gcno
Processing sitl/modules/DroneCAN/libcanard/dsdlc_generated/src/uavcan.protocol.param.Empty.c.48.gcno
Processing sitl/modules/DroneCAN/libcanard/dsdlc_generated/src/cuav.equipment.power.CBAT.c.48.gcno
Processing sitl/modules/DroneCAN/libcanard/dsdlc_generated/src/uavcan.protocol.file.Delete_res.c.51.gcno
Processing sitl/modules/DroneCAN/libcanard/dsdlc_generated/src/uavcan.equipment.indication.BeepCommand.c.47.gcno
Processing sitl/modules/DroneCAN/libcanard/dsdlc_generated/src/uavcan.protocol.GlobalTimeSync.c.47.gcno
Processing sitl/modules/DroneCAN/libcanard/dsdlc_generated/src/uavcan.protocol.dynamic_node_id.server.Discovery.c.47.gcno
Processing sitl/modules/DroneCAN/libcanard/dsdlc_generated/src/com.hobbywing.esc.SetBaud_res.c.52.gcno
Processing sitl/modules/DroneCAN/libcanard/dsdlc_generated/src/ardupilot.gnss.MovingBaselineData.c.208.gcno
Processing sitl/modules/DroneCAN/libcanard/dsdlc_generated/src/uavcan.protocol.file.BeginFirmwareUpdate_req.c.48.gcno
Processing sitl/modules/DroneCAN/libcanard/dsdlc_generated/src/uavcan.equipment.ice.FuelTankStatus.c.208.gcno
Processing sitl/modules/DroneCAN/libcanard/dsdlc_generated/src/uavcan.protocol.file.Write_req.c.47.gcno
Processing sitl/modules/DroneCAN/libcanard/dsdlc_generated/src/uavcan.protocol.GetTransportStats_req.c.46.gcno
Processing sitl/modules/DroneCAN/libcanard/dsdlc_generated/src/uavcan.protocol.debug.LogLevel.c.208.gcno
Processing sitl/modules/DroneCAN/libcanard/dsdlc_generated/src/uavcan.equipment.indication.LightsCommand.c.52.gcno
Processing sitl/modules/DroneCAN/libcanard/dsdlc_generated/src/com.hobbywing.esc.SetAngle_res.c.47.gcno
Processing sitl/modules/DroneCAN/libcanard/dsdlc_generated/src/uavcan.equipment.gnss.Auxiliary.c.46.gcno
Processing sitl/modules/DroneCAN/libcanard/dsdlc_generated/src/uavcan.equipment.actuator.Command.c.51.gcno
Processing sitl/modules/DroneCAN/libcanard/dsdlc_generated/src/uavcan.equipment.power.BatteryInfo.c.47.gcno
Processing sitl/modules/DroneCAN/libcanard/dsdlc_generated/src/uavcan.protocol.file.EntryType.c.46.gcno
Processing sitl/modules/DroneCAN/libcanard/dsdlc_generated/src/com.hobbywing.esc.SetReportingFrequency_req.c.51.gcno
Processing sitl/modules/DroneCAN/libcanard/dsdlc_generated/src/dronecan.sensors.magnetometer.MagneticFieldStrengthHiRes.c.51.gcno
Processing sitl/modules/DroneCAN/libcanard/dsdlc_generated/src/uavcan.equipment.gnss.Fix.c.208.gcno
Processing sitl/modules/DroneCAN/libcanard/dsdlc_generated/src/uavcan.protocol.debug.LogLevel.c.52.gcno
Processing sitl/modules/DroneCAN/libcanard/dsdlc_generated/src/com.hobbywing.esc.GetMaintenanceInformation_res.c.48.gcno
Processing sitl/modules/DroneCAN/libcanard/dsdlc_generated/src/com.hobbywing.esc.GetMaintenanceInformation_res.c.208.gcno
Processing sitl/modules/DroneCAN/libcanard/dsdlc_generated/src/uavcan.protocol.Panic.c.51.gcno
Processing sitl/modules/DroneCAN/libcanard/dsdlc_generated/src/uavcan.protocol.param.ExecuteOpcode_res.c.208.gcno
Processing sitl/modules/DroneCAN/libcanard/dsdlc_generated/src/com.tmotor.esc.PUSHSCI.c.46.gcno
Processing sitl/modules/DroneCAN/libcanard/dsdlc_generated/src/ardupilot.gnss.RelPosHeading.c.51.gcno
Processing sitl/modules/DroneCAN/libcanard/dsdlc_generated/src/dronecan.sensors.hygrometer.Hygrometer.c.51.gcno
Processing sitl/modules/DroneCAN/libcanard/dsdlc_generated/src/uavcan.protocol.RestartNode_res.c.48.gcno
Processing sitl/modules/DroneCAN/libcanard/dsdlc_generated/src/com.volz.servo.ActuatorStatus.c.48.gcno
Processing sitl/modules/DroneCAN/libcanard/dsdlc_generated/src/uavcan.equipment.gnss.RTCMStream.c.46.gcno
Processing sitl/modules/DroneCAN/libcanard/dsdlc_generated/src/uavcan.equipment.air_data.IndicatedAirspeed.c.47.gcno
Processing sitl/modules/DroneCAN/libcanard/dsdlc_generated/src/com.hobbywing.esc.SetReportingFrequency_req.c.47.gcno
Processing sitl/modules/DroneCAN/libcanard/dsdlc_generated/src/ardupilot.equipment.proximity_sensor.Proximity.c.208.gcno
Processing sitl/modules/DroneCAN/libcanard/dsdlc_generated/src/uavcan.equipment.air_data.StaticTemperature.c.47.gcno
Processing sitl/modules/DroneCAN/libcanard/dsdlc_generated/src/uavcan.protocol.file.BeginFirmwareUpdate_res.c.51.gcno
Processing sitl/modules/DroneCAN/libcanard/dsdlc_generated/src/uavcan.equipment.power.PrimaryPowerSupplyStatus.c.46.gcno
Processing sitl/modules/DroneCAN/libcanard/dsdlc_generated/src/uavcan.equipment.indication.LightsCommand.c.47.gcno
Processing sitl/modules/DroneCAN/libcanard/dsdlc_generated/src/com.hobbywing.esc.GetEscID.c.208.gcno
Processing sitl/modules/DroneCAN/libcanard/dsdlc_generated/src/uavcan.protocol.RestartNode_res.c.51.gcno
Processing sitl/modules/DroneCAN/libcanard/dsdlc_generated/src/uavcan.tunnel.Call_res.c.208.gcno
Processing sitl/modules/DroneCAN/libcanard/dsdlc_generated/src/uavcan.protocol.debug.KeyValue.c.46.gcno
Processing sitl/modules/DroneCAN/libcanard/dsdlc_generated/src/uavcan.protocol.param.Value.c.47.gcno
Processing sitl/modules/DroneCAN/libcanard/dsdlc_generated/src/uavcan.protocol.file.Read_req.c.51.gcno
Processing sitl/modules/DroneCAN/libcanard/dsdlc_generated/src/uavcan.protocol.enumeration.Indication.c.46.gcno
Processing sitl/modules/DroneCAN/libcanard/dsdlc_generated/src/com.xacti.GimbalAttitudeStatus.c.46.gcno
Processing sitl/modules/DroneCAN/libcanard/dsdlc_generated/src/dronecan.remoteid.SecureCommand_res.c.51.gcno
Processing sitl/modules/DroneCAN/libcanard/dsdlc_generated/src/uavcan.protocol.dynamic_node_id.server.Entry.c.46.gcno
Processing sitl/modules/DroneCAN/libcanard/dsdlc_generated/src/uavcan.equipment.power.BatteryInfo.c.46.gcno
Processing sitl/modules/DroneCAN/libcanard/dsdlc_generated/src/com.xacti.GnssStatus.c.48.gcno
Processing sitl/modules/DroneCAN/libcanard/dsdlc_generated/src/uavcan.protocol.AccessCommandShell_res.c.48.gcno
Processing sitl/modules/DroneCAN/libcanard/dsdlc_generated/src/ardupilot.gnss.Status.c.51.gcno
Processing sitl/modules/DroneCAN/libcanard/dsdlc_generated/src/com.volz.servo.ActuatorStatus.c.208.gcno
Processing sitl/modules/DroneCAN/libcanard/dsdlc_generated/src/uavcan.protocol.file.Error.c.51.gcno
Processing sitl/modules/DroneCAN/libcanard/dsdlc_generated/src/uavcan.equipment.hardpoint.Command.c.208.gcno
Processing sitl/modules/DroneCAN/libcanard/dsdlc_generated/src/uavcan.equipment.ahrs.RawIMU.c.48.gcno
Processing sitl/modules/DroneCAN/libcanard/dsdlc_generated/src/com.xacti.GnssStatusReq.c.208.gcno
Processing sitl/modules/DroneCAN/libcanard/dsdlc_generated/src/uavcan.equipment.indication.RGB565.c.208.gcno
Processing sitl/modules/DroneCAN/libcanard/dsdlc_generated/src/uavcan.equipment.air_data.TrueAirspeed.c.48.gcno
Processing sitl/modules/DroneCAN/libcanard/dsdlc_generated/src/uavcan.equipment.camera_gimbal.Mode.c.208.gcno
Processing sitl/modules/DroneCAN/libcanard/dsdlc_generated/src/com.xacti.GimbalControlData.c.46.gcno
Processing sitl/modules/DroneCAN/libcanard/dsdlc_generated/src/cuav.equipment.power.CBAT.c.46.gcno
Processing sitl/modules/DroneCAN/libcanard/dsdlc_generated/src/ardupilot.equipment.proximity_sensor.Proximity.c.46.gcno
Processing sitl/modules/DroneCAN/libcanard/dsdlc_generated/src/com.xacti.GimbalAttitudeStatus.c.208.gcno
Processing sitl/modules/DroneCAN/libcanard/dsdlc_generated/src/uavcan.equipment.actuator.Status.c.208.gcno
Processing sitl/modules/DroneCAN/libcanard/dsdlc_generated/src/uavcan.protocol.GetDataTypeInfo_req.c.52.gcno
Processing sitl/modules/DroneCAN/libcanard/dsdlc_generated/src/com.hobbywing.esc.SetDirection_res.c.208.gcno
Processing sitl/modules/DroneCAN/libcanard/dsdlc_generated/src/uavcan.protocol.param.NumericValue.c.48.gcno
Processing sitl/modules/DroneCAN/libcanard/dsdlc_generated/src/com.hobbywing.esc.SetID_res.c.46.gcno
Processing sitl/modules/DroneCAN/libcanard/dsdlc_generated/src/uavcan.tunnel.SerialConfig.c.48.gcno
Processing sitl/modules/DroneCAN/libcanard/dsdlc_generated/src/uavcan.equipment.esc.StatusExtended.c.208.gcno
Processing sitl/modules/DroneCAN/libcanard/dsdlc_generated/src/uavcan.protocol.CANIfaceStats.c.46.gcno
Processing sitl/modules/DroneCAN/libcanard/dsdlc_generated/src/uavcan.protocol.file.GetDirectoryEntryInfo_req.c.48.gcno
Processing sitl/modules/DroneCAN/libcanard/dsdlc_generated/src/uavcan.tunnel.Broadcast.c.46.gcno
Processing sitl/modules/DroneCAN/libcanard/dsdlc_generated/src/uavcan.protocol.file.GetInfo_req.c.52.gcno
Processing sitl/modules/DroneCAN/libcanard/dsdlc_generated/src/uavcan.protocol.param.ExecuteOpcode_res.c.46.gcno
Processing sitl/modules/DroneCAN/libcanard/dsdlc_generated/src/ardupilot.gnss.RelPosHeading.c.48.gcno
Processing sitl/modules/DroneCAN/libcanard/dsdlc_generated/src/uavcan.protocol.enumeration.Indication.c.51.gcno
Processing sitl/modules/DroneCAN/libcanard/dsdlc_generated/src/ardupilot.equipment.power.BatteryCells.c.47.gcno
Processing sitl/modules/DroneCAN/libcanard/dsdlc_generated/src/com.hobbywing.esc.GetMajorConfig_req.c.52.gcno
Processing sitl/modules/DroneCAN/libcanard/dsdlc_generated/src/ardupilot.equipment.proximity_sensor.Proximity.c.52.gcno
Processing sitl/modules/DroneCAN/libcanard/dsdlc_generated/src/uavcan.equipment.camera_gimbal.GEOPOICommand.c.51.gcno
Processing sitl/modules/DroneCAN/libcanard/dsdlc_generated/src/dronecan.remoteid.System.c.47.gcno
Processing sitl/modules/DroneCAN/libcanard/dsdlc_generated/src/com.hobbywing.esc.StatusMsg1.c.52.gcno
Processing sitl/modules/DroneCAN/libcanard/dsdlc_generated/src/uavcan.CoarseOrientation.c.52.gcno
Processing sitl/modules/DroneCAN/libcanard/dsdlc_generated/src/ardupilot.indication.SafetyState.c.47.gcno
Processing sitl/modules/DroneCAN/libcanard/dsdlc_generated/src/uavcan.protocol.dynamic_node_id.server.AppendEntries_req.c.208.gcno
Processing sitl/modules/DroneCAN/libcanard/dsdlc_generated/src/uavcan.protocol.HardwareVersion.c.51.gcno
Processing sitl/modules/DroneCAN/libcanard/dsdlc_generated/src/uavcan.equipment.camera_gimbal.Mode.c.52.gcno
Processing sitl/modules/DroneCAN/libcanard/dsdlc_generated/src/uavcan.protocol.file.Delete_req.c.46.gcno
Processing sitl/modules/DroneCAN/libcanard/dsdlc_generated/src/com.xacti.GimbalControlData.c.48.gcno
Processing sitl/modules/DroneCAN/libcanard/dsdlc_generated/src/uavcan.protocol.file.Read_req.c.46.gcno
Processing sitl/modules/DroneCAN/libcanard/dsdlc_generated/src/dronecan.sensors.hygrometer.Hygrometer.c.208.gcno
Processing sitl/modules/DroneCAN/libcanard/dsdlc_generated/src/ardupilot.equipment.power.BatteryTag.c.48.gcno
Processing sitl/modules/DroneCAN/libcanard/dsdlc_generated/src/uavcan.equipment.actuator.Command.c.47.gcno
Processing sitl/modules/DroneCAN/libcanard/dsdlc_generated/src/dronecan.sensors.rpm.RPM.c.51.gcno
Processing sitl/modules/DroneCAN/libcanard/dsdlc_generated/src/uavcan.protocol.GetDataTypeInfo_res.c.48.gcno
Processing sitl/modules/DroneCAN/libcanard/dsdlc_generated/src/com.hobbywing.esc.GetMajorConfig_res.c.46.gcno
Processing sitl/modules/DroneCAN/libcanard/dsdlc_generated/src/uavcan.protocol.dynamic_node_id.server.Entry.c.52.gcno
Processing sitl/modules/DroneCAN/libcanard/dsdlc_generated/src/dronecan.sensors.magnetometer.MagneticFieldStrengthHiRes.c.46.gcno
Processing sitl/modules/DroneCAN/libcanard/dsdlc_generated/src/uavcan.equipment.device.Temperature.c.46.gcno
Processing sitl/modules/DroneCAN/libcanard/dsdlc_generated/src/uavcan.equipment.ahrs.Solution.c.52.gcno
Processing sitl/modules/DroneCAN/libcanard/dsdlc_generated/src/uavcan.tunnel.Call_res.c.51.gcno
Processing sitl/modules/DroneCAN/libcanard/dsdlc_generated/src/uavcan.equipment.air_data.RawAirData.c.46.gcno
Processing sitl/modules/DroneCAN/libcanard/dsdlc_generated/src/uavcan.equipment.camera_gimbal.AngularCommand.c.47.gcno
Processing sitl/modules/DroneCAN/libcanard/dsdlc_generated/src/uavcan.equipment.actuator.Command.c.52.gcno
Processing sitl/modules/DroneCAN/libcanard/dsdlc_generated/src/uavcan.protocol.dynamic_node_id.server.Entry.c.47.gcno
Processing sitl/modules/DroneCAN/libcanard/dsdlc_generated/src/uavcan.protocol.dynamic_node_id.server.AppendEntries_res.c.48.gcno
Processing sitl/modules/DroneCAN/libcanard/dsdlc_generated/src/ardupilot.equipment.power.BatteryTag.c.46.gcno
Processing sitl/modules/DroneCAN/libcanard/dsdlc_generated/src/uavcan.protocol.HardwareVersion.c.48.gcno
Processing sitl/modules/DroneCAN/libcanard/dsdlc_generated/src/uavcan.equipment.indication.RGB565.c.51.gcno
Processing sitl/modules/DroneCAN/libcanard/dsdlc_generated/src/uavcan.protocol.file.Read_res.c.51.gcno
Processing sitl/modules/DroneCAN/libcanard/dsdlc_generated/src/uavcan.protocol.SoftwareVersion.c.208.gcno
Processing sitl/modules/DroneCAN/libcanard/dsdlc_generated/src/uavcan.protocol.file.Delete_req.c.51.gcno
Processing sitl/modules/DroneCAN/libcanard/dsdlc_generated/src/dronecan.remoteid.Location.c.51.gcno
Processing sitl/modules/DroneCAN/libcanard/dsdlc_generated/src/uavcan.equipment.gnss.Fix.c.52.gcno
Processing sitl/modules/DroneCAN/libcanard/dsdlc_generated/src/uavcan.protocol.param.ExecuteOpcode_req.c.51.gcno
Processing sitl/modules/DroneCAN/libcanard/dsdlc_generated/src/dronecan.protocol.Stats.c.51.gcno
Processing sitl/modules/DroneCAN/libcanard/dsdlc_generated/src/uavcan.protocol.file.Error.c.48.gcno
Processing sitl/modules/DroneCAN/libcanard/dsdlc_generated/src/uavcan.protocol.RestartNode_res.c.52.gcno
Processing sitl/modules/DroneCAN/libcanard/dsdlc_generated/src/com.tmotor.esc.ParamCfg.c.51.gcno
Processing sitl/modules/DroneCAN/libcanard/dsdlc_generated/src/uavcan.protocol.AccessCommandShell_req.c.46.gcno
Processing sitl/modules/DroneCAN/libcanard/dsdlc_generated/src/com.tmotor.esc.ParamGet.c.48.gcno
Processing sitl/modules/DroneCAN/libcanard/dsdlc_generated/src/com.hobbywing.esc.SelfTest_res.c.47.gcno
Processing sitl/modules/DroneCAN/libcanard/dsdlc_generated/src/cuav.equipment.power.CBAT.c.52.gcno
Processing sitl/modules/DroneCAN/libcanard/dsdlc_generated/src/com.hobbywing.esc.GetMaintenanceInformation_req.c.208.gcno
Processing sitl/modules/DroneCAN/libcanard/dsdlc_generated/src/uavcan.protocol.file.GetInfo_res.c.51.gcno
Processing sitl/modules/DroneCAN/libcanard/dsdlc_generated/src/uavcan.protocol.AccessCommandShell_res.c.47.gcno
Processing sitl/modules/DroneCAN/libcanard/dsdlc_generated/src/uavcan.protocol.param.GetSet_req.c.46.gcno
Processing sitl/modules/DroneCAN/libcanard/dsdlc_generated/src/uavcan.protocol.AccessCommandShell_req.c.51.gcno
Processing sitl/modules/DroneCAN/libcanard/dsdlc_generated/src/uavcan.equipment.device.Temperature.c.51.gcno
Processing sitl/modules/DroneCAN/libcanard/dsdlc_generated/src/mppt.Stream.c.46.gcno
Processing sitl/modules/DroneCAN/libcanard/dsdlc_generated/src/uavcan.protocol.file.GetDirectoryEntryInfo_res.c.51.gcno
Processing sitl/modules/DroneCAN/libcanard/dsdlc_generated/src/uavcan.equipment.ahrs.MagneticFieldStrength.c.46.gcno
Processing sitl/modules/DroneCAN/libcanard/dsdlc_generated/src/uavcan.protocol.param.Empty.c.47.gcno
Processing sitl/modules/DroneCAN/libcanard/dsdlc_generated/src/uavcan.equipment.esc.StatusExtended.c.52.gcno
Processing sitl/modules/DroneCAN/libcanard/dsdlc_generated/src/uavcan.protocol.param.GetSet_res.c.47.gcno
Processing sitl/modules/DroneCAN/libcanard/dsdlc_generated/src/uavcan.equipment.gnss.Auxiliary.c.48.gcno
Processing sitl/modules/DroneCAN/libcanard/dsdlc_generated/src/uavcan.protocol.RestartNode_res.c.47.gcno
Processing sitl/modules/DroneCAN/libcanard/dsdlc_generated/src/com.tmotor.esc.ParamCfg.c.48.gcno
Processing sitl/modules/DroneCAN/libcanard/dsdlc_generated/src/com.tmotor.esc.PUSHCAN.c.48.gcno
Processing sitl/modules/DroneCAN/libcanard/dsdlc_generated/src/uavcan.equipment.range_sensor.Measurement.c.52.gcno
Processing sitl/modules/DroneCAN/libcanard/dsdlc_generated/src/dronecan.protocol.Stats.c.208.gcno
Processing sitl/modules/DroneCAN/libcanard/dsdlc_generated/src/uavcan.protocol.file.GetDirectoryEntryInfo_res.c.48.gcno
Processing sitl/modules/DroneCAN/libcanard/dsdlc_generated/src/ardupilot.equipment.power.BatteryTag.c.52.gcno
Processing sitl/modules/DroneCAN/libcanard/dsdlc_generated/src/dronecan.remoteid.BasicID.c.47.gcno
Processing sitl/modules/DroneCAN/libcanard/dsdlc_generated/src/com.tmotor.esc.PUSHCAN.c.51.gcno
Processing sitl/modules/DroneCAN/libcanard/dsdlc_generated/src/uavcan.equipment.safety.ArmingStatus.c.47.gcno
Processing sitl/modules/DroneCAN/libcanard/dsdlc_generated/src/uavcan.equipment.indication.LightsCommand.c.48.gcno
Processing sitl/modules/DroneCAN/libcanard/dsdlc_generated/src/uavcan.equipment.ice.reciprocating.Status.c.208.gcno
Processing sitl/modules/DroneCAN/libcanard/dsdlc_generated/src/ardupilot.equipment.power.BatteryPeriodic.c.47.gcno
Processing sitl/modules/DroneCAN/libcanard/dsdlc_generated/src/com.hobbywing.esc.SelfTest_req.c.48.gcno
Processing sitl/modules/DroneCAN/libcanard/dsdlc_generated/src/com.hobbywing.esc.SetThrottleSource_res.c.52.gcno
Processing sitl/modules/DroneCAN/libcanard/dsdlc_generated/src/com.hobbywing.esc.StatusMsg3.c.51.gcno
Processing sitl/modules/DroneCAN/libcanard/dsdlc_generated/src/uavcan.protocol.GlobalTimeSync.c.52.gcno
Processing sitl/modules/DroneCAN/libcanard/dsdlc_generated/src/mppt.Stream.c.208.gcno
Processing sitl/modules/DroneCAN/libcanard/dsdlc_generated/src/uavcan.tunnel.Targetted.c.208.gcno
Processing sitl/modules/DroneCAN/libcanard/dsdlc_generated/src/uavcan.equipment.ahrs.MagneticFieldStrength2.c.208.gcno
Processing sitl/modules/DroneCAN/libcanard/dsdlc_generated/src/uavcan.protocol.HardwareVersion.c.47.gcno
Processing sitl/modules/DroneCAN/libcanard/dsdlc_generated/src/uavcan.tunnel.Targetted.c.47.gcno
Processing sitl/modules/DroneCAN/libcanard/dsdlc_generated/src/uavcan.protocol.param.ExecuteOpcode_req.c.48.gcno
Processing sitl/modules/DroneCAN/libcanard/dsdlc_generated/src/ardupilot.equipment.power.BatteryTag.c.47.gcno
Processing sitl/modules/DroneCAN/libcanard/dsdlc_generated/src/uavcan.equipment.range_sensor.Measurement.c.51.gcno
Processing sitl/modules/DroneCAN/libcanard/dsdlc_generated/src/uavcan.protocol.file.Read_res.c.47.gcno
Processing sitl/modules/DroneCAN/libcanard/dsdlc_generated/src/com.hobbywing.esc.SetID_res.c.48.gcno
Processing sitl/modules/DroneCAN/libcanard/dsdlc_generated/src/com.tmotor.esc.ParamGet.c.52.gcno
Processing sitl/modules/DroneCAN/libcanard/dsdlc_generated/src/uavcan.protocol.file.Write_res.c.46.gcno
Processing sitl/modules/DroneCAN/libcanard/dsdlc_generated/src/dronecan.sensors.rpm.RPM.c.46.gcno
Processing sitl/modules/DroneCAN/libcanard/dsdlc_generated/src/uavcan.protocol.file.Write_req.c.52.gcno
Processing sitl/modules/DroneCAN/libcanard/dsdlc_generated/src/uavcan.protocol.GetTransportStats_req.c.51.gcno
Processing sitl/modules/DroneCAN/libcanard/dsdlc_generated/src/dronecan.protocol.Stats.c.46.gcno
Processing sitl/modules/DroneCAN/libcanard/dsdlc_generated/src/uavcan.equipment.gnss.Fix2.c.46.gcno
Processing sitl/modules/DroneCAN/libcanard/dsdlc_generated/src/uavcan.protocol.file.GetDirectoryEntryInfo_req.c.46.gcno
Processing sitl/modules/DroneCAN/libcanard/dsdlc_generated/src/mppt.OutputEnable_res.c.51.gcno
Processing sitl/modules/DroneCAN/libcanard/dsdlc_generated/src/uavcan.protocol.HardwareVersion.c.208.gcno
Processing sitl/modules/DroneCAN/libcanard/dsdlc_generated/src/com.hobbywing.esc.SetBaud_req.c.51.gcno
Processing sitl/modules/DroneCAN/libcanard/dsdlc_generated/src/com.hobbywing.esc.SetThrottleSource_res.c.46.gcno
Processing sitl/modules/DroneCAN/libcanard/dsdlc_generated/src/com.himark.servo.ServoCmd.c.51.gcno
Processing sitl/modules/DroneCAN/libcanard/dsdlc_generated/src/uavcan.protocol.GetTransportStats_req.c.208.gcno
Processing sitl/modules/DroneCAN/libcanard/dsdlc_generated/src/com.hobbywing.esc.StatusMsg2.c.208.gcno
Processing sitl/modules/DroneCAN/libcanard/dsdlc_generated/src/uavcan.protocol.AccessCommandShell_res.c.46.gcno
Processing sitl/modules/DroneCAN/libcanard/dsdlc_generated/src/uavcan.equipment.indication.SingleLightCommand.c.47.gcno
Processing sitl/modules/DroneCAN/libcanard/dsdlc_generated/src/uavcan.equipment.ice.reciprocating.Status.c.51.gcno
Processing sitl/modules/DroneCAN/libcanard/dsdlc_generated/src/com.hobbywing.esc.SetAngle_res.c.46.gcno
Processing sitl/modules/DroneCAN/libcanard/dsdlc_generated/src/uavcan.equipment.esc.Status.c.51.gcno
Processing sitl/modules/DroneCAN/libcanard/dsdlc_generated/src/uavcan.equipment.indication.BeepCommand.c.51.gcno
Processing sitl/modules/DroneCAN/libcanard/dsdlc_generated/src/com.hobbywing.esc.SelfTest_res.c.46.gcno
Processing sitl/modules/DroneCAN/libcanard/dsdlc_generated/src/uavcan.protocol.Panic.c.52.gcno
Processing sitl/modules/DroneCAN/libcanard/dsdlc_generated/src/uavcan.protocol.GetTransportStats_req.c.52.gcno
Processing sitl/modules/DroneCAN/libcanard/dsdlc_generated/src/uavcan.protocol.dynamic_node_id.Allocation.c.47.gcno
Processing sitl/modules/DroneCAN/libcanard/dsdlc_generated/src/uavcan.tunnel.Call_res.c.46.gcno
Processing sitl/modules/DroneCAN/libcanard/dsdlc_generated/src/uavcan.equipment.air_data.RawAirData.c.208.gcno
Processing sitl/modules/DroneCAN/libcanard/dsdlc_generated/src/uavcan.equipment.power.BatteryInfo.c.48.gcno
Processing sitl/modules/DroneCAN/libcanard/dsdlc_generated/src/uavcan.equipment.ahrs.MagneticFieldStrength.c.47.gcno
Processing sitl/modules/DroneCAN/libcanard/dsdlc_generated/src/uavcan.protocol.GlobalTimeSync.c.46.gcno
Processing sitl/modules/DroneCAN/libcanard/dsdlc_generated/src/dronecan.protocol.Stats.c.52.gcno
Processing sitl/modules/DroneCAN/libcanard/dsdlc_generated/src/com.hobbywing.esc.GetMajorConfig_res.c.47.gcno
Processing sitl/modules/DroneCAN/libcanard/dsdlc_generated/src/dronecan.sensors.rc.RCInput.c.46.gcno
Processing sitl/modules/DroneCAN/libcanard/dsdlc_generated/src/uavcan.tunnel.SerialConfig.c.47.gcno
Processing sitl/modules/DroneCAN/libcanard/dsdlc_generated/src/mppt.OutputEnable_res.c.48.gcno
Processing sitl/modules/DroneCAN/libcanard/dsdlc_generated/src/mppt.OutputEnable_req.c.48.gcno
Processing sitl/modules/DroneCAN/libcanard/dsdlc_generated/src/com.himark.servo.ServoInfo.c.46.gcno
Processing sitl/modules/DroneCAN/libcanard/dsdlc_generated/src/uavcan.protocol.file.Read_res.c.52.gcno
Processing sitl/modules/DroneCAN/libcanard/dsdlc_generated/src/uavcan.protocol.param.GetSet_res.c.208.gcno
Processing sitl/modules/DroneCAN/libcanard/dsdlc_generated/src/cuav.equipment.power.CBAT.c.47.gcno
Processing sitl/modules/DroneCAN/libcanard/dsdlc_generated/src/uavcan.tunnel.Broadcast.c.52.gcno
Processing sitl/modules/DroneCAN/libcanard/dsdlc_generated/src/ardupilot.equipment.power.BatteryCells.c.52.gcno
Processing sitl/modules/DroneCAN/libcanard/dsdlc_generated/src/uavcan.protocol.dynamic_node_id.server.RequestVote_res.c.47.gcno
Processing sitl/modules/DroneCAN/libcanard/dsdlc_generated/src/com.volz.servo.ActuatorStatus.c.52.gcno
Processing sitl/modules/DroneCAN/libcanard/dsdlc_generated/src/com.hobbywing.esc.GetMajorConfig_req.c.48.gcno
Processing sitl/modules/DroneCAN/libcanard/dsdlc_generated/src/com.hobbywing.esc.StatusMsg3.c.52.gcno
Processing sitl/modules/DroneCAN/libcanard/dsdlc_generated/src/uavcan.protocol.CANIfaceStats.c.51.gcno
Processing sitl/modules/DroneCAN/libcanard/dsdlc_generated/src/com.hobbywing.esc.SetDirection_res.c.51.gcno
Processing sitl/modules/DroneCAN/libcanard/dsdlc_generated/src/uavcan.protocol.RestartNode_req.c.51.gcno
Processing sitl/modules/DroneCAN/libcanard/dsdlc_generated/src/com.hobbywing.esc.SetLED_req.c.46.gcno
Processing sitl/modules/DroneCAN/libcanard/dsdlc_generated/src/uavcan.equipment.gnss.Fix.c.46.gcno
Processing sitl/modules/DroneCAN/libcanard/dsdlc_generated/src/dronecan.protocol.GlobalTime.c.52.gcno
Processing sitl/modules/DroneCAN/libcanard/dsdlc_generated/src/uavcan.equipment.gnss.RTCMStream.c.48.gcno
Processing sitl/modules/DroneCAN/libcanard/dsdlc_generated/src/dronecan.protocol.CanStats.c.52.gcno
Processing sitl/modules/DroneCAN/libcanard/dsdlc_generated/src/ardupilot.indication.SafetyState.c.51.gcno
Processing sitl/modules/DroneCAN/libcanard/dsdlc_generated/src/com.hobbywing.esc.GetMajorConfig_res.c.48.gcno
Processing sitl/modules/DroneCAN/libcanard/dsdlc_generated/src/uavcan.protocol.GetTransportStats_req.c.47.gcno
Processing sitl/modules/DroneCAN/libcanard/dsdlc_generated/src/ardupilot.gnss.Heading.c.46.gcno
Processing sitl/modules/DroneCAN/libcanard/dsdlc_generated/src/uavcan.protocol.SoftwareVersion.c.52.gcno
Processing sitl/modules/DroneCAN/libcanard/dsdlc_generated/src/com.hobbywing.esc.SetLED_req.c.47.gcno
Processing sitl/modules/DroneCAN/libcanard/dsdlc_generated/src/uavcan.equipment.ahrs.RawIMU.c.208.gcno
Processing sitl/modules/DroneCAN/libcanard/dsdlc_generated/src/uavcan.equipment.air_data.StaticPressure.c.48.gcno
Processing sitl/modules/DroneCAN/libcanard/dsdlc_generated/src/uavcan.protocol.dynamic_node_id.server.RequestVote_req.c.47.gcno
Processing sitl/modules/DroneCAN/libcanard/dsdlc_generated/src/com.tmotor.esc.ParamGet.c.46.gcno
Processing sitl/modules/DroneCAN/libcanard/dsdlc_generated/src/dronecan.remoteid.System.c.208.gcno
Processing sitl/modules/DroneCAN/libcanard/dsdlc_generated/src/uavcan.protocol.param.GetSet_res.c.46.gcno
Processing sitl/modules/DroneCAN/libcanard/dsdlc_generated/src/dronecan.remoteid.ArmStatus.c.52.gcno
Processing sitl/modules/DroneCAN/libcanard/dsdlc_generated/src/com.hex.equipment.flow.Measurement.c.52.gcno
Processing sitl/modules/DroneCAN/libcanard/dsdlc_generated/src/uavcan.equipment.air_data.Sideslip.c.52.gcno
Processing sitl/modules/DroneCAN/libcanard/dsdlc_generated/src/dronecan.remoteid.ArmStatus.c.208.gcno
Processing sitl/modules/DroneCAN/libcanard/dsdlc_generated/src/com.hobbywing.esc.SetBaud_res.c.51.gcno
Processing sitl/modules/DroneCAN/libcanard/dsdlc_generated/src/com.hobbywing.esc.RawCommand.c.51.gcno
Processing sitl/modules/DroneCAN/libcanard/dsdlc_generated/src/uavcan.protocol.GetTransportStats_res.c.47.gcno
Processing sitl/modules/DroneCAN/libcanard/dsdlc_generated/src/uavcan.equipment.safety.ArmingStatus.c.52.gcno
Processing sitl/modules/DroneCAN/libcanard/dsdlc_generated/src/uavcan.protocol.NodeStatus.c.48.gcno
Processing sitl/modules/DroneCAN/libcanard/dsdlc_generated/src/uavcan.CoarseOrientation.c.47.gcno
Processing sitl/modules/DroneCAN/libcanard/dsdlc_generated/src/ardupilot.indication.NotifyState.c.208.gcno
Processing sitl/modules/DroneCAN/libcanard/dsdlc_generated/src/dronecan.protocol.CanStats.c.48.gcno
Processing sitl/modules/DroneCAN/libcanard/dsdlc_generated/src/uavcan.protocol.RestartNode_res.c.46.gcno
Processing sitl/modules/DroneCAN/libcanard/dsdlc_generated/src/uavcan.equipment.actuator.ArrayCommand.c.46.gcno
Processing sitl/modules/DroneCAN/libcanard/dsdlc_generated/src/uavcan.protocol.enumeration.Begin_res.c.52.gcno
Processing sitl/modules/DroneCAN/libcanard/dsdlc_generated/src/com.hobbywing.esc.RawCommand.c.46.gcno
Processing sitl/modules/DroneCAN/libcanard/dsdlc_generated/src/ardupilot.gnss.Heading.c.51.gcno
Processing sitl/modules/DroneCAN/libcanard/dsdlc_generated/src/com.hobbywing.esc.SetReportingFrequency_req.c.48.gcno
Processing sitl/modules/DroneCAN/libcanard/dsdlc_generated/src/uavcan.Timestamp.c.51.gcno
Processing sitl/modules/DroneCAN/libcanard/dsdlc_generated/src/uavcan.protocol.GlobalTimeSync.c.48.gcno
Processing sitl/modules/DroneCAN/libcanard/dsdlc_generated/src/uavcan.protocol.debug.KeyValue.c.51.gcno
Processing sitl/modules/DroneCAN/libcanard/dsdlc_generated/src/uavcan.protocol.SoftwareVersion.c.47.gcno
Processing sitl/modules/DroneCAN/libcanard/dsdlc_generated/src/uavcan.protocol.file.Read_req.c.208.gcno
Processing sitl/modules/DroneCAN/libcanard/dsdlc_generated/src/uavcan.equipment.air_data.IndicatedAirspeed.c.208.gcno
Processing sitl/modules/DroneCAN/libcanard/dsdlc_generated/src/uavcan.protocol.GetTransportStats_res.c.48.gcno
Processing sitl/modules/DroneCAN/libcanard/dsdlc_generated/src/uavcan.equipment.actuator.ArrayCommand.c.51.gcno
Processing sitl/modules/DroneCAN/libcanard/dsdlc_generated/src/uavcan.equipment.safety.ArmingStatus.c.46.gcno
Processing sitl/modules/DroneCAN/libcanard/dsdlc_generated/src/uavcan.protocol.debug.LogMessage.c.46.gcno
Processing sitl/modules/DroneCAN/libcanard/dsdlc_generated/src/uavcan.protocol.param.Empty.c.208.gcno
Processing sitl/modules/DroneCAN/libcanard/dsdlc_generated/src/dronecan.remoteid.SecureCommand_res.c.208.gcno
Processing sitl/modules/DroneCAN/libcanard/dsdlc_generated/src/dronecan.remoteid.SecureCommand_req.c.47.gcno
Processing sitl/modules/DroneCAN/libcanard/dsdlc_generated/src/uavcan.protocol.file.BeginFirmwareUpdate_req.c.46.gcno
Processing sitl/modules/DroneCAN/libcanard/dsdlc_generated/src/uavcan.protocol.file.Path.c.48.gcno
Processing sitl/modules/DroneCAN/libcanard/dsdlc_generated/src/uavcan.equipment.esc.RawCommand.c.47.gcno
Processing sitl/modules/DroneCAN/libcanard/dsdlc_generated/src/com.hobbywing.esc.SelfTest_req.c.208.gcno
Processing sitl/modules/DroneCAN/libcanard/dsdlc_generated/src/uavcan.protocol.file.GetDirectoryEntryInfo_res.c.46.gcno
Processing sitl/modules/DroneCAN/libcanard/dsdlc_generated/src/uavcan.equipment.air_data.TrueAirspeed.c.51.gcno
Processing sitl/modules/DroneCAN/libcanard/dsdlc_generated/src/dronecan.sensors.hygrometer.Hygrometer.c.52.gcno
Processing sitl/modules/DroneCAN/libcanard/dsdlc_generated/src/com.hobbywing.esc.GetMajorConfig_res.c.51.gcno
Processing sitl/modules/DroneCAN/libcanard/dsdlc_generated/src/com.hobbywing.esc.SetReportingFrequency_res.c.51.gcno
Processing sitl/modules/DroneCAN/libcanard/dsdlc_generated/src/uavcan.equipment.camera_gimbal.AngularCommand.c.46.gcno
Processing sitl/modules/DroneCAN/libcanard/dsdlc_generated/src/mppt.Stream.c.48.gcno
Processing sitl/modules/DroneCAN/libcanard/dsdlc_generated/src/uavcan.equipment.air_data.StaticTemperature.c.52.gcno
Processing sitl/modules/DroneCAN/libcanard/dsdlc_generated/src/dronecan.protocol.CanStats.c.46.gcno
Processing sitl/modules/DroneCAN/libcanard/dsdlc_generated/src/uavcan.navigation.GlobalNavigationSolution.c.47.gcno
Processing sitl/modules/DroneCAN/libcanard/dsdlc_generated/src/uavcan.Timestamp.c.47.gcno
Processing sitl/modules/DroneCAN/libcanard/dsdlc_generated/src/uavcan.protocol.debug.KeyValue.c.47.gcno
Processing sitl/modules/DroneCAN/libcanard/dsdlc_generated/src/com.himark.servo.ServoCmd.c.208.gcno
Processing sitl/modules/DroneCAN/libcanard/canard.c.0.gcno
Processing sitl/modules/gtest/googletest/src/gtest-all.cc.209.gcno
Processing sitl/ArduPlane/quadplane.cpp.53.gcno
Processing sitl/ArduPlane/fence.cpp.53.gcno
Processing sitl/ArduPlane/mode_avoidADSB.cpp.53.gcno
Processing sitl/ArduPlane/tuning.cpp.53.gcno
Processing sitl/ArduPlane/radio.cpp.53.gcno
Processing sitl/ArduPlane/AP_ExternalControl_Plane.cpp.53.gcno
Processing sitl/ArduPlane/mode_LoiterAltQLand.cpp.53.gcno
Processing sitl/ArduPlane/afs_plane.cpp.53.gcno
Processing sitl/ArduPlane/mode_takeoff.cpp.53.gcno
Processing sitl/ArduPlane/mode_qland.cpp.53.gcno
Processing sitl/ArduPlane/events.cpp.53.gcno
Processing sitl/ArduPlane/commands_logic.cpp.53.gcno
Processing sitl/ArduPlane/tiltrotor.cpp.53.gcno
Processing sitl/ArduPlane/Parameters.cpp.53.gcno
Processing sitl/ArduPlane/mode_qloiter.cpp.53.gcno
Processing sitl/ArduPlane/mode_autoland.cpp.53.gcno
Processing sitl/ArduPlane/is_flying.cpp.53.gcno
Processing sitl/ArduPlane/RC_Channel_Plane.cpp.53.gcno
Processing sitl/ArduPlane/AP_Arming_Plane.cpp.53.gcno
Processing sitl/ArduPlane/navigation.cpp.53.gcno
Processing sitl/ArduPlane/mode_guided.cpp.53.gcno
Processing sitl/ArduPlane/servos.cpp.53.gcno
Processing sitl/ArduPlane/altitude.cpp.53.gcno
Processing sitl/ArduPlane/qautotune.cpp.53.gcno
Processing sitl/ArduPlane/mode_autotune.cpp.53.gcno
Processing sitl/ArduPlane/mode_circle.cpp.53.gcno
Processing sitl/ArduPlane/mode_qrtl.cpp.53.gcno
Processing sitl/ArduPlane/mode_fbwa.cpp.53.gcno
Processing sitl/ArduPlane/mode_auto.cpp.53.gcno
Processing sitl/ArduPlane/failsafe.cpp.53.gcno
Processing sitl/ArduPlane/mode_qhover.cpp.53.gcno
Processing sitl/ArduPlane/motor_test.cpp.53.gcno
Processing sitl/ArduPlane/pullup.cpp.53.gcno
Processing sitl/ArduPlane/mode_acro.cpp.53.gcno
Processing sitl/ArduPlane/mode_loiter.cpp.53.gcno
Processing sitl/ArduPlane/reverse_thrust.cpp.53.gcno
Processing sitl/ArduPlane/mode_rtl.cpp.53.gcno
Processing sitl/ArduPlane/mode_training.cpp.53.gcno
Processing sitl/ArduPlane/commands.cpp.53.gcno
Processing sitl/ArduPlane/parachute.cpp.53.gcno
Processing sitl/ArduPlane/mode_fbwb.cpp.53.gcno
Processing sitl/ArduPlane/GCS_MAVLink_Plane.cpp.53.gcno
Processing sitl/ArduPlane/mode.cpp.53.gcno
Processing sitl/ArduPlane/tailsitter.cpp.53.gcno
Processing sitl/ArduPlane/mode_qautotune.cpp.53.gcno
Processing sitl/ArduPlane/avoidance_adsb.cpp.53.gcno
Processing sitl/ArduPlane/system.cpp.53.gcno
Processing sitl/ArduPlane/Log.cpp.53.gcno
Processing sitl/ArduPlane/Attitude.cpp.53.gcno
Processing sitl/ArduPlane/mode_qacro.cpp.53.gcno
Processing sitl/ArduPlane/mode_stabilize.cpp.53.gcno
Processing sitl/ArduPlane/ekf_check.cpp.53.gcno
Processing sitl/ArduPlane/GCS_Plane.cpp.53.gcno
Processing sitl/ArduPlane/mode_qstabilize.cpp.53.gcno
Processing sitl/ArduPlane/mode_cruise.cpp.53.gcno
Processing sitl/ArduPlane/mode_manual.cpp.53.gcno
Processing sitl/ArduPlane/control_modes.cpp.53.gcno
Processing sitl/ArduPlane/sensors.cpp.53.gcno
Processing sitl/ArduPlane/Plane.cpp.53.gcno
Processing sitl/ArduPlane/takeoff.cpp.53.gcno
Processing sitl/ArduPlane/mode_thermal.cpp.53.gcno
Processing sitl/ArduPlane/soaring.cpp.53.gcno
Processing sitl/ArduPlane/VTOL_Assist.cpp.53.gcno
Processing sitl/ArduPlane/systemid.cpp.53.gcno
Processing linux/libraries/AP_Rally/AP_Rally.cpp.1.gcno
Processing linux/libraries/AP_DroneCAN/AP_Canard_iface.cpp.0.gcno
Processing linux/libraries/AP_DroneCAN/AP_DroneCAN_serial.cpp.0.gcno
Processing linux/libraries/AP_DroneCAN/AP_DroneCAN_DNA_Server.cpp.0.gcno
Processing linux/libraries/AP_DroneCAN/AP_DroneCAN.cpp.0.gcno
Processing linux/libraries/AP_MSP/AP_MSP_Telem_Generic.cpp.0.gcno
/media/tihan/pavan/kala/build/linux/libraries/AP_MSP/AP_MSP_Telem_Generic.cpp.0.gcno:no functions found
geninfo: WARNING: GCOV did not produce any data for /media/tihan/pavan/kala/build/linux/libraries/AP_MSP/AP_MSP_Telem_Generic.cpp.0.gcno
Processing linux/libraries/AP_MSP/AP_MSP_Telem_DJI.cpp.0.gcno
Processing linux/libraries/AP_MSP/AP_MSP_Telem_DisplayPort.cpp.0.gcno
Processing linux/libraries/AP_MSP/msp.cpp.0.gcno
Processing linux/libraries/AP_MSP/AP_MSP.cpp.0.gcno
Processing linux/libraries/AP_MSP/AP_MSP_Telem_Backend.cpp.0.gcno
Processing linux/libraries/AP_MSP/msp_sbuf.cpp.0.gcno
Processing linux/libraries/AP_FETtecOneWire/AP_FETtecOneWire.cpp.0.gcno
Processing linux/libraries/AP_Winch/AP_Winch_PWM.cpp.0.gcno
Processing linux/libraries/AP_Winch/AP_Winch_Backend.cpp.0.gcno
Processing linux/libraries/AP_Winch/AP_Winch.cpp.0.gcno
Processing linux/libraries/AP_Winch/AP_Winch_Daiwa.cpp.0.gcno
Processing linux/libraries/AP_Filesystem/AP_Filesystem_Param.cpp.0.gcno
Processing linux/libraries/AP_Filesystem/AP_Filesystem_Mission.cpp.0.gcno
Processing linux/libraries/AP_Filesystem/AP_Filesystem_backend.cpp.0.gcno
Processing linux/libraries/AP_Filesystem/AP_Filesystem_ROMFS.cpp.0.gcno
/media/tihan/pavan/kala/build/linux/libraries/AP_Filesystem/AP_Filesystem_ROMFS.cpp.0.gcno:no functions found
geninfo: WARNING: GCOV did not produce any data for /media/tihan/pavan/kala/build/linux/libraries/AP_Filesystem/AP_Filesystem_ROMFS.cpp.0.gcno
Processing linux/libraries/AP_Filesystem/AP_Filesystem_Sys.cpp.0.gcno
Processing linux/libraries/AP_Filesystem/AP_Filesystem_ESP32.cpp.0.gcno
/media/tihan/pavan/kala/build/linux/libraries/AP_Filesystem/AP_Filesystem_ESP32.cpp.0.gcno:no functions found
geninfo: WARNING: GCOV did not produce any data for /media/tihan/pavan/kala/build/linux/libraries/AP_Filesystem/AP_Filesystem_ESP32.cpp.0.gcno
Processing linux/libraries/AP_Filesystem/AP_Filesystem_FlashMemory_LittleFS.cpp.0.gcno
/media/tihan/pavan/kala/build/linux/libraries/AP_Filesystem/AP_Filesystem_FlashMemory_LittleFS.cpp.0.gcno:no functions found
geninfo: WARNING: GCOV did not produce any data for /media/tihan/pavan/kala/build/linux/libraries/AP_Filesystem/AP_Filesystem_FlashMemory_LittleFS.cpp.0.gcno
Processing linux/libraries/AP_Filesystem/AP_Filesystem_FATFS.cpp.0.gcno
/media/tihan/pavan/kala/build/linux/libraries/AP_Filesystem/AP_Filesystem_FATFS.cpp.0.gcno:no functions found
geninfo: WARNING: GCOV did not produce any data for /media/tihan/pavan/kala/build/linux/libraries/AP_Filesystem/AP_Filesystem_FATFS.cpp.0.gcno
Processing linux/libraries/AP_Filesystem/posix_compat.cpp.0.gcno
Processing linux/libraries/AP_Filesystem/AP_Filesystem_posix.cpp.1.gcno
Processing linux/libraries/AP_Filesystem/AP_Filesystem.cpp.0.gcno
Processing linux/libraries/AP_RCTelemetry/AP_RCTelemetry.cpp.1.gcno
Processing linux/libraries/AP_RCTelemetry/AP_CRSF_Telem.cpp.1.gcno
Processing linux/libraries/AP_RCTelemetry/AP_GHST_Telem.cpp.0.gcno
Processing linux/libraries/AP_RCTelemetry/AP_Spektrum_Telem.cpp.0.gcno
Processing linux/libraries/AP_Compass/AP_Compass_BMM150.cpp.0.gcno
Processing linux/libraries/AP_Compass/AP_Compass_AK8963.cpp.0.gcno
Processing linux/libraries/AP_Compass/AP_Compass_HMC5843.cpp.0.gcno
Processing linux/libraries/AP_Compass/AP_Compass_SITL.cpp.0.gcno
/media/tihan/pavan/kala/build/linux/libraries/AP_Compass/AP_Compass_SITL.cpp.0.gcno:no functions found
geninfo: WARNING: GCOV did not produce any data for /media/tihan/pavan/kala/build/linux/libraries/AP_Compass/AP_Compass_SITL.cpp.0.gcno
Processing linux/libraries/AP_Compass/AP_Compass_Calibration.cpp.0.gcno
Processing linux/libraries/AP_Compass/AP_Compass_ExternalAHRS.cpp.0.gcno
Processing linux/libraries/AP_Compass/Compass_PerMotor.cpp.0.gcno
Processing linux/libraries/AP_Compass/AP_Compass_MAG3110.cpp.0.gcno
Processing linux/libraries/AP_Compass/AP_Compass_RM3100.cpp.0.gcno
Processing linux/libraries/AP_Compass/AP_Compass_IST8308.cpp.0.gcno
Processing linux/libraries/AP_Compass/AP_Compass.cpp.0.gcno
Processing linux/libraries/AP_Compass/AP_Compass_LSM303D.cpp.0.gcno
Processing linux/libraries/AP_Compass/AP_Compass_LIS3MDL.cpp.0.gcno
Processing linux/libraries/AP_Compass/AP_Compass_DroneCAN.cpp.0.gcno
Processing linux/libraries/AP_Compass/AP_Compass_Backend.cpp.0.gcno
Processing linux/libraries/AP_Compass/AP_Compass_AK09916.cpp.0.gcno
Processing linux/libraries/AP_Compass/AP_Compass_IST8310.cpp.0.gcno
Processing linux/libraries/AP_Compass/AP_Compass_MMC3416.cpp.0.gcno
Processing linux/libraries/AP_Compass/AP_Compass_QMC5883P.cpp.0.gcno
Processing linux/libraries/AP_Compass/Compass_learn.cpp.0.gcno
Processing linux/libraries/AP_Compass/AP_Compass_BMM350.cpp.0.gcno
Processing linux/libraries/AP_Compass/CompassCalibrator.cpp.0.gcno
Processing linux/libraries/AP_Compass/AP_Compass_IIS2MDC.cpp.0.gcno
/media/tihan/pavan/kala/build/linux/libraries/AP_Compass/AP_Compass_IIS2MDC.cpp.0.gcno:no functions found
geninfo: WARNING: GCOV did not produce any data for /media/tihan/pavan/kala/build/linux/libraries/AP_Compass/AP_Compass_IIS2MDC.cpp.0.gcno
Processing linux/libraries/AP_Compass/AP_Compass_MMC5xx3.cpp.0.gcno
Processing linux/libraries/AP_Compass/AP_Compass_MSP.cpp.0.gcno
Processing linux/libraries/AP_Compass/AP_Compass_QMC5883L.cpp.0.gcno
Processing linux/libraries/AP_Compass/AP_Compass_LSM9DS1.cpp.0.gcno
Processing linux/libraries/AP_ADSB/AP_ADSB_Sagetech.cpp.0.gcno
Processing linux/libraries/AP_ADSB/AP_ADSB_uAvionix_MAVLink.cpp.0.gcno
Processing linux/libraries/AP_ADSB/AP_ADSB_uAvionix_UCP.cpp.0.gcno
Processing linux/libraries/AP_ADSB/tests/test_adsb_callsign.cpp.1.gcno
Processing linux/libraries/AP_ADSB/AP_ADSB_Backend.cpp.0.gcno
Processing linux/libraries/AP_ADSB/AP_ADSB.cpp.1.gcno
Processing linux/libraries/AP_ADSB/AP_ADSB_Sagetech_MXS.cpp.1.gcno
/media/tihan/pavan/kala/build/linux/libraries/AP_ADSB/AP_ADSB_Sagetech_MXS.cpp.1.gcno:no functions found
geninfo: WARNING: GCOV did not produce any data for /media/tihan/pavan/kala/build/linux/libraries/AP_ADSB/AP_ADSB_Sagetech_MXS.cpp.1.gcno
Processing linux/libraries/AP_HAL_Empty/Semaphores.cpp.0.gcno
Processing linux/libraries/AP_HAL_Empty/RCInput.cpp.0.gcno
Processing linux/libraries/AP_HAL_Empty/HAL_Empty_Class.cpp.0.gcno
/media/tihan/pavan/kala/build/linux/libraries/AP_HAL_Empty/HAL_Empty_Class.cpp.0.gcno:no functions found
geninfo: WARNING: GCOV did not produce any data for /media/tihan/pavan/kala/build/linux/libraries/AP_HAL_Empty/HAL_Empty_Class.cpp.0.gcno
Processing linux/libraries/AP_HAL_Empty/GPIO.cpp.0.gcno
Processing linux/libraries/AP_HAL_Empty/AnalogIn.cpp.0.gcno
Processing linux/libraries/AP_HAL_Empty/UARTDriver.cpp.0.gcno
Processing linux/libraries/AP_HAL_Empty/Storage.cpp.0.gcno
Processing linux/libraries/AP_HAL_Empty/RCOutput.cpp.0.gcno
Processing linux/libraries/AP_Parachute/AP_Parachute.cpp.0.gcno
Processing linux/libraries/AP_IRLock/AP_IRLock.cpp.0.gcno
Processing linux/libraries/AP_IRLock/AP_IRLock_I2C.cpp.0.gcno
Processing linux/libraries/AP_IRLock/AP_IRLock_SITL_Gazebo.cpp.0.gcno
/media/tihan/pavan/kala/build/linux/libraries/AP_IRLock/AP_IRLock_SITL_Gazebo.cpp.0.gcno:no functions found
geninfo: WARNING: GCOV did not produce any data for /media/tihan/pavan/kala/build/linux/libraries/AP_IRLock/AP_IRLock_SITL_Gazebo.cpp.0.gcno
Processing linux/libraries/AP_IRLock/AP_IRLock_SITL.cpp.0.gcno
/media/tihan/pavan/kala/build/linux/libraries/AP_IRLock/AP_IRLock_SITL.cpp.0.gcno:no functions found
geninfo: WARNING: GCOV did not produce any data for /media/tihan/pavan/kala/build/linux/libraries/AP_IRLock/AP_IRLock_SITL.cpp.0.gcno
Processing linux/libraries/AP_SBusOut/AP_SBusOut.cpp.0.gcno
Processing linux/libraries/AC_AutoTune/AC_AutoTune_FreqResp.cpp.0.gcno
Processing linux/libraries/AC_AutoTune/AC_AutoTune.cpp.1.gcno
Processing linux/libraries/AC_AutoTune/AC_AutoTune_Heli.cpp.0.gcno
Processing linux/libraries/AC_AutoTune/AC_AutoTune_Multi.cpp.1.gcno
Processing linux/libraries/AP_Quicktune/AP_Quicktune.cpp.0.gcno
Processing linux/libraries/AP_Vehicle/Parameters.cpp.0.gcno
Processing linux/libraries/AP_Vehicle/AP_Vehicle.cpp.1.gcno
Processing linux/libraries/AP_KDECAN/AP_KDECAN.cpp.0.gcno
Processing linux/libraries/AP_L1_Control/AP_L1_Control.cpp.0.gcno
Processing linux/libraries/AP_OpticalFlow/AP_OpticalFlow_PX4Flow.cpp.0.gcno
Processing linux/libraries/AP_OpticalFlow/AP_OpticalFlow_CXOF.cpp.0.gcno
Processing linux/libraries/AP_OpticalFlow/AP_OpticalFlow_Calibrator.cpp.0.gcno
Processing linux/libraries/AP_OpticalFlow/AP_OpticalFlow_UPFLOW.cpp.0.gcno
Processing linux/libraries/AP_OpticalFlow/AP_OpticalFlow_Pixart.cpp.0.gcno
Processing linux/libraries/AP_OpticalFlow/AP_OpticalFlow_Backend.cpp.0.gcno
Processing linux/libraries/AP_OpticalFlow/AP_OpticalFlow_HereFlow.cpp.0.gcno
Processing linux/libraries/AP_OpticalFlow/AP_OpticalFlow.cpp.0.gcno
Processing linux/libraries/AP_OpticalFlow/AP_OpticalFlow_Onboard.cpp.0.gcno
/media/tihan/pavan/kala/build/linux/libraries/AP_OpticalFlow/AP_OpticalFlow_Onboard.cpp.0.gcno:no functions found
geninfo: WARNING: GCOV did not produce any data for /media/tihan/pavan/kala/build/linux/libraries/AP_OpticalFlow/AP_OpticalFlow_Onboard.cpp.0.gcno
Processing linux/libraries/AP_OpticalFlow/AP_OpticalFlow_MAV.cpp.0.gcno
Processing linux/libraries/AP_OpticalFlow/AP_OpticalFlow_SITL.cpp.0.gcno
/media/tihan/pavan/kala/build/linux/libraries/AP_OpticalFlow/AP_OpticalFlow_SITL.cpp.0.gcno:no functions found
geninfo: WARNING: GCOV did not produce any data for /media/tihan/pavan/kala/build/linux/libraries/AP_OpticalFlow/AP_OpticalFlow_SITL.cpp.0.gcno
Processing linux/libraries/AP_OpticalFlow/AP_OpticalFlow_MSP.cpp.0.gcno
Processing linux/libraries/Filter/DerivativeFilter.cpp.0.gcno
Processing linux/libraries/Filter/HarmonicNotchFilter.cpp.1.gcno
Processing linux/libraries/Filter/LowPassFilter2p.cpp.0.gcno
Processing linux/libraries/Filter/LowPassFilter.cpp.0.gcno
Processing linux/libraries/Filter/ModeFilter.cpp.0.gcno
Processing linux/libraries/Filter/SlewLimiter.cpp.0.gcno
Processing linux/libraries/Filter/AP_Filter_params.cpp.0.gcno
Processing linux/libraries/Filter/tests/test_averagefilter.cpp.1.gcno
Processing linux/libraries/Filter/tests/test_modefilter.cpp.2.gcno
Processing linux/libraries/Filter/tests/test_notchfilter.cpp.3.gcno
Processing linux/libraries/Filter/AP_NotchFilter_params.cpp.0.gcno
Processing linux/libraries/Filter/AP_Filter.cpp.0.gcno
Processing linux/libraries/Filter/NotchFilter.cpp.0.gcno
Processing linux/libraries/AP_WindVane/AP_WindVane_Backend.cpp.0.gcno
Processing linux/libraries/AP_WindVane/AP_WindVane.cpp.0.gcno
Processing linux/libraries/AP_WindVane/AP_WindVane_Analog.cpp.0.gcno
Processing linux/libraries/AP_WindVane/AP_WindVane_RPM.cpp.0.gcno
Processing linux/libraries/AP_WindVane/AP_WindVane_NMEA.cpp.0.gcno
Processing linux/libraries/AP_WindVane/AP_WindVane_ModernDevice.cpp.0.gcno
Processing linux/libraries/AP_WindVane/AP_WindVane_Home.cpp.0.gcno
Processing linux/libraries/AP_WindVane/AP_WindVane_Airspeed.cpp.0.gcno
Processing linux/libraries/AP_WindVane/AP_WindVane_SITL.cpp.0.gcno
/media/tihan/pavan/kala/build/linux/libraries/AP_WindVane/AP_WindVane_SITL.cpp.0.gcno:no functions found
geninfo: WARNING: GCOV did not produce any data for /media/tihan/pavan/kala/build/linux/libraries/AP_WindVane/AP_WindVane_SITL.cpp.0.gcno
Processing linux/libraries/AP_TempCalibration/AP_TempCalibration.cpp.0.gcno
Processing linux/libraries/AP_GSOF/AP_GSOF.cpp.0.gcno
Processing linux/libraries/AP_GSOF/tests/test_gsof.cpp.1.gcno
Processing linux/libraries/AP_BoardConfig/board_drivers.cpp.0.gcno
Processing linux/libraries/AP_BoardConfig/AP_BoardConfig.cpp.1.gcno
Processing linux/libraries/AP_BoardConfig/IMU_heater.cpp.0.gcno
/media/tihan/pavan/kala/build/linux/libraries/AP_BoardConfig/IMU_heater.cpp.0.gcno:no functions found
geninfo: WARNING: GCOV did not produce any data for /media/tihan/pavan/kala/build/linux/libraries/AP_BoardConfig/IMU_heater.cpp.0.gcno
Processing linux/libraries/StorageManager/StorageManager.cpp.1.gcno
Processing linux/libraries/AC_Avoidance/AP_OAPathPlanner.cpp.0.gcno
Processing linux/libraries/AC_Avoidance/AC_Avoidance_Logging.cpp.0.gcno
Processing linux/libraries/AC_Avoidance/AP_OADijkstra.cpp.0.gcno
Processing linux/libraries/AC_Avoidance/AP_OAVisGraph.cpp.0.gcno
Processing linux/libraries/AC_Avoidance/AC_Avoid.cpp.1.gcno
Processing linux/libraries/AC_Avoidance/AP_OABendyRuler.cpp.1.gcno
Processing linux/libraries/AC_Avoidance/AP_OADatabase.cpp.1.gcno
Processing linux/libraries/AP_Hott_Telem/AP_Hott_Telem.cpp.0.gcno
Processing linux/libraries/AP_Gripper/AP_Gripper_Backend.cpp.0.gcno
Processing linux/libraries/AP_Gripper/AP_Gripper_EPM.cpp.0.gcno
Processing linux/libraries/AP_Gripper/AP_Gripper_Servo.cpp.0.gcno
Processing linux/libraries/AP_Gripper/AP_Gripper.cpp.0.gcno
Processing linux/libraries/AP_Stats/AP_Stats.cpp.0.gcno
Processing linux/libraries/AP_LeakDetector/AP_LeakDetector_Analog.cpp.0.gcno
Processing linux/libraries/AP_LeakDetector/AP_LeakDetector.cpp.0.gcno
Processing linux/libraries/AP_LeakDetector/AP_LeakDetector_Backend.cpp.0.gcno
Processing linux/libraries/AP_LeakDetector/AP_LeakDetector_Digital.cpp.0.gcno
Processing linux/libraries/AP_RPM/RPM_EFI.cpp.0.gcno
Processing linux/libraries/AP_RPM/RPM_SITL.cpp.0.gcno
/media/tihan/pavan/kala/build/linux/libraries/AP_RPM/RPM_SITL.cpp.0.gcno:no functions found
geninfo: WARNING: GCOV did not produce any data for /media/tihan/pavan/kala/build/linux/libraries/AP_RPM/RPM_SITL.cpp.0.gcno
Processing linux/libraries/AP_RPM/RPM_Generator.cpp.0.gcno
Processing linux/libraries/AP_RPM/RPM_DroneCAN.cpp.0.gcno
Processing linux/libraries/AP_RPM/RPM_Pin.cpp.0.gcno
Processing linux/libraries/AP_RPM/AP_RPM_Params.cpp.0.gcno
Processing linux/libraries/AP_RPM/RPM_HarmonicNotch.cpp.0.gcno
Processing linux/libraries/AP_RPM/RPM_ESC_Telem.cpp.0.gcno
Processing linux/libraries/AP_RPM/RPM_Backend.cpp.0.gcno
Processing linux/libraries/AP_RPM/AP_RPM.cpp.0.gcno
Processing linux/libraries/AP_Frsky_Telem/AP_Frsky_Telem.cpp.0.gcno
Processing linux/libraries/AP_Frsky_Telem/AP_Frsky_SPort_Passthrough.cpp.1.gcno
Processing linux/libraries/AP_Frsky_Telem/AP_Frsky_Parameters.cpp.0.gcno
Processing linux/libraries/AP_Frsky_Telem/AP_Frsky_MAVliteMsgHandler.cpp.0.gcno
Processing linux/libraries/AP_Frsky_Telem/AP_Frsky_MAVlite_Message.cpp.0.gcno
Processing linux/libraries/AP_Frsky_Telem/AP_Frsky_Backend.cpp.0.gcno
Processing linux/libraries/AP_Frsky_Telem/AP_Frsky_SPort.cpp.0.gcno
Processing linux/libraries/AP_Frsky_Telem/AP_Frsky_MAVlite_MAVliteToSPort.cpp.0.gcno
Processing linux/libraries/AP_Frsky_Telem/AP_Frsky_D.cpp.0.gcno
Processing linux/libraries/AP_Frsky_Telem/AP_Frsky_MAVlite_SPortToMAVlite.cpp.0.gcno
Processing linux/libraries/AP_Avoidance/AP_Avoidance.cpp.1.gcno
Processing linux/libraries/AP_Button/AP_Button.cpp.0.gcno
Processing linux/libraries/AC_CustomControl/AC_CustomControl_PID.cpp.0.gcno
/media/tihan/pavan/kala/build/linux/libraries/AC_CustomControl/AC_CustomControl_PID.cpp.0.gcno:no functions found
geninfo: WARNING: GCOV did not produce any data for /media/tihan/pavan/kala/build/linux/libraries/AC_CustomControl/AC_CustomControl_PID.cpp.0.gcno
Processing linux/libraries/AC_CustomControl/AC_CustomControl.cpp.0.gcno
/media/tihan/pavan/kala/build/linux/libraries/AC_CustomControl/AC_CustomControl.cpp.0.gcno:no functions found
geninfo: WARNING: GCOV did not produce any data for /media/tihan/pavan/kala/build/linux/libraries/AC_CustomControl/AC_CustomControl.cpp.0.gcno
Processing linux/libraries/AC_CustomControl/AC_CustomControl_Empty.cpp.0.gcno
/media/tihan/pavan/kala/build/linux/libraries/AC_CustomControl/AC_CustomControl_Empty.cpp.0.gcno:no functions found
geninfo: WARNING: GCOV did not produce any data for /media/tihan/pavan/kala/build/linux/libraries/AC_CustomControl/AC_CustomControl_Empty.cpp.0.gcno
Processing linux/libraries/AP_Servo_Telem/AP_Servo_Telem.cpp.0.gcno
Processing linux/libraries/AP_Generator/AP_Generator_IE_FuelCell.cpp.0.gcno
Processing linux/libraries/AP_Generator/AP_Generator_Loweheiser.cpp.0.gcno
Processing linux/libraries/AP_Generator/AP_Generator_Backend.cpp.0.gcno
Processing linux/libraries/AP_Generator/AP_Generator_IE_2400.cpp.0.gcno
Processing linux/libraries/AP_Generator/AP_Generator_RichenPower.cpp.0.gcno
Processing linux/libraries/AP_Generator/AP_Generator.cpp.0.gcno
Processing linux/libraries/AP_Generator/AP_Generator_IE_650_800.cpp.0.gcno
Processing linux/libraries/AP_Scheduler/PerfInfo.cpp.0.gcno
Processing linux/libraries/AP_Scheduler/AP_Scheduler.cpp.1.gcno
Processing linux/libraries/AP_BattMonitor/AP_BattMonitor_LTC2946.cpp.0.gcno
/media/tihan/pavan/kala/build/linux/libraries/AP_BattMonitor/AP_BattMonitor_LTC2946.cpp.0.gcno:no functions found
geninfo: WARNING: GCOV did not produce any data for /media/tihan/pavan/kala/build/linux/libraries/AP_BattMonitor/AP_BattMonitor_LTC2946.cpp.0.gcno
Processing linux/libraries/AP_BattMonitor/AP_BattMonitor_SMBus_SUI.cpp.0.gcno
Processing linux/libraries/AP_BattMonitor/AP_BattMonitor_Sum.cpp.0.gcno
Processing linux/libraries/AP_BattMonitor/AP_BattMonitor.cpp.1.gcno
Processing linux/libraries/AP_BattMonitor/AP_BattMonitor_Generator.cpp.0.gcno
Processing linux/libraries/AP_BattMonitor/AP_BattMonitor_INA2xx.cpp.0.gcno
Processing linux/libraries/AP_BattMonitor/AP_BattMonitor_DroneCAN.cpp.0.gcno
Processing linux/libraries/AP_BattMonitor/AP_BattMonitor_EFI.cpp.0.gcno
Processing linux/libraries/AP_BattMonitor/AP_BattMonitor_INA239.cpp.0.gcno
/media/tihan/pavan/kala/build/linux/libraries/AP_BattMonitor/AP_BattMonitor_INA239.cpp.0.gcno:no functions found
geninfo: WARNING: GCOV did not produce any data for /media/tihan/pavan/kala/build/linux/libraries/AP_BattMonitor/AP_BattMonitor_INA239.cpp.0.gcno
Processing linux/libraries/AP_BattMonitor/AP_BattMonitor_FuelLevel_Analog.cpp.0.gcno
Processing linux/libraries/AP_BattMonitor/AP_BattMonitor_INA3221.cpp.0.gcno
/media/tihan/pavan/kala/build/linux/libraries/AP_BattMonitor/AP_BattMonitor_INA3221.cpp.0.gcno:no functions found
geninfo: WARNING: GCOV did not produce any data for /media/tihan/pavan/kala/build/linux/libraries/AP_BattMonitor/AP_BattMonitor_INA3221.cpp.0.gcno
Processing linux/libraries/AP_BattMonitor/AP_BattMonitor_Torqeedo.cpp.0.gcno
Processing linux/libraries/AP_BattMonitor/AP_BattMonitor_Analog.cpp.0.gcno
Processing linux/libraries/AP_BattMonitor/tests/test_calculate_mah.cpp.1.gcno
Processing linux/libraries/AP_BattMonitor/AP_BattMonitor_ESC.cpp.0.gcno
Processing linux/libraries/AP_BattMonitor/AP_BattMonitor_Params.cpp.1.gcno
Processing linux/libraries/AP_BattMonitor/AP_BattMonitor_Backend.cpp.0.gcno
Processing linux/libraries/AP_BattMonitor/AP_BattMonitor_SMBus_Rotoye.cpp.0.gcno
Processing linux/libraries/AP_BattMonitor/AP_BattMonitor_SMBus_Generic.cpp.0.gcno
Processing linux/libraries/AP_BattMonitor/AP_BattMonitor_AD7091R5.cpp.0.gcno
Processing linux/libraries/AP_BattMonitor/AP_BattMonitor_SMBus_Solo.cpp.0.gcno
/media/tihan/pavan/kala/build/linux/libraries/AP_BattMonitor/AP_BattMonitor_SMBus_Solo.cpp.0.gcno:no functions found
geninfo: WARNING: GCOV did not produce any data for /media/tihan/pavan/kala/build/linux/libraries/AP_BattMonitor/AP_BattMonitor_SMBus_Solo.cpp.0.gcno
Processing linux/libraries/AP_BattMonitor/AP_BattMonitor_Scripting.cpp.0.gcno
Processing linux/libraries/AP_BattMonitor/AP_BattMonitor_Logging.cpp.0.gcno
Processing linux/libraries/AP_BattMonitor/AP_BattMonitor_FuelLevel_PWM.cpp.0.gcno
Processing linux/libraries/AP_BattMonitor/AP_BattMonitor_SMBus_NeoDesign.cpp.0.gcno
Processing linux/libraries/AP_BattMonitor/AP_BattMonitor_SMBus.cpp.0.gcno
Processing linux/libraries/AP_BattMonitor/AP_BattMonitor_Bebop.cpp.0.gcno
/media/tihan/pavan/kala/build/linux/libraries/AP_BattMonitor/AP_BattMonitor_Bebop.cpp.0.gcno:no functions found
geninfo: WARNING: GCOV did not produce any data for /media/tihan/pavan/kala/build/linux/libraries/AP_BattMonitor/AP_BattMonitor_Bebop.cpp.0.gcno
Processing linux/libraries/AP_BattMonitor/AP_BattMonitor_Synthetic_Current.cpp.0.gcno
Processing linux/libraries/AP_BattMonitor/AP_BattMonitor_FuelFlow.cpp.0.gcno
Processing linux/libraries/AP_MultiHeap/MultiHeap_chibios.cpp.0.gcno
/media/tihan/pavan/kala/build/linux/libraries/AP_MultiHeap/MultiHeap_chibios.cpp.0.gcno:no functions found
geninfo: WARNING: GCOV did not produce any data for /media/tihan/pavan/kala/build/linux/libraries/AP_MultiHeap/MultiHeap_chibios.cpp.0.gcno
Processing linux/libraries/AP_MultiHeap/tests/test_multiheap.cpp.1.gcno
Processing linux/libraries/AP_MultiHeap/MultiHeap_malloc.cpp.0.gcno
Processing linux/libraries/AP_MultiHeap/AP_MultiHeap.cpp.0.gcno
Processing linux/libraries/AP_GyroFFT/AP_GyroFFT.cpp.1.gcno
/media/tihan/pavan/kala/build/linux/libraries/AP_GyroFFT/AP_GyroFFT.cpp.1.gcno:no functions found
geninfo: WARNING: GCOV did not produce any data for /media/tihan/pavan/kala/build/linux/libraries/AP_GyroFFT/AP_GyroFFT.cpp.1.gcno
Processing linux/libraries/AP_GyroFFT/tests/test_harmonic_fit.cpp.1.gcno
Processing linux/libraries/AP_TECS/AP_TECS.cpp.0.gcno
Processing linux/libraries/AP_DAL/AP_DAL_InertialSensor.cpp.0.gcno
Processing linux/libraries/AP_DAL/AP_DAL_Compass.cpp.0.gcno
Processing linux/libraries/AP_DAL/AP_DAL_GPS.cpp.0.gcno
Processing linux/libraries/AP_DAL/AP_DAL.cpp.1.gcno
Processing linux/libraries/AP_DAL/AP_DAL_VisualOdom.cpp.1.gcno
Processing linux/libraries/AP_DAL/AP_DAL_Beacon.cpp.1.gcno
Processing linux/libraries/AP_DAL/AP_DAL_Baro.cpp.0.gcno
Processing linux/libraries/AP_DAL/AP_DAL_Airspeed.cpp.0.gcno
Processing linux/libraries/AP_DAL/AP_DAL_RangeFinder.cpp.1.gcno
Processing linux/libraries/AP_Networking/AP_Networking_tests.cpp.0.gcno
/media/tihan/pavan/kala/build/linux/libraries/AP_Networking/AP_Networking_tests.cpp.0.gcno:no functions found
geninfo: WARNING: GCOV did not produce any data for /media/tihan/pavan/kala/build/linux/libraries/AP_Networking/AP_Networking_tests.cpp.0.gcno
Processing linux/libraries/AP_Networking/AP_Networking_macaddr.cpp.0.gcno
Processing linux/libraries/AP_Networking/lwip_hal/arch/sys_arch.cpp.0.gcno
/media/tihan/pavan/kala/build/linux/libraries/AP_Networking/lwip_hal/arch/sys_arch.cpp.0.gcno:no functions found
geninfo: WARNING: GCOV did not produce any data for /media/tihan/pavan/kala/build/linux/libraries/AP_Networking/lwip_hal/arch/sys_arch.cpp.0.gcno
Processing linux/libraries/AP_Networking/AP_Networking_ChibiOS.cpp.0.gcno
/media/tihan/pavan/kala/build/linux/libraries/AP_Networking/AP_Networking_ChibiOS.cpp.0.gcno:no functions found
geninfo: WARNING: GCOV did not produce any data for /media/tihan/pavan/kala/build/linux/libraries/AP_Networking/AP_Networking_ChibiOS.cpp.0.gcno
Processing linux/libraries/AP_Networking/AP_Networking_address.cpp.0.gcno
Processing linux/libraries/AP_Networking/AP_Networking_CAN.cpp.0.gcno
/media/tihan/pavan/kala/build/linux/libraries/AP_Networking/AP_Networking_CAN.cpp.0.gcno:no functions found
geninfo: WARNING: GCOV did not produce any data for /media/tihan/pavan/kala/build/linux/libraries/AP_Networking/AP_Networking_CAN.cpp.0.gcno
Processing linux/libraries/AP_Networking/AP_Networking_Backend.cpp.0.gcno
Processing linux/libraries/AP_Networking/AP_Networking_port.cpp.0.gcno
Processing linux/libraries/AP_Networking/AP_Networking_PPP.cpp.0.gcno
/media/tihan/pavan/kala/build/linux/libraries/AP_Networking/AP_Networking_PPP.cpp.0.gcno:no functions found
geninfo: WARNING: GCOV did not produce any data for /media/tihan/pavan/kala/build/linux/libraries/AP_Networking/AP_Networking_PPP.cpp.0.gcno
Processing linux/libraries/AP_Networking/AP_Networking.cpp.0.gcno
Processing linux/libraries/AP_Relay/AP_Relay.cpp.1.gcno
Processing linux/libraries/AP_Relay/AP_Relay_Params.cpp.0.gcno
Processing linux/libraries/AP_WheelEncoder/WheelEncoder_Quadrature.cpp.0.gcno
Processing linux/libraries/AP_WheelEncoder/AP_WheelEncoder.cpp.0.gcno
Processing linux/libraries/AP_WheelEncoder/WheelEncoder_Backend.cpp.0.gcno
Processing linux/libraries/AP_WheelEncoder/WheelEncoder_SITL_Quadrature.cpp.0.gcno
/media/tihan/pavan/kala/build/linux/libraries/AP_WheelEncoder/WheelEncoder_SITL_Quadrature.cpp.0.gcno:no functions found
geninfo: WARNING: GCOV did not produce any data for /media/tihan/pavan/kala/build/linux/libraries/AP_WheelEncoder/WheelEncoder_SITL_Quadrature.cpp.0.gcno
Processing linux/libraries/AP_WheelEncoder/AP_WheelRateControl.cpp.0.gcno
Processing linux/libraries/AP_Module/AP_Module.cpp.0.gcno
Processing linux/libraries/AP_Motors/AP_MotorsMatrix.cpp.1.gcno
Processing linux/libraries/AP_Motors/AP_MotorsSingle.cpp.0.gcno
Processing linux/libraries/AP_Motors/AP_MotorsTri.cpp.1.gcno
Processing linux/libraries/AP_Motors/AP_Motors_Class.cpp.0.gcno
Processing linux/libraries/AP_Motors/AP_MotorsMatrix_Scripting_Dynamic.cpp.0.gcno
Processing linux/libraries/AP_Motors/AP_MotorsHeli_Single.cpp.0.gcno
Processing linux/libraries/AP_Motors/AP_MotorsMatrix_6DoF_Scripting.cpp.0.gcno
Processing linux/libraries/AP_Motors/AP_MotorsHeli_RSC.cpp.0.gcno
Processing linux/libraries/AP_Motors/AP_MotorsHeli_Quad.cpp.0.gcno
Processing linux/libraries/AP_Motors/AP_MotorsHeli.cpp.0.gcno
Processing linux/libraries/AP_Motors/AP_MotorsCoax.cpp.0.gcno
Processing linux/libraries/AP_Motors/AP_Motors6DOF.cpp.0.gcno
Processing linux/libraries/AP_Motors/AP_MotorsHeli_Dual.cpp.0.gcno
Processing linux/libraries/AP_Motors/AP_MotorsTailsitter.cpp.0.gcno
Processing linux/libraries/AP_Motors/AP_MotorsMulticopter.cpp.1.gcno
Processing linux/libraries/AP_Motors/AP_Motors_Thrust_Linearization.cpp.1.gcno
Processing linux/libraries/AP_Motors/AP_MotorsHeli_Swash.cpp.0.gcno
Processing linux/libraries/AP_Airspeed/Airspeed_Calibration.cpp.0.gcno
Processing linux/libraries/AP_Airspeed/AP_Airspeed.cpp.1.gcno
Processing linux/libraries/AP_Airspeed/AP_Airspeed_Health.cpp.0.gcno
Processing linux/libraries/AP_Airspeed/AP_Airspeed_MS4525.cpp.0.gcno
Processing linux/libraries/AP_Airspeed/AP_Airspeed_Params.cpp.1.gcno
Processing linux/libraries/AP_Airspeed/AP_Airspeed_AUAV.cpp.0.gcno
Processing linux/libraries/AP_Airspeed/AP_Airspeed_MS5525.cpp.0.gcno
Processing linux/libraries/AP_Airspeed/AP_Airspeed_ASP5033.cpp.0.gcno
Processing linux/libraries/AP_Airspeed/AP_Airspeed_NMEA.cpp.1.gcno
/media/tihan/pavan/kala/build/linux/libraries/AP_Airspeed/AP_Airspeed_NMEA.cpp.1.gcno:no functions found
geninfo: WARNING: GCOV did not produce any data for /media/tihan/pavan/kala/build/linux/libraries/AP_Airspeed/AP_Airspeed_NMEA.cpp.1.gcno
Processing linux/libraries/AP_Airspeed/AP_Airspeed_DroneCAN.cpp.0.gcno
Processing linux/libraries/AP_Airspeed/AP_Airspeed_analog.cpp.0.gcno
Processing linux/libraries/AP_Airspeed/AP_Airspeed_MSP.cpp.0.gcno
Processing linux/libraries/AP_Airspeed/AP_Airspeed_SDP3X.cpp.0.gcno
Processing linux/libraries/AP_Airspeed/AP_Airspeed_DLVR.cpp.0.gcno
Processing linux/libraries/AP_Airspeed/AP_Airspeed_External.cpp.0.gcno
Processing linux/libraries/AP_Airspeed/AP_Airspeed_SITL.cpp.0.gcno
/media/tihan/pavan/kala/build/linux/libraries/AP_Airspeed/AP_Airspeed_SITL.cpp.0.gcno:no functions found
geninfo: WARNING: GCOV did not produce any data for /media/tihan/pavan/kala/build/linux/libraries/AP_Airspeed/AP_Airspeed_SITL.cpp.0.gcno
Processing linux/libraries/AP_Airspeed/AP_Airspeed_Backend.cpp.0.gcno
Processing linux/libraries/AP_ServoRelayEvents/AP_ServoRelayEvents.cpp.0.gcno
Processing linux/libraries/AC_InputManager/AC_InputManager.cpp.0.gcno
/media/tihan/pavan/kala/build/linux/libraries/AC_InputManager/AC_InputManager.cpp.0.gcno:no functions found
geninfo: WARNING: GCOV did not produce any data for /media/tihan/pavan/kala/build/linux/libraries/AC_InputManager/AC_InputManager.cpp.0.gcno
Processing linux/libraries/AC_InputManager/AC_InputManager_Heli.cpp.0.gcno
Processing linux/libraries/AP_Beacon/AP_Beacon_Marvelmind.cpp.0.gcno
Processing linux/libraries/AP_Beacon/AP_Beacon_Nooploop.cpp.0.gcno
Processing linux/libraries/AP_Beacon/AP_Beacon_Pozyx.cpp.0.gcno
Processing linux/libraries/AP_Beacon/AP_Beacon_SITL.cpp.0.gcno
/media/tihan/pavan/kala/build/linux/libraries/AP_Beacon/AP_Beacon_SITL.cpp.0.gcno:no functions found
geninfo: WARNING: GCOV did not produce any data for /media/tihan/pavan/kala/build/linux/libraries/AP_Beacon/AP_Beacon_SITL.cpp.0.gcno
Processing linux/libraries/AP_Beacon/AP_Beacon.cpp.0.gcno
Processing linux/libraries/AP_Beacon/AP_Beacon_Backend.cpp.0.gcno
Processing linux/libraries/AP_Volz_Protocol/AP_Volz_Protocol.cpp.0.gcno
Processing linux/libraries/AP_Common/c++.cpp.0.gcno
Processing linux/libraries/AP_Common/NMEA.cpp.0.gcno
Processing linux/libraries/AP_Common/AP_ExpandingArray.cpp.0.gcno
Processing linux/libraries/AP_Common/AP_Common.cpp.0.gcno
Processing linux/libraries/AP_Common/Location.cpp.0.gcno
Processing linux/libraries/AP_Common/AP_FWVersion.cpp.0.gcno
Processing linux/libraries/AP_Common/float16.cpp.0.gcno
Processing linux/libraries/AP_Common/time.cpp.0.gcno
Processing linux/libraries/AP_Common/tests/test_cpp.cpp.3.gcno
Processing linux/libraries/AP_Common/tests/test_sorting.cpp.10.gcno
Processing linux/libraries/AP_Common/tests/test_bitmask.cpp.2.gcno
Processing linux/libraries/AP_Common/tests/test_nmea_print.cpp.8.gcno
Processing linux/libraries/AP_Common/tests/test_ap_common.cpp.1.gcno
Processing linux/libraries/AP_Common/tests/test_expandingstring_failure.cpp.5.gcno
Processing linux/libraries/AP_Common/tests/test_tsindex.cpp.11.gcno
Processing linux/libraries/AP_Common/tests/test_location.cpp.7.gcno
Processing linux/libraries/AP_Common/tests/test_nmea_vaprint.cpp.9.gcno
Processing linux/libraries/AP_Common/tests/test_expandingstring.cpp.4.gcno
Processing linux/libraries/AP_Common/tests/test_fwversion.cpp.6.gcno
Processing linux/libraries/AP_Common/ExpandingString.cpp.0.gcno
Processing linux/libraries/AP_Common/sorting.cpp.0.gcno
Processing linux/libraries/AP_DAC/AP_DAC_Params.cpp.0.gcno
/media/tihan/pavan/kala/build/linux/libraries/AP_DAC/AP_DAC_Params.cpp.0.gcno:no functions found
geninfo: WARNING: GCOV did not produce any data for /media/tihan/pavan/kala/build/linux/libraries/AP_DAC/AP_DAC_Params.cpp.0.gcno
Processing linux/libraries/AP_DAC/AP_DAC_MCP40D1x.cpp.0.gcno
/media/tihan/pavan/kala/build/linux/libraries/AP_DAC/AP_DAC_MCP40D1x.cpp.0.gcno:no functions found
geninfo: WARNING: GCOV did not produce any data for /media/tihan/pavan/kala/build/linux/libraries/AP_DAC/AP_DAC_MCP40D1x.cpp.0.gcno
Processing linux/libraries/AP_DAC/AP_DAC.cpp.0.gcno
/media/tihan/pavan/kala/build/linux/libraries/AP_DAC/AP_DAC.cpp.0.gcno:no functions found
geninfo: WARNING: GCOV did not produce any data for /media/tihan/pavan/kala/build/linux/libraries/AP_DAC/AP_DAC.cpp.0.gcno
Processing linux/libraries/AP_DAC/AP_DAC_TIx3204.cpp.0.gcno
/media/tihan/pavan/kala/build/linux/libraries/AP_DAC/AP_DAC_TIx3204.cpp.0.gcno:no functions found
geninfo: WARNING: GCOV did not produce any data for /media/tihan/pavan/kala/build/linux/libraries/AP_DAC/AP_DAC_TIx3204.cpp.0.gcno
Processing linux/libraries/AP_LTM_Telem/AP_LTM_Telem.cpp.0.gcno
Processing linux/libraries/AP_Logger/AP_Logger_W25NXX.cpp.0.gcno
/media/tihan/pavan/kala/build/linux/libraries/AP_Logger/AP_Logger_W25NXX.cpp.0.gcno:no functions found
geninfo: WARNING: GCOV did not produce any data for /media/tihan/pavan/kala/build/linux/libraries/AP_Logger/AP_Logger_W25NXX.cpp.0.gcno
Processing linux/libraries/AP_Logger/AP_Logger_MAVLink.cpp.0.gcno
Processing linux/libraries/AP_Logger/AP_Logger_File.cpp.1.gcno
Processing linux/libraries/AP_Logger/AP_Logger_MAVLinkLogTransfer.cpp.0.gcno
Processing linux/libraries/AP_Logger/AP_Logger_Block.cpp.0.gcno
/media/tihan/pavan/kala/build/linux/libraries/AP_Logger/AP_Logger_Block.cpp.0.gcno:no functions found
geninfo: WARNING: GCOV did not produce any data for /media/tihan/pavan/kala/build/linux/libraries/AP_Logger/AP_Logger_Block.cpp.0.gcno
Processing linux/libraries/AP_Logger/AP_Logger_Backend.cpp.1.gcno
Processing linux/libraries/AP_Logger/AP_Logger.cpp.1.gcno
Processing linux/libraries/AP_Logger/AP_Logger_Flash_JEDEC.cpp.0.gcno
/media/tihan/pavan/kala/build/linux/libraries/AP_Logger/AP_Logger_Flash_JEDEC.cpp.0.gcno:no functions found
geninfo: WARNING: GCOV did not produce any data for /media/tihan/pavan/kala/build/linux/libraries/AP_Logger/AP_Logger_Flash_JEDEC.cpp.0.gcno
Processing linux/libraries/AP_Logger/LogFile.cpp.0.gcno
Processing linux/libraries/AP_Logger/LoggerMessageWriter.cpp.1.gcno
Processing linux/libraries/AP_JSButton/AP_JSButton.cpp.0.gcno
Processing linux/libraries/AP_JSButton/tests/test_jsbutton.cpp.1.gcno
Processing linux/libraries/AP_FlashStorage/AP_FlashStorage.cpp.0.gcno
Processing linux/libraries/AP_Scripting/lua_scripts.cpp.1.gcno
Processing linux/libraries/AP_Scripting/AP_Scripting.cpp.0.gcno
Processing linux/libraries/AP_Scripting/AP_Scripting_helpers.cpp.1.gcno
Processing linux/libraries/AP_Scripting/lua/src/lopcodes.c.0.gcno
/media/tihan/pavan/kala/build/linux/libraries/AP_Scripting/lua/src/lopcodes.c.0.gcno:no functions found
geninfo: WARNING: GCOV did not produce any data for /media/tihan/pavan/kala/build/linux/libraries/AP_Scripting/lua/src/lopcodes.c.0.gcno
Processing linux/libraries/AP_Scripting/lua/src/ldebug.c.0.gcno
Processing linux/libraries/AP_Scripting/lua/src/lparser.c.0.gcno
Processing linux/libraries/AP_Scripting/lua/src/lfunc.c.0.gcno
Processing linux/libraries/AP_Scripting/lua/src/ldump.c.0.gcno
Processing linux/libraries/AP_Scripting/lua/src/lmem.c.0.gcno
Processing linux/libraries/AP_Scripting/lua/src/ltm.c.0.gcno
Processing linux/libraries/AP_Scripting/lua/src/ltablib.c.0.gcno
Processing linux/libraries/AP_Scripting/lua/src/lcode.c.0.gcno
Processing linux/libraries/AP_Scripting/lua/src/ltable.c.0.gcno
Processing linux/libraries/AP_Scripting/lua/src/llex.c.0.gcno
Processing linux/libraries/AP_Scripting/lua/src/lvm.c.0.gcno
Processing linux/libraries/AP_Scripting/lua/src/lutf8lib.c.0.gcno
Processing linux/libraries/AP_Scripting/lua/src/lstring.c.0.gcno
Processing linux/libraries/AP_Scripting/lua/src/lcorolib.c.0.gcno
Processing linux/libraries/AP_Scripting/lua/src/loslib.c.0.gcno
Processing linux/libraries/AP_Scripting/lua/src/liolib.c.0.gcno
Processing linux/libraries/AP_Scripting/lua/src/lobject.c.0.gcno
Processing linux/libraries/AP_Scripting/lua/src/lctype.c.0.gcno
/media/tihan/pavan/kala/build/linux/libraries/AP_Scripting/lua/src/lctype.c.0.gcno:no functions found
geninfo: WARNING: GCOV did not produce any data for /media/tihan/pavan/kala/build/linux/libraries/AP_Scripting/lua/src/lctype.c.0.gcno
Processing linux/libraries/AP_Scripting/lua/src/lmathlib.c.0.gcno
Processing linux/libraries/AP_Scripting/lua/src/lstate.c.0.gcno
Processing linux/libraries/AP_Scripting/lua/src/lapi.c.0.gcno
Processing linux/libraries/AP_Scripting/lua/src/lauxlib.c.0.gcno
Processing linux/libraries/AP_Scripting/lua/src/lbitlib.c.0.gcno
Processing linux/libraries/AP_Scripting/lua/src/lundump.c.0.gcno
Processing linux/libraries/AP_Scripting/lua/src/lstrlib.c.0.gcno
Processing linux/libraries/AP_Scripting/lua/src/luac.c.0.gcno
Processing linux/libraries/AP_Scripting/lua/src/ldblib.c.0.gcno
Processing linux/libraries/AP_Scripting/lua/src/lbaselib.c.0.gcno
Processing linux/libraries/AP_Scripting/lua/src/linit.c.0.gcno
Processing linux/libraries/AP_Scripting/lua/src/lua.c.0.gcno
/media/tihan/pavan/kala/build/linux/libraries/AP_Scripting/lua/src/lua.c.0.gcno:no functions found
geninfo: WARNING: GCOV did not produce any data for /media/tihan/pavan/kala/build/linux/libraries/AP_Scripting/lua/src/lua.c.0.gcno
Processing linux/libraries/AP_Scripting/lua/src/lgc.c.0.gcno
Processing linux/libraries/AP_Scripting/lua/src/ldo.c.0.gcno
Processing linux/libraries/AP_Scripting/lua/src/lzio.c.0.gcno
Processing linux/libraries/AP_Scripting/lua/src/loadlib.c.0.gcno
Processing linux/libraries/AP_Scripting/AP_Scripting_SerialDevice.cpp.0.gcno
Processing linux/libraries/AP_Scripting/lua_generated_bindings.cpp.1.gcno
Processing linux/libraries/AP_Scripting/AP_Scripting_CANSensor.cpp.0.gcno
Processing linux/libraries/AP_Scripting/AP_Scripting_CRSFMenu.cpp.1.gcno
Processing linux/libraries/AP_Scripting/lua_boxed_numerics.cpp.1.gcno
Processing linux/libraries/AP_Scripting/lua_bindings.cpp.1.gcno
Processing linux/libraries/AP_Scripting/AP_Scripting_SerialAccess.cpp.0.gcno
Processing linux/libraries/AP_AdvancedFailsafe/AP_AdvancedFailsafe.cpp.0.gcno
Processing linux/libraries/AR_WPNav/AR_PivotTurn.cpp.0.gcno
Processing linux/libraries/AR_WPNav/AR_WPNav.cpp.0.gcno
Processing linux/libraries/AR_WPNav/AR_WPNav_OA.cpp.0.gcno
Processing linux/libraries/AP_Math/control.cpp.0.gcno
Processing linux/libraries/AP_Math/SCurve.cpp.1.gcno
Processing linux/libraries/AP_Math/crc.cpp.0.gcno
Processing linux/libraries/AP_Math/matrix3.cpp.0.gcno
Processing linux/libraries/AP_Math/matrixN.cpp.0.gcno
Processing linux/libraries/AP_Math/quaternion.cpp.0.gcno
Processing linux/libraries/AP_Math/matrix_alg.cpp.0.gcno
Processing linux/libraries/AP_Math/SplineCurve.cpp.0.gcno
Processing linux/libraries/AP_Math/AP_Math.cpp.0.gcno
Processing linux/libraries/AP_Math/chirp.cpp.0.gcno
Processing linux/libraries/AP_Math/polygon.cpp.0.gcno
Processing linux/libraries/AP_Math/tests/test_quaternion.cpp.11.gcno
Processing linux/libraries/AP_Math/tests/test_crc8.cpp.4.gcno
Processing linux/libraries/AP_Math/tests/test_matrix3.cpp.8.gcno
Processing linux/libraries/AP_Math/tests/test_sqrt_controller.cpp.16.gcno
Processing linux/libraries/AP_Math/tests/test_closest_distance_between_radial_and_point.cpp.2.gcno
Processing linux/libraries/AP_Math/tests/test_math.cpp.6.gcno
Processing linux/libraries/AP_Math/tests/test_polygon.cpp.10.gcno
Processing linux/libraries/AP_Math/tests/test_rotations.cpp.13.gcno
Processing linux/libraries/AP_Math/tests/test_vector2.cpp.17.gcno
Processing linux/libraries/AP_Math/tests/test_3d_lines.cpp.1.gcno
Processing linux/libraries/AP_Math/tests/test_vector3.cpp.18.gcno
Processing linux/libraries/AP_Math/tests/test_rc_in_to_roll_pitch.cpp.12.gcno
Processing linux/libraries/AP_Math/tests/test_scurve.cpp.14.gcno
Processing linux/libraries/AP_Math/tests/test_geodesic_grid.cpp.5.gcno
Processing linux/libraries/AP_Math/tests/test_control.cpp.3.gcno
Processing linux/libraries/AP_Math/tests/test_math_double.cpp.7.gcno
Processing linux/libraries/AP_Math/tests/test_segment_intersection.cpp.15.gcno
Processing linux/libraries/AP_Math/tests/test_perpendicular.cpp.9.gcno
Processing linux/libraries/AP_Math/vector3.cpp.0.gcno
Processing linux/libraries/AP_Math/location_double.cpp.0.gcno
Processing linux/libraries/AP_Math/polyfit.cpp.0.gcno
Processing linux/libraries/AP_Math/AP_GeodesicGrid.cpp.0.gcno
Processing linux/libraries/AP_Math/vector2.cpp.0.gcno
Processing linux/libraries/AP_Math/spline5.cpp.0.gcno
Processing linux/libraries/AP_Math/location.cpp.0.gcno
Processing linux/libraries/AP_Torqeedo/AP_Torqeedo_Backend.cpp.0.gcno
Processing linux/libraries/AP_Torqeedo/AP_Torqeedo_Params.cpp.0.gcno
Processing linux/libraries/AP_Torqeedo/AP_Torqeedo_TQBus.cpp.0.gcno
Processing linux/libraries/AP_Torqeedo/AP_Torqeedo.cpp.0.gcno
Processing linux/libraries/AP_CSVReader/tests/test_csvreader.cpp.1.gcno
Processing linux/libraries/AP_CSVReader/AP_CSVReader.cpp.0.gcno
Processing linux/libraries/GCS_MAVLink/MissionItemProtocol_Rally.cpp.0.gcno
Processing linux/libraries/GCS_MAVLink/MissionItemProtocol_Waypoints.cpp.0.gcno
Processing linux/libraries/GCS_MAVLink/GCS_Fence.cpp.1.gcno
Processing linux/libraries/GCS_MAVLink/GCS_serial_control.cpp.0.gcno
Processing linux/libraries/GCS_MAVLink/GCS_MAVLink_Parameters.cpp.1.gcno
/media/tihan/pavan/kala/build/linux/libraries/GCS_MAVLink/GCS_MAVLink_Parameters.cpp.1.gcno:no functions found
geninfo: WARNING: GCOV did not produce any data for /media/tihan/pavan/kala/build/linux/libraries/GCS_MAVLink/GCS_MAVLink_Parameters.cpp.1.gcno
Processing linux/libraries/GCS_MAVLink/GCS_Param.cpp.0.gcno
Processing linux/libraries/GCS_MAVLink/GCS_FTP.cpp.0.gcno
Processing linux/libraries/GCS_MAVLink/GCS_DeviceOp.cpp.0.gcno
Processing linux/libraries/GCS_MAVLink/MissionItemProtocol_Fence.cpp.0.gcno
Processing linux/libraries/GCS_MAVLink/MAVLink_routing.cpp.0.gcno
Processing linux/libraries/GCS_MAVLink/GCS_ServoRelay.cpp.0.gcno
Processing linux/libraries/GCS_MAVLink/GCS_Common.cpp.1.gcno
Processing linux/libraries/GCS_MAVLink/GCS_Signing.cpp.0.gcno
Processing linux/libraries/GCS_MAVLink/GCS_MAVLink.cpp.0.gcno
Processing linux/libraries/GCS_MAVLink/MissionItemProtocol.cpp.0.gcno
Processing linux/libraries/GCS_MAVLink/GCS_Rally.cpp.0.gcno
/media/tihan/pavan/kala/build/linux/libraries/GCS_MAVLink/GCS_Rally.cpp.0.gcno:no functions found
geninfo: WARNING: GCOV did not produce any data for /media/tihan/pavan/kala/build/linux/libraries/GCS_MAVLink/GCS_Rally.cpp.0.gcno
Processing linux/libraries/GCS_MAVLink/GCS.cpp.1.gcno
Processing linux/libraries/GCS_MAVLink/GCS_Dummy.cpp.1.gcno
Processing linux/libraries/AP_NavEKF2/AP_NavEKF2_Outputs.cpp.0.gcno
Processing linux/libraries/AP_NavEKF2/AP_NavEKF2_PosVelFusion.cpp.0.gcno
Processing linux/libraries/AP_NavEKF2/AP_NavEKF2_AirDataFusion.cpp.0.gcno
Processing linux/libraries/AP_NavEKF2/AP_NavEKF_GyroBias.cpp.0.gcno
Processing linux/libraries/AP_NavEKF2/AP_NavEKF2_Measurements.cpp.0.gcno
Processing linux/libraries/AP_NavEKF2/AP_NavEKF2_MagFusion.cpp.0.gcno
Processing linux/libraries/AP_NavEKF2/AP_NavEKF2_Logging.cpp.0.gcno
Processing linux/libraries/AP_NavEKF2/AP_NavEKF2.cpp.1.gcno
Processing linux/libraries/AP_NavEKF2/AP_NavEKF2_Control.cpp.0.gcno
Processing linux/libraries/AP_NavEKF2/AP_NavEKF2_VehicleStatus.cpp.0.gcno
Processing linux/libraries/AP_NavEKF2/AP_NavEKF2_core.cpp.0.gcno
Processing linux/libraries/AP_NavEKF2/AP_NavEKF2_RngBcnFusion.cpp.0.gcno
Processing linux/libraries/AP_NavEKF2/AP_NavEKF2_OptFlowFusion.cpp.1.gcno
Processing linux/libraries/AP_Proximity/AP_Proximity_Scripting.cpp.0.gcno
Processing linux/libraries/AP_Proximity/AP_Proximity_Backend.cpp.0.gcno
Processing linux/libraries/AP_Proximity/AP_Proximity_LightWareSerial.cpp.0.gcno
Processing linux/libraries/AP_Proximity/AP_Proximity_LightWareSF45B.cpp.0.gcno
Processing linux/libraries/AP_Proximity/AP_Proximity_RPLidarA2.cpp.0.gcno
Processing linux/libraries/AP_Proximity/AP_Proximity_TeraRangerTower.cpp.0.gcno
Processing linux/libraries/AP_Proximity/AP_Proximity_Backend_Serial.cpp.0.gcno
Processing linux/libraries/AP_Proximity/AP_Proximity_MR72_CAN.cpp.0.gcno
Processing linux/libraries/AP_Proximity/AP_Proximity_RangeFinder.cpp.0.gcno
Processing linux/libraries/AP_Proximity/AP_Proximity_SITL.cpp.0.gcno
/media/tihan/pavan/kala/build/linux/libraries/AP_Proximity/AP_Proximity_SITL.cpp.0.gcno:no functions found
geninfo: WARNING: GCOV did not produce any data for /media/tihan/pavan/kala/build/linux/libraries/AP_Proximity/AP_Proximity_SITL.cpp.0.gcno
Processing linux/libraries/AP_Proximity/AP_Proximity_MAV.cpp.0.gcno
Processing linux/libraries/AP_Proximity/AP_Proximity_Cygbot_D1.cpp.0.gcno
Processing linux/libraries/AP_Proximity/AP_Proximity_LightWareSF40C.cpp.0.gcno
Processing linux/libraries/AP_Proximity/AP_Proximity_LD06.cpp.0.gcno
Processing linux/libraries/AP_Proximity/AP_Proximity_DroneCAN.cpp.0.gcno
Processing linux/libraries/AP_Proximity/AP_Proximity_Params.cpp.0.gcno
Processing linux/libraries/AP_Proximity/AP_Proximity_AirSimSITL.cpp.0.gcno
/media/tihan/pavan/kala/build/linux/libraries/AP_Proximity/AP_Proximity_AirSimSITL.cpp.0.gcno:no functions found
geninfo: WARNING: GCOV did not produce any data for /media/tihan/pavan/kala/build/linux/libraries/AP_Proximity/AP_Proximity_AirSimSITL.cpp.0.gcno
Processing linux/libraries/AP_Proximity/AP_Proximity_TeraRangerTowerEvo.cpp.0.gcno
Processing linux/libraries/AP_Proximity/AP_Proximity.cpp.0.gcno
Processing linux/libraries/AP_Proximity/AP_Proximity_Utils.cpp.1.gcno
Processing linux/libraries/AP_Proximity/AP_Proximity_Boundary_3D.cpp.0.gcno
Processing linux/libraries/AP_TemperatureSensor/AP_TemperatureSensor.cpp.1.gcno
Processing linux/libraries/AP_TemperatureSensor/AP_TemperatureSensor_DroneCAN.cpp.0.gcno
Processing linux/libraries/AP_TemperatureSensor/AP_TemperatureSensor_MLX90614.cpp.0.gcno
Processing linux/libraries/AP_TemperatureSensor/AP_TemperatureSensor_MAX31865.cpp.0.gcno
Processing linux/libraries/AP_TemperatureSensor/AP_TemperatureSensor_Backend.cpp.0.gcno
Processing linux/libraries/AP_TemperatureSensor/AP_TemperatureSensor_MCP9600.cpp.0.gcno
Processing linux/libraries/AP_TemperatureSensor/AP_TemperatureSensor_Analog.cpp.0.gcno
Processing linux/libraries/AP_TemperatureSensor/AP_TemperatureSensor_TSYS03.cpp.0.gcno
Processing linux/libraries/AP_TemperatureSensor/AP_TemperatureSensor_TSYS01.cpp.0.gcno
Processing linux/libraries/AP_TemperatureSensor/AP_TemperatureSensor_SHT3x.cpp.0.gcno
Processing linux/libraries/AP_TemperatureSensor/AP_TemperatureSensor_Params.cpp.0.gcno
Processing linux/libraries/AC_Fence/AC_PolyFence_loader.cpp.1.gcno
Processing linux/libraries/AC_Fence/AC_Fence.cpp.1.gcno
Processing linux/libraries/AP_RobotisServo/AP_RobotisServo.cpp.0.gcno
Processing linux/libraries/AP_RAMTRON/AP_RAMTRON.cpp.0.gcno
Processing linux/libraries/AC_PID/AC_P_1D.cpp.0.gcno
Processing linux/libraries/AC_PID/AC_PID_2D.cpp.0.gcno
Processing linux/libraries/AC_PID/AC_PI.cpp.0.gcno
Processing linux/libraries/AC_PID/AC_P_2D.cpp.0.gcno
Processing linux/libraries/AC_PID/AC_PID.cpp.0.gcno
Processing linux/libraries/AC_PID/AC_P.cpp.0.gcno
Processing linux/libraries/AC_PID/AC_PID_Basic.cpp.0.gcno
Processing linux/libraries/AC_PID/AC_PI_2D.cpp.0.gcno
Processing linux/libraries/AC_PID/AC_HELI_PID.cpp.0.gcno
Processing linux/libraries/AP_FlashIface/AP_FlashIface_JEDEC.cpp.0.gcno
Processing linux/libraries/AP_Tuning/AP_Tuning.cpp.0.gcno
Processing linux/libraries/AP_OpenDroneID/AP_OpenDroneID.cpp.0.gcno
/media/tihan/pavan/kala/build/linux/libraries/AP_OpenDroneID/AP_OpenDroneID.cpp.0.gcno:no functions found
geninfo: WARNING: GCOV did not produce any data for /media/tihan/pavan/kala/build/linux/libraries/AP_OpenDroneID/AP_OpenDroneID.cpp.0.gcno
Processing linux/libraries/AP_OpenDroneID/AP_OpenDroneID_DroneCAN.cpp.0.gcno
/media/tihan/pavan/kala/build/linux/libraries/AP_OpenDroneID/AP_OpenDroneID_DroneCAN.cpp.0.gcno:no functions found
geninfo: WARNING: GCOV did not produce any data for /media/tihan/pavan/kala/build/linux/libraries/AP_OpenDroneID/AP_OpenDroneID_DroneCAN.cpp.0.gcno
Processing linux/libraries/AP_Menu/AP_Menu.cpp.0.gcno
Processing linux/libraries/PID/PID.cpp.0.gcno
Processing linux/libraries/AP_AccelCal/AP_AccelCal.cpp.0.gcno
Processing linux/libraries/AP_AccelCal/AccelCalibrator.cpp.0.gcno
Processing linux/libraries/AP_ExternalAHRS/AP_ExternalAHRS_SBG.cpp.1.gcno
Processing linux/libraries/AP_ExternalAHRS/MicroStrain_common.cpp.0.gcno
Processing linux/libraries/AP_ExternalAHRS/AP_ExternalAHRS.cpp.0.gcno
Processing linux/libraries/AP_ExternalAHRS/AP_ExternalAHRS_backend.cpp.0.gcno
Processing linux/libraries/AP_ExternalAHRS/AP_ExternalAHRS_InertialLabs.cpp.1.gcno
Processing linux/libraries/AP_ExternalAHRS/AP_ExternalAHRS_VectorNav.cpp.0.gcno
Processing linux/libraries/AP_ExternalAHRS/AP_ExternalAHRS_MicroStrain5.cpp.0.gcno
Processing linux/libraries/AP_ExternalAHRS/AP_ExternalAHRS_MicroStrain7.cpp.0.gcno
Processing linux/libraries/AP_OLC/tests/test_olc.cpp.1.gcno
Processing linux/libraries/AP_OLC/AP_OLC.cpp.0.gcno
Processing linux/libraries/AP_ExternalControl/AP_ExternalControl.cpp.0.gcno
Processing linux/libraries/AP_Radio/driver_cc2500.cpp.0.gcno
Processing linux/libraries/AP_Radio/AP_Radio_cypress.cpp.0.gcno
/media/tihan/pavan/kala/build/linux/libraries/AP_Radio/AP_Radio_cypress.cpp.0.gcno:no functions found
geninfo: WARNING: GCOV did not produce any data for /media/tihan/pavan/kala/build/linux/libraries/AP_Radio/AP_Radio_cypress.cpp.0.gcno
Processing linux/libraries/AP_Radio/AP_Radio_backend.cpp.0.gcno
/media/tihan/pavan/kala/build/linux/libraries/AP_Radio/AP_Radio_backend.cpp.0.gcno:no functions found
geninfo: WARNING: GCOV did not produce any data for /media/tihan/pavan/kala/build/linux/libraries/AP_Radio/AP_Radio_backend.cpp.0.gcno
Processing linux/libraries/AP_Radio/AP_Radio.cpp.0.gcno
/media/tihan/pavan/kala/build/linux/libraries/AP_Radio/AP_Radio.cpp.0.gcno:no functions found
geninfo: WARNING: GCOV did not produce any data for /media/tihan/pavan/kala/build/linux/libraries/AP_Radio/AP_Radio.cpp.0.gcno
Processing linux/libraries/AP_Radio/driver_bk2425.cpp.0.gcno
/media/tihan/pavan/kala/build/linux/libraries/AP_Radio/driver_bk2425.cpp.0.gcno:no functions found
geninfo: WARNING: GCOV did not produce any data for /media/tihan/pavan/kala/build/linux/libraries/AP_Radio/driver_bk2425.cpp.0.gcno
Processing linux/libraries/AP_Radio/AP_Radio_cc2500.cpp.0.gcno
/media/tihan/pavan/kala/build/linux/libraries/AP_Radio/AP_Radio_cc2500.cpp.0.gcno:no functions found
geninfo: WARNING: GCOV did not produce any data for /media/tihan/pavan/kala/build/linux/libraries/AP_Radio/AP_Radio_cc2500.cpp.0.gcno
Processing linux/libraries/AP_Radio/AP_Radio_bk2425.cpp.0.gcno
/media/tihan/pavan/kala/build/linux/libraries/AP_Radio/AP_Radio_bk2425.cpp.0.gcno:no functions found
geninfo: WARNING: GCOV did not produce any data for /media/tihan/pavan/kala/build/linux/libraries/AP_Radio/AP_Radio_bk2425.cpp.0.gcno
Processing linux/libraries/AP_NavEKF/EKF_Buffer.cpp.0.gcno
Processing linux/libraries/AP_NavEKF/EKFGSF_Logging.cpp.0.gcno
Processing linux/libraries/AP_NavEKF/tests/test_ring_buffer.cpp.1.gcno
Processing linux/libraries/AP_NavEKF/AP_NavEKF_core_common.cpp.0.gcno
Processing linux/libraries/AP_NavEKF/AP_NavEKF_Source.cpp.0.gcno
Processing linux/libraries/AP_NavEKF/EKFGSF_yaw.cpp.0.gcno
Processing linux/libraries/AP_Declination/AP_Declination.cpp.0.gcno
Processing linux/libraries/AP_Declination/tests/test_magfield.cpp.1.gcno
Processing linux/libraries/AP_Declination/tables.cpp.0.gcno
/media/tihan/pavan/kala/build/linux/libraries/AP_Declination/tables.cpp.0.gcno:no functions found
geninfo: WARNING: GCOV did not produce any data for /media/tihan/pavan/kala/build/linux/libraries/AP_Declination/tables.cpp.0.gcno
Processing linux/libraries/AP_Landing/AP_Landing_Slope.cpp.1.gcno
Processing linux/libraries/AP_Landing/AP_Landing_Deepstall.cpp.0.gcno
Processing linux/libraries/AP_Landing/AP_Landing.cpp.0.gcno
Processing linux/libraries/AP_SurfaceDistance/AP_SurfaceDistance.cpp.0.gcno
Processing linux/libraries/AP_HAL/system.cpp.0.gcno
Processing linux/libraries/AP_HAL/Semaphores.cpp.0.gcno
Processing linux/libraries/AP_HAL/utility/st24.cpp.0.gcno
Processing linux/libraries/AP_HAL/utility/utoa_invert.cpp.0.gcno
Processing linux/libraries/AP_HAL/utility/RCOutput_Tap_Linux.cpp.0.gcno
Processing linux/libraries/AP_HAL/utility/RCOutput_Tap.cpp.0.gcno
/media/tihan/pavan/kala/build/linux/libraries/AP_HAL/utility/RCOutput_Tap.cpp.0.gcno:no functions found
geninfo: WARNING: GCOV did not produce any data for /media/tihan/pavan/kala/build/linux/libraries/AP_HAL/utility/RCOutput_Tap.cpp.0.gcno
Processing linux/libraries/AP_HAL/utility/packetise.cpp.0.gcno
Processing linux/libraries/AP_HAL/utility/RingBuffer.cpp.0.gcno
Processing linux/libraries/AP_HAL/utility/sumd.cpp.0.gcno
Processing linux/libraries/AP_HAL/utility/srxl.cpp.0.gcno
Processing linux/libraries/AP_HAL/utility/Socket.cpp.0.gcno
Processing linux/libraries/AP_HAL/utility/print_vprintf.cpp.0.gcno
Processing linux/libraries/AP_HAL/utility/Socket_native.cpp.0.gcno
Processing linux/libraries/AP_HAL/utility/replace.cpp.0.gcno
Processing linux/libraries/AP_HAL/utility/getopt_cpp.cpp.0.gcno
Processing linux/libraries/AP_HAL/utility/tests/test_ringbuffer.cpp.2.gcno
Processing linux/libraries/AP_HAL/utility/tests/test_own_ptr.cpp.1.gcno
Processing linux/libraries/AP_HAL/utility/BetterStream.cpp.0.gcno
Processing linux/libraries/AP_HAL/utility/dsm.cpp.0.gcno
Processing linux/libraries/AP_HAL/utility/DataRateLimit.cpp.0.gcno
Processing linux/libraries/AP_HAL/utility/ftoa_engine.cpp.0.gcno
Processing linux/libraries/AP_HAL/GPIO.cpp.0.gcno
Processing linux/libraries/AP_HAL/Util.cpp.0.gcno
Processing linux/libraries/AP_HAL/HAL.cpp.0.gcno
Processing linux/libraries/AP_HAL/tests/test_vsnprintf.cpp.3.gcno
Processing linux/libraries/AP_HAL/tests/test_timeouts.cpp.2.gcno
Processing linux/libraries/AP_HAL/tests/test_prescaler.cpp.1.gcno
Processing linux/libraries/AP_HAL/DSP.cpp.0.gcno
/media/tihan/pavan/kala/build/linux/libraries/AP_HAL/DSP.cpp.0.gcno:no functions found
geninfo: WARNING: GCOV did not produce any data for /media/tihan/pavan/kala/build/linux/libraries/AP_HAL/DSP.cpp.0.gcno
Processing linux/libraries/AP_HAL/CANIface.cpp.0.gcno
Processing linux/libraries/AP_HAL/UARTDriver.cpp.0.gcno
Processing linux/libraries/AP_HAL/Storage.cpp.0.gcno
Processing linux/libraries/AP_HAL/RCOutput.cpp.0.gcno
Processing linux/libraries/AP_HAL/SIMState.cpp.1.gcno
/media/tihan/pavan/kala/build/linux/libraries/AP_HAL/SIMState.cpp.1.gcno:no functions found
geninfo: WARNING: GCOV did not produce any data for /media/tihan/pavan/kala/build/linux/libraries/AP_HAL/SIMState.cpp.1.gcno
Processing linux/libraries/AP_HAL/Scheduler.cpp.0.gcno
Processing linux/libraries/AP_HAL/Device.cpp.0.gcno
Processing linux/libraries/AP_Follow/AP_Follow.cpp.1.gcno
Processing linux/libraries/AP_RCMapper/AP_RCMapper.cpp.0.gcno
Processing linux/libraries/AC_PrecLand/AC_PrecLand_MAVLink.cpp.0.gcno
Processing linux/libraries/AC_PrecLand/AC_PrecLand_StateMachine.cpp.0.gcno
Processing linux/libraries/AC_PrecLand/AC_PrecLand.cpp.1.gcno
Processing linux/libraries/AC_PrecLand/AC_PrecLand_SITL.cpp.0.gcno
/media/tihan/pavan/kala/build/linux/libraries/AC_PrecLand/AC_PrecLand_SITL.cpp.0.gcno:no functions found
geninfo: WARNING: GCOV did not produce any data for /media/tihan/pavan/kala/build/linux/libraries/AC_PrecLand/AC_PrecLand_SITL.cpp.0.gcno
Processing linux/libraries/AC_PrecLand/AC_PrecLand_SITL_Gazebo.cpp.0.gcno
/media/tihan/pavan/kala/build/linux/libraries/AC_PrecLand/AC_PrecLand_SITL_Gazebo.cpp.0.gcno:no functions found
geninfo: WARNING: GCOV did not produce any data for /media/tihan/pavan/kala/build/linux/libraries/AC_PrecLand/AC_PrecLand_SITL_Gazebo.cpp.0.gcno
Processing linux/libraries/AC_PrecLand/AC_PrecLand_IRLock.cpp.0.gcno
Processing linux/libraries/AC_PrecLand/PosVelEKF.cpp.0.gcno
Processing linux/libraries/AP_SerialManager/AP_SerialManager.cpp.0.gcno
Processing linux/libraries/AC_Sprayer/AC_Sprayer.cpp.0.gcno
Processing linux/libraries/AR_Motors/AP_MotorsUGV.cpp.0.gcno
Processing linux/libraries/AP_PiccoloCAN/AP_PiccoloCAN_ECU.cpp.0.gcno
Processing linux/libraries/AP_PiccoloCAN/AP_PiccoloCAN_Servo.cpp.0.gcno
Processing linux/libraries/AP_PiccoloCAN/piccolo_protocol/ECUPackets.c.0.gcno
Processing linux/libraries/AP_PiccoloCAN/piccolo_protocol/ServoPackets.c.0.gcno
Processing linux/libraries/AP_PiccoloCAN/piccolo_protocol/ECUSettings.c.0.gcno
Processing linux/libraries/AP_PiccoloCAN/piccolo_protocol/ServoProtocol.c.0.gcno
Processing linux/libraries/AP_PiccoloCAN/piccolo_protocol/ServoCommands.c.0.gcno
Processing linux/libraries/AP_PiccoloCAN/piccolo_protocol/ECUDefines.c.0.gcno
Processing linux/libraries/AP_PiccoloCAN/piccolo_protocol/ESCVelocityProtocol.c.0.gcno
Processing linux/libraries/AP_PiccoloCAN/piccolo_protocol/scaleddecode.c.0.gcno
Processing linux/libraries/AP_PiccoloCAN/piccolo_protocol/scaledencode.c.0.gcno
Processing linux/libraries/AP_PiccoloCAN/piccolo_protocol/ESCCommands.c.0.gcno
Processing linux/libraries/AP_PiccoloCAN/piccolo_protocol/fielddecode.c.0.gcno
Processing linux/libraries/AP_PiccoloCAN/piccolo_protocol/ESCDefines.c.0.gcno
Processing linux/libraries/AP_PiccoloCAN/piccolo_protocol/fieldencode.c.0.gcno
Processing linux/libraries/AP_PiccoloCAN/piccolo_protocol/ECUProtocol.c.0.gcno
Processing linux/libraries/AP_PiccoloCAN/piccolo_protocol/ServoDefines.c.0.gcno
Processing linux/libraries/AP_PiccoloCAN/piccolo_protocol/ESCPackets.c.0.gcno
Processing linux/libraries/AP_PiccoloCAN/AP_PiccoloCAN_ESC.cpp.0.gcno
Processing linux/libraries/AP_PiccoloCAN/AP_PiccoloCAN.cpp.0.gcno
Processing linux/libraries/AP_Param/AP_Param.cpp.0.gcno
Processing linux/libraries/AP_Param/AP_ParamT.cpp.0.gcno
Processing linux/libraries/AP_Param/tests/test_find_by_name.cpp.1.gcno
Processing linux/libraries/AP_Baro/AP_Baro_LPS2XH.cpp.0.gcno
Processing linux/libraries/AP_Baro/AP_Baro_SPL06.cpp.0.gcno
Processing linux/libraries/AP_Baro/AP_Baro_ICP101XX.cpp.0.gcno
Processing linux/libraries/AP_Baro/AP_Baro_ICP201XX.cpp.0.gcno
Processing linux/libraries/AP_Baro/AP_Baro_DPS280.cpp.0.gcno
Processing linux/libraries/AP_Baro/AP_Baro_BMP581.cpp.0.gcno
Processing linux/libraries/AP_Baro/AP_Baro_Logging.cpp.0.gcno
Processing linux/libraries/AP_Baro/AP_Baro_AUAV.cpp.0.gcno
Processing linux/libraries/AP_Baro/AP_Baro_Wind.cpp.0.gcno
Processing linux/libraries/AP_Baro/AP_Baro_HIL.cpp.0.gcno
Processing linux/libraries/AP_Baro/AP_Baro_Backend.cpp.1.gcno
Processing linux/libraries/AP_Baro/tests/test_baro_atmosphere.cpp.1.gcno
Processing linux/libraries/AP_Baro/AP_Baro_SITL.cpp.1.gcno
/media/tihan/pavan/kala/build/linux/libraries/AP_Baro/AP_Baro_SITL.cpp.1.gcno:no functions found
geninfo: WARNING: GCOV did not produce any data for /media/tihan/pavan/kala/build/linux/libraries/AP_Baro/AP_Baro_SITL.cpp.1.gcno
Processing linux/libraries/AP_Baro/AP_Baro_MSP.cpp.0.gcno
Processing linux/libraries/AP_Baro/AP_Baro_Dummy.cpp.0.gcno
Processing linux/libraries/AP_Baro/AP_Baro_MS5611.cpp.0.gcno
Processing linux/libraries/AP_Baro/AP_Baro_atmosphere.cpp.0.gcno
Processing linux/libraries/AP_Baro/AP_Baro_FBM320.cpp.0.gcno
Processing linux/libraries/AP_Baro/AP_Baro_ICM20789.cpp.0.gcno
Processing linux/libraries/AP_Baro/AP_Baro_KellerLD.cpp.0.gcno
Processing linux/libraries/AP_Baro/AP_Baro_BMP085.cpp.0.gcno
Processing linux/libraries/AP_Baro/AP_Baro_BMP388.cpp.0.gcno
Processing linux/libraries/AP_Baro/AP_Baro_ExternalAHRS.cpp.0.gcno
Processing linux/libraries/AP_Baro/AP_Baro_DroneCAN.cpp.0.gcno
Processing linux/libraries/AP_Baro/AP_Baro_BMP280.cpp.0.gcno
Processing linux/libraries/AP_Baro/AP_Baro.cpp.1.gcno
Processing linux/libraries/AP_RCProtocol/AP_RCProtocol.cpp.1.gcno
Processing linux/libraries/AP_RCProtocol/AP_RCProtocol_MAVLinkRadio.cpp.0.gcno
Processing linux/libraries/AP_RCProtocol/AP_RCProtocol_CRSF.cpp.1.gcno
Processing linux/libraries/AP_RCProtocol/AP_RCProtocol_IBUS.cpp.0.gcno
Processing linux/libraries/AP_RCProtocol/AP_RCProtocol_FPort2.cpp.1.gcno
Processing linux/libraries/AP_RCProtocol/AP_RCProtocol_PPMSum.cpp.0.gcno
Processing linux/libraries/AP_RCProtocol/AP_RCProtocol_Backend.cpp.0.gcno
Processing linux/libraries/AP_RCProtocol/AP_RCProtocol_GHST.cpp.1.gcno
Processing linux/libraries/AP_RCProtocol/tests/test_sbus.cpp.1.gcno
Processing linux/libraries/AP_RCProtocol/AP_RCProtocol_DroneCAN.cpp.0.gcno
Processing linux/libraries/AP_RCProtocol/AP_RCProtocol_SBUS.cpp.0.gcno
Processing linux/libraries/AP_RCProtocol/AP_RCProtocol_FPort.cpp.1.gcno
Processing linux/libraries/AP_RCProtocol/AP_RCProtocol_IOMCU.cpp.0.gcno
/media/tihan/pavan/kala/build/linux/libraries/AP_RCProtocol/AP_RCProtocol_IOMCU.cpp.0.gcno:no functions found
geninfo: WARNING: GCOV did not produce any data for /media/tihan/pavan/kala/build/linux/libraries/AP_RCProtocol/AP_RCProtocol_IOMCU.cpp.0.gcno
Processing linux/libraries/AP_RCProtocol/AP_RCProtocol_FDM.cpp.0.gcno
/media/tihan/pavan/kala/build/linux/libraries/AP_RCProtocol/AP_RCProtocol_FDM.cpp.0.gcno:no functions found
geninfo: WARNING: GCOV did not produce any data for /media/tihan/pavan/kala/build/linux/libraries/AP_RCProtocol/AP_RCProtocol_FDM.cpp.0.gcno
Processing linux/libraries/AP_RCProtocol/AP_RCProtocol_UDP.cpp.1.gcno
/media/tihan/pavan/kala/build/linux/libraries/AP_RCProtocol/AP_RCProtocol_UDP.cpp.1.gcno:no functions found
geninfo: WARNING: GCOV did not produce any data for /media/tihan/pavan/kala/build/linux/libraries/AP_RCProtocol/AP_RCProtocol_UDP.cpp.1.gcno
Processing linux/libraries/AP_RCProtocol/AP_RCProtocol_Emlid_RCIO.cpp.0.gcno
/media/tihan/pavan/kala/build/linux/libraries/AP_RCProtocol/AP_RCProtocol_Emlid_RCIO.cpp.0.gcno:no functions found
geninfo: WARNING: GCOV did not produce any data for /media/tihan/pavan/kala/build/linux/libraries/AP_RCProtocol/AP_RCProtocol_Emlid_RCIO.cpp.0.gcno
Processing linux/libraries/AP_RCProtocol/AP_RCProtocol_SRXL.cpp.0.gcno
Processing linux/libraries/AP_RCProtocol/AP_RCProtocol_SRXL2.cpp.1.gcno
Processing linux/libraries/AP_RCProtocol/AP_RCProtocol_ST24.cpp.0.gcno
Processing linux/libraries/AP_RCProtocol/AP_RCProtocol_Joystick_SFML.cpp.0.gcno
/media/tihan/pavan/kala/build/linux/libraries/AP_RCProtocol/AP_RCProtocol_Joystick_SFML.cpp.0.gcno:no functions found
geninfo: WARNING: GCOV did not produce any data for /media/tihan/pavan/kala/build/linux/libraries/AP_RCProtocol/AP_RCProtocol_Joystick_SFML.cpp.0.gcno
Processing linux/libraries/AP_RCProtocol/AP_RCProtocol_DSM.cpp.0.gcno
Processing linux/libraries/AP_RCProtocol/AP_RCProtocol_Radio.cpp.0.gcno
/media/tihan/pavan/kala/build/linux/libraries/AP_RCProtocol/AP_RCProtocol_Radio.cpp.0.gcno:no functions found
geninfo: WARNING: GCOV did not produce any data for /media/tihan/pavan/kala/build/linux/libraries/AP_RCProtocol/AP_RCProtocol_Radio.cpp.0.gcno
Processing linux/libraries/AP_RCProtocol/spm_srxl.cpp.0.gcno
Processing linux/libraries/AP_RCProtocol/AP_RCProtocol_SUMD.cpp.0.gcno
Processing linux/libraries/AP_RCProtocol/SoftSerial.cpp.0.gcno
Processing linux/libraries/AP_SmartRTL/AP_SmartRTL.cpp.0.gcno
Processing linux/libraries/AP_ADC/AP_ADC_ADS1115.cpp.0.gcno
Processing linux/libraries/AP_JSON/AP_JSON.cpp.0.gcno
Processing linux/libraries/AP_VisualOdom/AP_VisualOdom.cpp.0.gcno
Processing linux/libraries/AP_VisualOdom/AP_VisualOdom_Backend.cpp.0.gcno
Processing linux/libraries/AP_VisualOdom/AP_VisualOdom_IntelT265.cpp.0.gcno
Processing linux/libraries/AP_VisualOdom/AP_VisualOdom_MAV.cpp.0.gcno
Processing linux/libraries/AP_VisualOdom/AP_VisualOdom_Logging.cpp.0.gcno
Processing linux/libraries/AP_AIS/AP_AIS.cpp.1.gcno
Processing linux/libraries/APM_Control/AR_AttitudeControl.cpp.0.gcno
Processing linux/libraries/APM_Control/AP_RollController.cpp.0.gcno
Processing linux/libraries/APM_Control/AP_PitchController.cpp.0.gcno
Processing linux/libraries/APM_Control/AR_PosControl.cpp.0.gcno
Processing linux/libraries/APM_Control/AP_YawController.cpp.0.gcno
Processing linux/libraries/APM_Control/AP_AutoTune.cpp.0.gcno
Processing linux/libraries/APM_Control/AP_FW_Controller.cpp.0.gcno
Processing linux/libraries/APM_Control/AP_SteerController.cpp.0.gcno
Processing linux/libraries/AP_SerialLED/AP_SerialLED.cpp.0.gcno
Processing linux/libraries/AP_InertialNav/AP_InertialNav.cpp.0.gcno
Processing linux/libraries/AC_Autorotation/AC_Autorotation.cpp.0.gcno
Processing linux/libraries/AC_Autorotation/RSC_Autorotation.cpp.0.gcno
Processing linux/libraries/SRV_Channel/SRV_Channel_aux.cpp.0.gcno
Processing linux/libraries/SRV_Channel/SRV_Channel.cpp.0.gcno
Processing linux/libraries/SRV_Channel/SRV_Channels.cpp.0.gcno
Processing linux/libraries/AP_OSD/AP_OSD_MSP.cpp.0.gcno
Processing linux/libraries/AP_OSD/AP_OSD_Screen.cpp.1.gcno
Processing linux/libraries/AP_OSD/AP_OSD_ParamSetting.cpp.1.gcno
Processing linux/libraries/AP_OSD/AP_OSD_Backend.cpp.0.gcno
Processing linux/libraries/AP_OSD/AP_OSD_Setting.cpp.0.gcno
Processing linux/libraries/AP_OSD/AP_OSD.cpp.0.gcno
Processing linux/libraries/AP_OSD/AP_OSD_SITL.cpp.0.gcno
/media/tihan/pavan/kala/build/linux/libraries/AP_OSD/AP_OSD_SITL.cpp.0.gcno:no functions found
geninfo: WARNING: GCOV did not produce any data for /media/tihan/pavan/kala/build/linux/libraries/AP_OSD/AP_OSD_SITL.cpp.0.gcno
Processing linux/libraries/AP_OSD/AP_OSD_ParamScreen.cpp.1.gcno
Processing linux/libraries/AP_OSD/AP_OSD_MSP_DisplayPort.cpp.0.gcno
Processing linux/libraries/AP_OSD/AP_OSD_MAX7456.cpp.0.gcno
/media/tihan/pavan/kala/build/linux/libraries/AP_OSD/AP_OSD_MAX7456.cpp.0.gcno:no functions found
geninfo: WARNING: GCOV did not produce any data for /media/tihan/pavan/kala/build/linux/libraries/AP_OSD/AP_OSD_MAX7456.cpp.0.gcno
Processing linux/libraries/AP_ROMFS/tinflate.cpp.0.gcno
Processing linux/libraries/AP_ROMFS/AP_ROMFS.cpp.0.gcno
Processing linux/libraries/AP_AHRS/AP_AHRS_DCM.cpp.1.gcno
Processing linux/libraries/AP_AHRS/AP_AHRS_Backend.cpp.1.gcno
Processing linux/libraries/AP_AHRS/AP_AHRS.cpp.1.gcno
Processing linux/libraries/AP_AHRS/AP_AHRS_View.cpp.0.gcno
Processing linux/libraries/AP_AHRS/AP_AHRS_Logging.cpp.0.gcno
Processing linux/libraries/AP_AHRS/AP_AHRS_External.cpp.0.gcno
Processing linux/libraries/AP_AHRS/AP_AHRS_SIM.cpp.0.gcno
/media/tihan/pavan/kala/build/linux/libraries/AP_AHRS/AP_AHRS_SIM.cpp.0.gcno:no functions found
geninfo: WARNING: GCOV did not produce any data for /media/tihan/pavan/kala/build/linux/libraries/AP_AHRS/AP_AHRS_SIM.cpp.0.gcno
Processing linux/libraries/AP_LandingGear/AP_LandingGear.cpp.1.gcno
/media/tihan/pavan/kala/build/linux/libraries/AP_LandingGear/AP_LandingGear.cpp.1.gcno:no functions found
geninfo: WARNING: GCOV did not produce any data for /media/tihan/pavan/kala/build/linux/libraries/AP_LandingGear/AP_LandingGear.cpp.1.gcno
Processing linux/libraries/AP_CustomRotations/AP_CustomRotations_params.cpp.0.gcno
Processing linux/libraries/AP_CustomRotations/AP_CustomRotations.cpp.0.gcno
Processing linux/libraries/AP_HAL_Linux/system.cpp.0.gcno
Processing linux/libraries/AP_HAL_Linux/CameraSensor_Mt9v117.cpp.0.gcno
/media/tihan/pavan/kala/build/linux/libraries/AP_HAL_Linux/CameraSensor_Mt9v117.cpp.0.gcno:no functions found
geninfo: WARNING: GCOV did not produce any data for /media/tihan/pavan/kala/build/linux/libraries/AP_HAL_Linux/CameraSensor_Mt9v117.cpp.0.gcno
Processing linux/libraries/AP_HAL_Linux/RCOutput_Multi.cpp.0.gcno
/media/tihan/pavan/kala/build/linux/libraries/AP_HAL_Linux/RCOutput_Multi.cpp.0.gcno:no functions found
geninfo: WARNING: GCOV did not produce any data for /media/tihan/pavan/kala/build/linux/libraries/AP_HAL_Linux/RCOutput_Multi.cpp.0.gcno
Processing linux/libraries/AP_HAL_Linux/Thread.cpp.0.gcno
Processing linux/libraries/AP_HAL_Linux/GPIO_Edge.cpp.0.gcno
/media/tihan/pavan/kala/build/linux/libraries/AP_HAL_Linux/GPIO_Edge.cpp.0.gcno:no functions found
geninfo: WARNING: GCOV did not produce any data for /media/tihan/pavan/kala/build/linux/libraries/AP_HAL_Linux/GPIO_Edge.cpp.0.gcno
Processing linux/libraries/AP_HAL_Linux/Semaphores.cpp.0.gcno
Processing linux/libraries/AP_HAL_Linux/Led_Sysfs.cpp.0.gcno
Processing linux/libraries/AP_HAL_Linux/RCInput.cpp.0.gcno
Processing linux/libraries/AP_HAL_Linux/CANSocketIface.cpp.0.gcno
Processing linux/libraries/AP_HAL_Linux/RCInput_ZYNQ.cpp.0.gcno
Processing linux/libraries/AP_HAL_Linux/RCOutput_AioPRU.cpp.0.gcno
Processing linux/libraries/AP_HAL_Linux/RCOutput_AeroIO.cpp.0.gcno
Processing linux/libraries/AP_HAL_Linux/AnalogIn_IIO.cpp.0.gcno
Processing linux/libraries/AP_HAL_Linux/ToneAlarm_Disco.cpp.0.gcno
/media/tihan/pavan/kala/build/linux/libraries/AP_HAL_Linux/ToneAlarm_Disco.cpp.0.gcno:no functions found
geninfo: WARNING: GCOV did not produce any data for /media/tihan/pavan/kala/build/linux/libraries/AP_HAL_Linux/ToneAlarm_Disco.cpp.0.gcno
Processing linux/libraries/AP_HAL_Linux/VideoIn.cpp.0.gcno
/media/tihan/pavan/kala/build/linux/libraries/AP_HAL_Linux/VideoIn.cpp.0.gcno:no functions found
geninfo: WARNING: GCOV did not produce any data for /media/tihan/pavan/kala/build/linux/libraries/AP_HAL_Linux/VideoIn.cpp.0.gcno
Processing linux/libraries/AP_HAL_Linux/GPIO_Navio2.cpp.0.gcno
/media/tihan/pavan/kala/build/linux/libraries/AP_HAL_Linux/GPIO_Navio2.cpp.0.gcno:no functions found
geninfo: WARNING: GCOV did not produce any data for /media/tihan/pavan/kala/build/linux/libraries/AP_HAL_Linux/GPIO_Navio2.cpp.0.gcno
Processing linux/libraries/AP_HAL_Linux/RCInput_RPI.cpp.0.gcno
/media/tihan/pavan/kala/build/linux/libraries/AP_HAL_Linux/RCInput_RPI.cpp.0.gcno:no functions found
geninfo: WARNING: GCOV did not produce any data for /media/tihan/pavan/kala/build/linux/libraries/AP_HAL_Linux/RCInput_RPI.cpp.0.gcno
Processing linux/libraries/AP_HAL_Linux/Flow_PX4.cpp.0.gcno
/media/tihan/pavan/kala/build/linux/libraries/AP_HAL_Linux/Flow_PX4.cpp.0.gcno:no functions found
geninfo: WARNING: GCOV did not produce any data for /media/tihan/pavan/kala/build/linux/libraries/AP_HAL_Linux/Flow_PX4.cpp.0.gcno
Processing linux/libraries/AP_HAL_Linux/GPIO_Navigator.cpp.0.gcno
/media/tihan/pavan/kala/build/linux/libraries/AP_HAL_Linux/GPIO_Navigator.cpp.0.gcno:no functions found
geninfo: WARNING: GCOV did not produce any data for /media/tihan/pavan/kala/build/linux/libraries/AP_HAL_Linux/GPIO_Navigator.cpp.0.gcno
Processing linux/libraries/AP_HAL_Linux/RCOutput_Sysfs.cpp.0.gcno
Processing linux/libraries/AP_HAL_Linux/RCInput_Multi.cpp.0.gcno
/media/tihan/pavan/kala/build/linux/libraries/AP_HAL_Linux/RCInput_Multi.cpp.0.gcno:no functions found
geninfo: WARNING: GCOV did not produce any data for /media/tihan/pavan/kala/build/linux/libraries/AP_HAL_Linux/RCInput_Multi.cpp.0.gcno
Processing linux/libraries/AP_HAL_Linux/GPIO.cpp.0.gcno
Processing linux/libraries/AP_HAL_Linux/GPIO_BBB.cpp.0.gcno
/media/tihan/pavan/kala/build/linux/libraries/AP_HAL_Linux/GPIO_BBB.cpp.0.gcno:no functions found
geninfo: WARNING: GCOV did not produce any data for /media/tihan/pavan/kala/build/linux/libraries/AP_HAL_Linux/GPIO_BBB.cpp.0.gcno
Processing linux/libraries/AP_HAL_Linux/OpticalFlow_Onboard.cpp.0.gcno
/media/tihan/pavan/kala/build/linux/libraries/AP_HAL_Linux/OpticalFlow_Onboard.cpp.0.gcno:no functions found
geninfo: WARNING: GCOV did not produce any data for /media/tihan/pavan/kala/build/linux/libraries/AP_HAL_Linux/OpticalFlow_Onboard.cpp.0.gcno
Processing linux/libraries/AP_HAL_Linux/RCOutput_ZYNQ.cpp.0.gcno
Processing linux/libraries/AP_HAL_Linux/RCInput_AioPRU.cpp.0.gcno
/media/tihan/pavan/kala/build/linux/libraries/AP_HAL_Linux/RCInput_AioPRU.cpp.0.gcno:no functions found
geninfo: WARNING: GCOV did not produce any data for /media/tihan/pavan/kala/build/linux/libraries/AP_HAL_Linux/RCInput_AioPRU.cpp.0.gcno
Processing linux/libraries/AP_HAL_Linux/HAL_Linux_Class.cpp.0.gcno
Processing linux/libraries/AP_HAL_Linux/Util.cpp.0.gcno
Processing linux/libraries/AP_HAL_Linux/RCOutput_PCA9685.cpp.0.gcno
Processing linux/libraries/AP_HAL_Linux/TCPServerDevice.cpp.0.gcno
Processing linux/libraries/AP_HAL_Linux/SPIDevice.cpp.0.gcno
Processing linux/libraries/AP_HAL_Linux/GPIO_Disco.cpp.0.gcno
/media/tihan/pavan/kala/build/linux/libraries/AP_HAL_Linux/GPIO_Disco.cpp.0.gcno:no functions found
geninfo: WARNING: GCOV did not produce any data for /media/tihan/pavan/kala/build/linux/libraries/AP_HAL_Linux/GPIO_Disco.cpp.0.gcno
Processing linux/libraries/AP_HAL_Linux/AnalogIn_ADS1115.cpp.0.gcno
Processing linux/libraries/AP_HAL_Linux/Scheduler.cpp.1.gcno
Processing linux/libraries/AP_HAL_Linux/Poller.cpp.0.gcno
Processing linux/libraries/AP_HAL_Linux/tests/test_thread.cpp.1.gcno
Processing linux/libraries/AP_HAL_Linux/RCOutput_PRU.cpp.0.gcno
Processing linux/libraries/AP_HAL_Linux/Util_RPI.cpp.0.gcno
/media/tihan/pavan/kala/build/linux/libraries/AP_HAL_Linux/Util_RPI.cpp.0.gcno:no functions found
geninfo: WARNING: GCOV did not produce any data for /media/tihan/pavan/kala/build/linux/libraries/AP_HAL_Linux/Util_RPI.cpp.0.gcno
Processing linux/libraries/AP_HAL_Linux/Storage.cpp.1.gcno
Processing linux/libraries/AP_HAL_Linux/Heat_Pwm.cpp.0.gcno
/media/tihan/pavan/kala/build/linux/libraries/AP_HAL_Linux/Heat_Pwm.cpp.0.gcno:no functions found
geninfo: WARNING: GCOV did not produce any data for /media/tihan/pavan/kala/build/linux/libraries/AP_HAL_Linux/Heat_Pwm.cpp.0.gcno
Processing linux/libraries/AP_HAL_Linux/UDPDevice.cpp.0.gcno
Processing linux/libraries/AP_HAL_Linux/SPIUARTDriver.cpp.0.gcno
Processing linux/libraries/AP_HAL_Linux/GPIO_RPI_BCM.cpp.0.gcno
Processing linux/libraries/AP_HAL_Linux/AnalogIn_Navio2.cpp.0.gcno
Processing linux/libraries/AP_HAL_Linux/GPIO_Sysfs.cpp.0.gcno
Processing linux/libraries/AP_HAL_Linux/RCOutput_Disco.cpp.0.gcno
Processing linux/libraries/AP_HAL_Linux/RCInput_PRU.cpp.0.gcno
/media/tihan/pavan/kala/build/linux/libraries/AP_HAL_Linux/RCInput_PRU.cpp.0.gcno:no functions found
geninfo: WARNING: GCOV did not produce any data for /media/tihan/pavan/kala/build/linux/libraries/AP_HAL_Linux/RCInput_PRU.cpp.0.gcno
Processing linux/libraries/AP_HAL_Linux/CameraSensor.cpp.0.gcno
Processing linux/libraries/AP_HAL_Linux/I2CDevice.cpp.0.gcno
Processing linux/libraries/AP_HAL_Linux/GPIO_Navio.cpp.0.gcno
/media/tihan/pavan/kala/build/linux/libraries/AP_HAL_Linux/GPIO_Navio.cpp.0.gcno:no functions found
geninfo: WARNING: GCOV did not produce any data for /media/tihan/pavan/kala/build/linux/libraries/AP_HAL_Linux/GPIO_Navio.cpp.0.gcno
Processing linux/libraries/AP_HAL_Linux/RCInput_RCProtocol.cpp.0.gcno
/media/tihan/pavan/kala/build/linux/libraries/AP_HAL_Linux/RCInput_RCProtocol.cpp.0.gcno:no functions found
geninfo: WARNING: GCOV did not produce any data for /media/tihan/pavan/kala/build/linux/libraries/AP_HAL_Linux/RCInput_RCProtocol.cpp.0.gcno
Processing linux/libraries/AP_HAL_Linux/GPIO_Bebop.cpp.0.gcno
/media/tihan/pavan/kala/build/linux/libraries/AP_HAL_Linux/GPIO_Bebop.cpp.0.gcno:no functions found
geninfo: WARNING: GCOV did not produce any data for /media/tihan/pavan/kala/build/linux/libraries/AP_HAL_Linux/GPIO_Bebop.cpp.0.gcno
Processing linux/libraries/AP_HAL_Linux/GPIO_RPI_RP1.cpp.0.gcno
Processing linux/libraries/AP_HAL_Linux/GPIO_Aero.cpp.0.gcno
/media/tihan/pavan/kala/build/linux/libraries/AP_HAL_Linux/GPIO_Aero.cpp.0.gcno:no functions found
geninfo: WARNING: GCOV did not produce any data for /media/tihan/pavan/kala/build/linux/libraries/AP_HAL_Linux/GPIO_Aero.cpp.0.gcno
Processing linux/libraries/AP_HAL_Linux/UARTDriver.cpp.0.gcno
Processing linux/libraries/AP_HAL_Linux/ToneAlarm.cpp.0.gcno
Processing linux/libraries/AP_HAL_Linux/PWM_Sysfs.cpp.0.gcno
Processing linux/libraries/AP_HAL_Linux/CameraSensor_Mt9v117_Patches.cpp.0.gcno
/media/tihan/pavan/kala/build/linux/libraries/AP_HAL_Linux/CameraSensor_Mt9v117_Patches.cpp.0.gcno:no functions found
geninfo: WARNING: GCOV did not produce any data for /media/tihan/pavan/kala/build/linux/libraries/AP_HAL_Linux/CameraSensor_Mt9v117_Patches.cpp.0.gcno
Processing linux/libraries/AP_HAL_Linux/RCOutput_Bebop.cpp.0.gcno
/media/tihan/pavan/kala/build/linux/libraries/AP_HAL_Linux/RCOutput_Bebop.cpp.0.gcno:no functions found
geninfo: WARNING: GCOV did not produce any data for /media/tihan/pavan/kala/build/linux/libraries/AP_HAL_Linux/RCOutput_Bebop.cpp.0.gcno
Processing linux/libraries/AP_HAL_Linux/GPIO_PilotPi.cpp.0.gcno
/media/tihan/pavan/kala/build/linux/libraries/AP_HAL_Linux/GPIO_PilotPi.cpp.0.gcno:no functions found
geninfo: WARNING: GCOV did not produce any data for /media/tihan/pavan/kala/build/linux/libraries/AP_HAL_Linux/GPIO_PilotPi.cpp.0.gcno
Processing linux/libraries/AP_HAL_Linux/ConsoleDevice.cpp.1.gcno
Processing linux/libraries/AP_HAL_Linux/GPIO_RPI.cpp.0.gcno
/media/tihan/pavan/kala/build/linux/libraries/AP_HAL_Linux/GPIO_RPI.cpp.0.gcno:no functions found
geninfo: WARNING: GCOV did not produce any data for /media/tihan/pavan/kala/build/linux/libraries/AP_HAL_Linux/GPIO_RPI.cpp.0.gcno
Processing linux/libraries/AP_HAL_Linux/RCInput_SoloLink.cpp.0.gcno
Processing linux/libraries/AP_HAL_Linux/UARTDevice.cpp.0.gcno
Processing linux/libraries/AP_HAL_Linux/PollerThread.cpp.0.gcno
Processing linux/libraries/AP_HAL_Linux/RCInput_UDP.cpp.0.gcno
Processing linux/libraries/AP_Camera/AP_Camera_SoloGimbal.cpp.0.gcno
/media/tihan/pavan/kala/build/linux/libraries/AP_Camera/AP_Camera_SoloGimbal.cpp.0.gcno:no functions found
geninfo: WARNING: GCOV did not produce any data for /media/tihan/pavan/kala/build/linux/libraries/AP_Camera/AP_Camera_SoloGimbal.cpp.0.gcno
Processing linux/libraries/AP_Camera/AP_Camera_Backend.cpp.0.gcno
Processing linux/libraries/AP_Camera/AP_Camera_MAVLinkCamV2.cpp.0.gcno
Processing linux/libraries/AP_Camera/AP_Camera_Relay.cpp.0.gcno
Processing linux/libraries/AP_Camera/AP_Camera_MAVLink.cpp.0.gcno
Processing linux/libraries/AP_Camera/AP_Camera.cpp.0.gcno
Processing linux/libraries/AP_Camera/AP_Camera_Servo.cpp.0.gcno
Processing linux/libraries/AP_Camera/AP_Camera_Logging.cpp.0.gcno
Processing linux/libraries/AP_Camera/AP_Camera_Params.cpp.0.gcno
Processing linux/libraries/AP_Camera/AP_Camera_Scripting.cpp.0.gcno
Processing linux/libraries/AP_Camera/AP_RunCam.cpp.0.gcno
Processing linux/libraries/AP_Camera/AP_Camera_Mount.cpp.0.gcno
Processing linux/libraries/AP_VideoTX/AP_SmartAudio.cpp.0.gcno
Processing linux/libraries/AP_VideoTX/AP_Tramp.cpp.0.gcno
Processing linux/libraries/AP_VideoTX/AP_VideoTX.cpp.0.gcno
Processing linux/libraries/AP_Terrain/TerrainUtil.cpp.0.gcno
Processing linux/libraries/AP_Terrain/AP_Terrain.cpp.1.gcno
Processing linux/libraries/AP_Terrain/TerrainMission.cpp.0.gcno
Processing linux/libraries/AP_Terrain/TerrainGCS.cpp.0.gcno
Processing linux/libraries/AP_Terrain/TerrainIO.cpp.0.gcno
Processing linux/libraries/AC_AttitudeControl/AC_CommandModel.cpp.0.gcno
Processing linux/libraries/AC_AttitudeControl/AC_AttitudeControl_Multi.cpp.0.gcno
Processing linux/libraries/AC_AttitudeControl/AC_PosControl_Logging.cpp.0.gcno
Processing linux/libraries/AC_AttitudeControl/AC_AttitudeControl_TS.cpp.0.gcno
Processing linux/libraries/AC_AttitudeControl/AC_WeatherVane.cpp.1.gcno
Processing linux/libraries/AC_AttitudeControl/AC_AttitudeControl_Logging.cpp.0.gcno
Processing linux/libraries/AC_AttitudeControl/AC_AttitudeControl_Sub.cpp.0.gcno
Processing linux/libraries/AC_AttitudeControl/AC_AttitudeControl.cpp.1.gcno
Processing linux/libraries/AC_AttitudeControl/AC_AttitudeControl_Multi_6DoF.cpp.0.gcno
Processing linux/libraries/AC_AttitudeControl/AC_AttitudeControl_Heli.cpp.0.gcno
Processing linux/libraries/AC_AttitudeControl/AC_PosControl.cpp.1.gcno
Processing linux/libraries/AP_ONVIF/AP_ONVIF.cpp.0.gcno
/media/tihan/pavan/kala/build/linux/libraries/AP_ONVIF/AP_ONVIF.cpp.0.gcno:no functions found
geninfo: WARNING: GCOV did not produce any data for /media/tihan/pavan/kala/build/linux/libraries/AP_ONVIF/AP_ONVIF.cpp.0.gcno
Processing linux/libraries/AP_ONVIF/base64.cpp.0.gcno
Processing linux/libraries/AP_ONVIF/sha1.cpp.0.gcno
Processing linux/libraries/AP_EFI/AP_EFI_DroneCAN.cpp.0.gcno
Processing linux/libraries/AP_EFI/AP_EFI_Currawong_ECU.cpp.0.gcno
Processing linux/libraries/AP_EFI/AP_EFI_Serial_Hirth.cpp.0.gcno
Processing linux/libraries/AP_EFI/AP_EFI_Scripting.cpp.0.gcno
Processing linux/libraries/AP_EFI/AP_EFI_MAV.cpp.0.gcno
Processing linux/libraries/AP_EFI/AP_EFI.cpp.0.gcno
Processing linux/libraries/AP_EFI/AP_EFI_Serial_MS.cpp.0.gcno
Processing linux/libraries/AP_EFI/AP_EFI_Serial_Lutan.cpp.0.gcno
Processing linux/libraries/AP_EFI/AP_EFI_Backend.cpp.0.gcno
Processing linux/libraries/AP_EFI/AP_EFI_ThrottleLinearisation.cpp.0.gcno
Processing linux/libraries/AP_EFI/AP_EFI_Loweheiser.cpp.0.gcno
Processing linux/libraries/AP_EFI/AP_EFI_NWPMU.cpp.0.gcno
Processing linux/libraries/AP_Soaring/Variometer.cpp.0.gcno
Processing linux/libraries/AP_Soaring/SpeedToFly.cpp.0.gcno
Processing linux/libraries/AP_Soaring/AP_Soaring.cpp.0.gcno
Processing linux/libraries/AP_Soaring/ExtendedKalmanFilter.cpp.0.gcno
Processing linux/libraries/AP_IOMCU/fw_uploader.cpp.0.gcno
/media/tihan/pavan/kala/build/linux/libraries/AP_IOMCU/fw_uploader.cpp.0.gcno:no functions found
geninfo: WARNING: GCOV did not produce any data for /media/tihan/pavan/kala/build/linux/libraries/AP_IOMCU/fw_uploader.cpp.0.gcno
Processing linux/libraries/AP_IOMCU/AP_IOMCU.cpp.0.gcno
/media/tihan/pavan/kala/build/linux/libraries/AP_IOMCU/AP_IOMCU.cpp.0.gcno:no functions found
geninfo: WARNING: GCOV did not produce any data for /media/tihan/pavan/kala/build/linux/libraries/AP_IOMCU/AP_IOMCU.cpp.0.gcno
Processing linux/libraries/AP_RTC/AP_RTC.cpp.0.gcno
Processing linux/libraries/AP_RTC/JitterCorrection.cpp.0.gcno
Processing linux/libraries/AP_ESC_Telem/AP_ESC_Telem.cpp.0.gcno
Processing linux/libraries/AP_ESC_Telem/AP_ESC_Telem_Backend.cpp.1.gcno
Processing linux/libraries/AP_ESC_Telem/AP_ESC_Telem_SITL.cpp.0.gcno
/media/tihan/pavan/kala/build/linux/libraries/AP_ESC_Telem/AP_ESC_Telem_SITL.cpp.0.gcno:no functions found
geninfo: WARNING: GCOV did not produce any data for /media/tihan/pavan/kala/build/linux/libraries/AP_ESC_Telem/AP_ESC_Telem_SITL.cpp.0.gcno
Processing linux/libraries/AP_BLHeli/AP_BLHeli.cpp.1.gcno
/media/tihan/pavan/kala/build/linux/libraries/AP_BLHeli/AP_BLHeli.cpp.1.gcno:no functions found
geninfo: WARNING: GCOV did not produce any data for /media/tihan/pavan/kala/build/linux/libraries/AP_BLHeli/AP_BLHeli.cpp.1.gcno
Processing linux/libraries/AP_NMEA_Output/AP_NMEA_Output.cpp.0.gcno
Processing linux/libraries/AP_Mission/AP_Mission_Commands.cpp.0.gcno
Processing linux/libraries/AP_Mission/AP_Mission_ChangeDetector.cpp.0.gcno
Processing linux/libraries/AP_Mission/AP_Mission.cpp.1.gcno
Processing linux/libraries/AP_DDS/AP_DDS_ExternalControl.cpp.0.gcno
/media/tihan/pavan/kala/build/linux/libraries/AP_DDS/AP_DDS_ExternalControl.cpp.0.gcno:no functions found
geninfo: WARNING: GCOV did not produce any data for /media/tihan/pavan/kala/build/linux/libraries/AP_DDS/AP_DDS_ExternalControl.cpp.0.gcno
Processing linux/libraries/AP_DDS/AP_DDS_Client.cpp.0.gcno
/media/tihan/pavan/kala/build/linux/libraries/AP_DDS/AP_DDS_Client.cpp.0.gcno:no functions found
geninfo: WARNING: GCOV did not produce any data for /media/tihan/pavan/kala/build/linux/libraries/AP_DDS/AP_DDS_Client.cpp.0.gcno
Processing linux/libraries/AP_DDS/AP_DDS_External_Odom.cpp.0.gcno
/media/tihan/pavan/kala/build/linux/libraries/AP_DDS/AP_DDS_External_Odom.cpp.0.gcno:no functions found
geninfo: WARNING: GCOV did not produce any data for /media/tihan/pavan/kala/build/linux/libraries/AP_DDS/AP_DDS_External_Odom.cpp.0.gcno
Processing linux/libraries/AP_DDS/AP_DDS_Serial.cpp.0.gcno
/media/tihan/pavan/kala/build/linux/libraries/AP_DDS/AP_DDS_Serial.cpp.0.gcno:no functions found
geninfo: WARNING: GCOV did not produce any data for /media/tihan/pavan/kala/build/linux/libraries/AP_DDS/AP_DDS_Serial.cpp.0.gcno
Processing linux/libraries/AP_DDS/AP_DDS_UDP.cpp.0.gcno
/media/tihan/pavan/kala/build/linux/libraries/AP_DDS/AP_DDS_UDP.cpp.0.gcno:no functions found
geninfo: WARNING: GCOV did not produce any data for /media/tihan/pavan/kala/build/linux/libraries/AP_DDS/AP_DDS_UDP.cpp.0.gcno
Processing linux/libraries/AP_DDS/AP_DDS_Type_Conversions.cpp.0.gcno
/media/tihan/pavan/kala/build/linux/libraries/AP_DDS/AP_DDS_Type_Conversions.cpp.0.gcno:no functions found
geninfo: WARNING: GCOV did not produce any data for /media/tihan/pavan/kala/build/linux/libraries/AP_DDS/AP_DDS_Type_Conversions.cpp.0.gcno
Processing linux/libraries/AP_CheckFirmware/monocypher.cpp.0.gcno
Processing linux/libraries/AP_CheckFirmware/AP_CheckFirmware_secure_command.cpp.0.gcno
/media/tihan/pavan/kala/build/linux/libraries/AP_CheckFirmware/AP_CheckFirmware_secure_command.cpp.0.gcno:no functions found
geninfo: WARNING: GCOV did not produce any data for /media/tihan/pavan/kala/build/linux/libraries/AP_CheckFirmware/AP_CheckFirmware_secure_command.cpp.0.gcno
Processing linux/libraries/AP_CheckFirmware/AP_CheckFirmware.cpp.0.gcno
/media/tihan/pavan/kala/build/linux/libraries/AP_CheckFirmware/AP_CheckFirmware.cpp.0.gcno:no functions found
geninfo: WARNING: GCOV did not produce any data for /media/tihan/pavan/kala/build/linux/libraries/AP_CheckFirmware/AP_CheckFirmware.cpp.0.gcno
Processing linux/libraries/AC_WPNav/AC_Loiter.cpp.1.gcno
Processing linux/libraries/AC_WPNav/AC_WPNav_OA.cpp.0.gcno
Processing linux/libraries/AC_WPNav/AC_Circle.cpp.0.gcno
Processing linux/libraries/AC_WPNav/AC_WPNav.cpp.0.gcno
Processing linux/libraries/AP_GPS/AP_GPS_UBLOX.cpp.0.gcno
Processing linux/libraries/AP_GPS/AP_GPS_SBF.cpp.0.gcno
Processing linux/libraries/AP_GPS/GPS_Backend.cpp.0.gcno
Processing linux/libraries/AP_GPS/AP_GPS_Blended.cpp.0.gcno
Processing linux/libraries/AP_GPS/AP_GPS_SITL.cpp.0.gcno
/media/tihan/pavan/kala/build/linux/libraries/AP_GPS/AP_GPS_SITL.cpp.0.gcno:no functions found
geninfo: WARNING: GCOV did not produce any data for /media/tihan/pavan/kala/build/linux/libraries/AP_GPS/AP_GPS_SITL.cpp.0.gcno
Processing linux/libraries/AP_GPS/AP_GPS_MAV.cpp.0.gcno
Processing linux/libraries/AP_GPS/AP_GPS_ExternalAHRS.cpp.0.gcno
Processing linux/libraries/AP_GPS/AP_GPS_SBP.cpp.0.gcno
Processing linux/libraries/AP_GPS/AP_GPS_ERB.cpp.0.gcno
Processing linux/libraries/AP_GPS/tests/test_gps.cpp.1.gcno
Processing linux/libraries/AP_GPS/RTCM3_Parser.cpp.0.gcno
Processing linux/libraries/AP_GPS/AP_GPS_GSOF.cpp.0.gcno
Processing linux/libraries/AP_GPS/AP_GPS_Params.cpp.0.gcno
Processing linux/libraries/AP_GPS/AP_GPS_SBP2.cpp.0.gcno
Processing linux/libraries/AP_GPS/AP_GPS_DroneCAN.cpp.0.gcno
Processing linux/libraries/AP_GPS/MovingBase.cpp.0.gcno
Processing linux/libraries/AP_GPS/AP_GPS_NOVA.cpp.0.gcno
Processing linux/libraries/AP_GPS/AP_GPS_NMEA.cpp.0.gcno
Processing linux/libraries/AP_GPS/AP_GPS_MSP.cpp.0.gcno
Processing linux/libraries/AP_GPS/AP_GPS_SIRF.cpp.0.gcno
Processing linux/libraries/AP_GPS/AP_GPS.cpp.0.gcno
Processing linux/libraries/AP_NavEKF3/AP_NavEKF3_Outputs.cpp.1.gcno
Processing linux/libraries/AP_NavEKF3/AP_NavEKF3_RngBcnFusion.cpp.1.gcno
Processing linux/libraries/AP_NavEKF3/AP_NavEKF3_PosVelFusion.cpp.1.gcno
Processing linux/libraries/AP_NavEKF3/AP_NavEKF3_GyroBias.cpp.1.gcno
Processing linux/libraries/AP_NavEKF3/AP_NavEKF3_OptFlowFusion.cpp.1.gcno
Processing linux/libraries/AP_NavEKF3/AP_NavEKF3.cpp.1.gcno
Processing linux/libraries/AP_NavEKF3/AP_NavEKF3_core.cpp.1.gcno
Processing linux/libraries/AP_NavEKF3/AP_NavEKF3_AirDataFusion.cpp.1.gcno
Processing linux/libraries/AP_NavEKF3/AP_NavEKF3_MagFusion.cpp.1.gcno
Processing linux/libraries/AP_NavEKF3/AP_NavEKF3_Control.cpp.1.gcno
Processing linux/libraries/AP_NavEKF3/AP_NavEKF3_Logging.cpp.1.gcno
Processing linux/libraries/AP_NavEKF3/AP_NavEKF3_Measurements.cpp.1.gcno
Processing linux/libraries/AP_NavEKF3/AP_NavEKF3_VehicleStatus.cpp.1.gcno
Processing linux/libraries/AP_IBus_Telem/AP_IBus_Telem.cpp.1.gcno
Processing linux/libraries/RC_Channel/RC_Channel.cpp.1.gcno
Processing linux/libraries/RC_Channel/RC_Channels.cpp.0.gcno
Processing linux/libraries/AP_ICEngine/AP_ICEngine.cpp.0.gcno
Processing linux/libraries/AP_ICEngine/AP_ICEngine_TCA9554.cpp.0.gcno
/media/tihan/pavan/kala/build/linux/libraries/AP_ICEngine/AP_ICEngine_TCA9554.cpp.0.gcno:no functions found
geninfo: WARNING: GCOV did not produce any data for /media/tihan/pavan/kala/build/linux/libraries/AP_ICEngine/AP_ICEngine_TCA9554.cpp.0.gcno
Processing linux/libraries/AP_Arming/AP_Arming.cpp.1.gcno
Processing linux/libraries/AP_Notify/PCA9685LED_I2C.cpp.0.gcno
Processing linux/libraries/AP_Notify/RCOutputRGBLed.cpp.0.gcno
/media/tihan/pavan/kala/build/linux/libraries/AP_Notify/RCOutputRGBLed.cpp.0.gcno:no functions found
geninfo: WARNING: GCOV did not produce any data for /media/tihan/pavan/kala/build/linux/libraries/AP_Notify/RCOutputRGBLed.cpp.0.gcno
Processing linux/libraries/AP_Notify/DShotLED.cpp.0.gcno
Processing linux/libraries/AP_Notify/Display_SITL.cpp.0.gcno
/media/tihan/pavan/kala/build/linux/libraries/AP_Notify/Display_SITL.cpp.0.gcno:no functions found
geninfo: WARNING: GCOV did not produce any data for /media/tihan/pavan/kala/build/linux/libraries/AP_Notify/Display_SITL.cpp.0.gcno
Processing linux/libraries/AP_Notify/Led_Sysfs.cpp.0.gcno
/media/tihan/pavan/kala/build/linux/libraries/AP_Notify/Led_Sysfs.cpp.0.gcno:no functions found
geninfo: WARNING: GCOV did not produce any data for /media/tihan/pavan/kala/build/linux/libraries/AP_Notify/Led_Sysfs.cpp.0.gcno
Processing linux/libraries/AP_Notify/ExternalLED.cpp.0.gcno
/media/tihan/pavan/kala/build/linux/libraries/AP_Notify/ExternalLED.cpp.0.gcno:no functions found
geninfo: WARNING: GCOV did not produce any data for /media/tihan/pavan/kala/build/linux/libraries/AP_Notify/ExternalLED.cpp.0.gcno
Processing linux/libraries/AP_Notify/RGBLed.cpp.0.gcno
Processing linux/libraries/AP_Notify/MMLPlayer.cpp.0.gcno
Processing linux/libraries/AP_Notify/DiscoLED.cpp.0.gcno
/media/tihan/pavan/kala/build/linux/libraries/AP_Notify/DiscoLED.cpp.0.gcno:no functions found
geninfo: WARNING: GCOV did not produce any data for /media/tihan/pavan/kala/build/linux/libraries/AP_Notify/DiscoLED.cpp.0.gcno
Processing linux/libraries/AP_Notify/AP_BoardLED.cpp.0.gcno
/media/tihan/pavan/kala/build/linux/libraries/AP_Notify/AP_BoardLED.cpp.0.gcno:no functions found
geninfo: WARNING: GCOV did not produce any data for /media/tihan/pavan/kala/build/linux/libraries/AP_Notify/AP_BoardLED.cpp.0.gcno
Processing linux/libraries/AP_Notify/GPIO_LED_1.cpp.0.gcno
/media/tihan/pavan/kala/build/linux/libraries/AP_Notify/GPIO_LED_1.cpp.0.gcno:no functions found
geninfo: WARNING: GCOV did not produce any data for /media/tihan/pavan/kala/build/linux/libraries/AP_Notify/GPIO_LED_1.cpp.0.gcno
Processing linux/libraries/AP_Notify/Display.cpp.0.gcno
Processing linux/libraries/AP_Notify/OreoLED_I2C.cpp.0.gcno
/media/tihan/pavan/kala/build/linux/libraries/AP_Notify/OreoLED_I2C.cpp.0.gcno:no functions found
geninfo: WARNING: GCOV did not produce any data for /media/tihan/pavan/kala/build/linux/libraries/AP_Notify/OreoLED_I2C.cpp.0.gcno
Processing linux/libraries/AP_Notify/DroneCAN_RGB_LED.cpp.0.gcno
Processing linux/libraries/AP_Notify/Display_SH1106_I2C.cpp.0.gcno
Processing linux/libraries/AP_Notify/PixRacerLED.cpp.0.gcno
/media/tihan/pavan/kala/build/linux/libraries/AP_Notify/PixRacerLED.cpp.0.gcno:no functions found
geninfo: WARNING: GCOV did not produce any data for /media/tihan/pavan/kala/build/linux/libraries/AP_Notify/PixRacerLED.cpp.0.gcno
Processing linux/libraries/AP_Notify/DiscreteRGBLed.cpp.0.gcno
/media/tihan/pavan/kala/build/linux/libraries/AP_Notify/DiscreteRGBLed.cpp.0.gcno:no functions found
geninfo: WARNING: GCOV did not produce any data for /media/tihan/pavan/kala/build/linux/libraries/AP_Notify/DiscreteRGBLed.cpp.0.gcno
Processing linux/libraries/AP_Notify/LP5562.cpp.0.gcno
Processing linux/libraries/AP_Notify/IS31FL3195.cpp.0.gcno
Processing linux/libraries/AP_Notify/ToshibaLED_I2C.cpp.0.gcno
Processing linux/libraries/AP_Notify/Display_SSD1306_I2C.cpp.0.gcno
Processing linux/libraries/AP_Notify/NavigatorLED.cpp.0.gcno
/media/tihan/pavan/kala/build/linux/libraries/AP_Notify/NavigatorLED.cpp.0.gcno:no functions found
geninfo: WARNING: GCOV did not produce any data for /media/tihan/pavan/kala/build/linux/libraries/AP_Notify/NavigatorLED.cpp.0.gcno
Processing linux/libraries/AP_Notify/NCP5623.cpp.0.gcno
Processing linux/libraries/AP_Notify/NeoPixel.cpp.0.gcno
Processing linux/libraries/AP_Notify/Buzzer.cpp.0.gcno
Processing linux/libraries/AP_Notify/ToneAlarm.cpp.0.gcno
Processing linux/libraries/AP_Notify/SITL_SFML_LED.cpp.0.gcno
/media/tihan/pavan/kala/build/linux/libraries/AP_Notify/SITL_SFML_LED.cpp.0.gcno:no functions found
geninfo: WARNING: GCOV did not produce any data for /media/tihan/pavan/kala/build/linux/libraries/AP_Notify/SITL_SFML_LED.cpp.0.gcno
Processing linux/libraries/AP_Notify/VRBoard_LED.cpp.0.gcno
/media/tihan/pavan/kala/build/linux/libraries/AP_Notify/VRBoard_LED.cpp.0.gcno:no functions found
geninfo: WARNING: GCOV did not produce any data for /media/tihan/pavan/kala/build/linux/libraries/AP_Notify/VRBoard_LED.cpp.0.gcno
Processing linux/libraries/AP_Notify/AP_BoardLED2.cpp.0.gcno
/media/tihan/pavan/kala/build/linux/libraries/AP_Notify/AP_BoardLED2.cpp.0.gcno:no functions found
geninfo: WARNING: GCOV did not produce any data for /media/tihan/pavan/kala/build/linux/libraries/AP_Notify/AP_BoardLED2.cpp.0.gcno
Processing linux/libraries/AP_Notify/AP_Notify.cpp.0.gcno
Processing linux/libraries/AP_Notify/ProfiLED.cpp.0.gcno
Processing linux/libraries/AP_Notify/SerialLED.cpp.0.gcno
Processing linux/libraries/AP_Notify/ScriptingLED.cpp.0.gcno
Processing linux/libraries/AP_RangeFinder/AP_RangeFinder_USD1_CAN.cpp.0.gcno
Processing linux/libraries/AP_RangeFinder/AP_RangeFinder_Params.cpp.0.gcno
Processing linux/libraries/AP_RangeFinder/AP_RangeFinder_VL53L1X.cpp.0.gcno
Processing linux/libraries/AP_RangeFinder/AP_RangeFinder_TeraRanger_Serial.cpp.0.gcno
Processing linux/libraries/AP_RangeFinder/AP_RangeFinder_GYUS42v2.cpp.0.gcno
Processing linux/libraries/AP_RangeFinder/AP_RangeFinder_LeddarVu8.cpp.0.gcno
Processing linux/libraries/AP_RangeFinder/AP_RangeFinder_JRE_Serial.cpp.0.gcno
Processing linux/libraries/AP_RangeFinder/AP_RangeFinder_PulsedLightLRF.cpp.0.gcno
Processing linux/libraries/AP_RangeFinder/AP_RangeFinder_Ainstein_LR_D1.cpp.0.gcno
Processing linux/libraries/AP_RangeFinder/AP_RangeFinder_Benewake_CAN.cpp.0.gcno
Processing linux/libraries/AP_RangeFinder/AP_RangeFinder_NMEA.cpp.0.gcno
Processing linux/libraries/AP_RangeFinder/AP_RangeFinder_TOFSenseP_CAN.cpp.0.gcno
Processing linux/libraries/AP_RangeFinder/AP_RangeFinder_BLPing.cpp.0.gcno
Processing linux/libraries/AP_RangeFinder/AP_RangeFinder_USD1_Serial.cpp.0.gcno
Processing linux/libraries/AP_RangeFinder/AP_RangeFinder_LightWareI2C.cpp.0.gcno
Processing linux/libraries/AP_RangeFinder/AP_RangeFinder_Backend_Serial.cpp.0.gcno
Processing linux/libraries/AP_RangeFinder/AP_RangeFinder_Bebop.cpp.0.gcno
/media/tihan/pavan/kala/build/linux/libraries/AP_RangeFinder/AP_RangeFinder_Bebop.cpp.0.gcno:no functions found
geninfo: WARNING: GCOV did not produce any data for /media/tihan/pavan/kala/build/linux/libraries/AP_RangeFinder/AP_RangeFinder_Bebop.cpp.0.gcno
Processing linux/libraries/AP_RangeFinder/AP_RangeFinder_TOFSenseF_I2C.cpp.0.gcno
Processing linux/libraries/AP_RangeFinder/AP_RangeFinder_LeddarOne.cpp.0.gcno
Processing linux/libraries/AP_RangeFinder/AP_RangeFinder_NRA24_CAN.cpp.0.gcno
Processing linux/libraries/AP_RangeFinder/AP_RangeFinder_Wasp.cpp.0.gcno
Processing linux/libraries/AP_RangeFinder/AP_RangeFinder_RDS02UF.cpp.0.gcno
Processing linux/libraries/AP_RangeFinder/AP_RangeFinder_Lua.cpp.0.gcno
Processing linux/libraries/AP_RangeFinder/AP_RangeFinder_MAVLink.cpp.0.gcno
Processing linux/libraries/AP_RangeFinder/AP_RangeFinder_Benewake.cpp.0.gcno
Processing linux/libraries/AP_RangeFinder/AP_RangeFinder_HC_SR04.cpp.0.gcno
Processing linux/libraries/AP_RangeFinder/AP_RangeFinder_BBB_PRU.cpp.0.gcno
/media/tihan/pavan/kala/build/linux/libraries/AP_RangeFinder/AP_RangeFinder_BBB_PRU.cpp.0.gcno:no functions found
geninfo: WARNING: GCOV did not produce any data for /media/tihan/pavan/kala/build/linux/libraries/AP_RangeFinder/AP_RangeFinder_BBB_PRU.cpp.0.gcno
Processing linux/libraries/AP_RangeFinder/AP_RangeFinder_MaxsonarI2CXL.cpp.0.gcno
Processing linux/libraries/AP_RangeFinder/AP_RangeFinder_Backend.cpp.0.gcno
Processing linux/libraries/AP_RangeFinder/AP_RangeFinder.cpp.0.gcno
Processing linux/libraries/AP_RangeFinder/AP_RangeFinder_TeraRangerI2C.cpp.0.gcno
Processing linux/libraries/AP_RangeFinder/AP_RangeFinder_analog.cpp.0.gcno
Processing linux/libraries/AP_RangeFinder/AP_RangeFinder_PWM.cpp.0.gcno
/media/tihan/pavan/kala/build/linux/libraries/AP_RangeFinder/AP_RangeFinder_PWM.cpp.0.gcno:no functions found
geninfo: WARNING: GCOV did not produce any data for /media/tihan/pavan/kala/build/linux/libraries/AP_RangeFinder/AP_RangeFinder_PWM.cpp.0.gcno
Processing linux/libraries/AP_RangeFinder/AP_RangeFinder_Benewake_TFMiniPlus.cpp.0.gcno
Processing linux/libraries/AP_RangeFinder/AP_RangeFinder_LightWareSerial.cpp.0.gcno
Processing linux/libraries/AP_RangeFinder/AP_RangeFinder_MSP.cpp.0.gcno
Processing linux/libraries/AP_RangeFinder/AP_RangeFinder_Lanbao.cpp.0.gcno
Processing linux/libraries/AP_RangeFinder/AP_RangeFinder_NoopLoop.cpp.0.gcno
Processing linux/libraries/AP_RangeFinder/AP_RangeFinder_MaxsonarSerialLV.cpp.0.gcno
Processing linux/libraries/AP_RangeFinder/AP_RangeFinder_Backend_CAN.cpp.0.gcno
Processing linux/libraries/AP_RangeFinder/AP_RangeFinder_SITL.cpp.0.gcno
/media/tihan/pavan/kala/build/linux/libraries/AP_RangeFinder/AP_RangeFinder_SITL.cpp.0.gcno:no functions found
geninfo: WARNING: GCOV did not produce any data for /media/tihan/pavan/kala/build/linux/libraries/AP_RangeFinder/AP_RangeFinder_SITL.cpp.0.gcno
Processing linux/libraries/AP_RangeFinder/AP_RangeFinder_DroneCAN.cpp.0.gcno
Processing linux/libraries/AP_RangeFinder/AP_RangeFinder_VL53L0X.cpp.0.gcno
Processing linux/libraries/AP_RSSI/AP_RSSI.cpp.0.gcno
Processing linux/libraries/AP_Devo_Telem/AP_Devo_Telem.cpp.0.gcno
/media/tihan/pavan/kala/build/linux/libraries/AP_Devo_Telem/AP_Devo_Telem.cpp.0.gcno:no functions found
geninfo: WARNING: GCOV did not produce any data for /media/tihan/pavan/kala/build/linux/libraries/AP_Devo_Telem/AP_Devo_Telem.cpp.0.gcno
Processing linux/libraries/AP_CANManager/AP_CANManager.cpp.0.gcno
Processing linux/libraries/AP_CANManager/AP_CANSensor.cpp.0.gcno
Processing linux/libraries/AP_CANManager/AP_SLCANIface.cpp.0.gcno
/media/tihan/pavan/kala/build/linux/libraries/AP_CANManager/AP_SLCANIface.cpp.0.gcno:no functions found
geninfo: WARNING: GCOV did not produce any data for /media/tihan/pavan/kala/build/linux/libraries/AP_CANManager/AP_SLCANIface.cpp.0.gcno
Processing linux/libraries/AP_CANManager/AP_CANManager_CANDriver_Params.cpp.0.gcno
/media/tihan/pavan/kala/build/linux/libraries/AP_CANManager/AP_CANManager_CANDriver_Params.cpp.0.gcno:no functions found
geninfo: WARNING: GCOV did not produce any data for /media/tihan/pavan/kala/build/linux/libraries/AP_CANManager/AP_CANManager_CANDriver_Params.cpp.0.gcno
Processing linux/libraries/AP_CANManager/AP_MAVLinkCAN.cpp.0.gcno
Processing linux/libraries/AP_CANManager/AP_CANIfaceParams.cpp.0.gcno
/media/tihan/pavan/kala/build/linux/libraries/AP_CANManager/AP_CANIfaceParams.cpp.0.gcno:no functions found
geninfo: WARNING: GCOV did not produce any data for /media/tihan/pavan/kala/build/linux/libraries/AP_CANManager/AP_CANIfaceParams.cpp.0.gcno
Processing linux/libraries/AP_Mount/AP_Mount_Alexmos.cpp.0.gcno
Processing linux/libraries/AP_Mount/SoloGimbalEKF.cpp.0.gcno
/media/tihan/pavan/kala/build/linux/libraries/AP_Mount/SoloGimbalEKF.cpp.0.gcno:no functions found
geninfo: WARNING: GCOV did not produce any data for /media/tihan/pavan/kala/build/linux/libraries/AP_Mount/SoloGimbalEKF.cpp.0.gcno
Processing linux/libraries/AP_Mount/AP_Mount_Xacti.cpp.0.gcno
Processing linux/libraries/AP_Mount/AP_Mount.cpp.0.gcno
Processing linux/libraries/AP_Mount/AP_Mount_CADDX.cpp.0.gcno
Processing linux/libraries/AP_Mount/AP_Mount_SoloGimbal.cpp.0.gcno
/media/tihan/pavan/kala/build/linux/libraries/AP_Mount/AP_Mount_SoloGimbal.cpp.0.gcno:no functions found
geninfo: WARNING: GCOV did not produce any data for /media/tihan/pavan/kala/build/linux/libraries/AP_Mount/AP_Mount_SoloGimbal.cpp.0.gcno
Processing linux/libraries/AP_Mount/SoloGimbal.cpp.0.gcno
/media/tihan/pavan/kala/build/linux/libraries/AP_Mount/SoloGimbal.cpp.0.gcno:no functions found
geninfo: WARNING: GCOV did not produce any data for /media/tihan/pavan/kala/build/linux/libraries/AP_Mount/SoloGimbal.cpp.0.gcno
Processing linux/libraries/AP_Mount/AP_Mount_Gremsy.cpp.0.gcno
Processing linux/libraries/AP_Mount/AP_Mount_SToRM32.cpp.0.gcno
Processing linux/libraries/AP_Mount/AP_Mount_SToRM32_serial.cpp.0.gcno
Processing linux/libraries/AP_Mount/AP_Mount_Viewpro.cpp.0.gcno
Processing linux/libraries/AP_Mount/AP_Mount_Servo.cpp.0.gcno
Processing linux/libraries/AP_Mount/SoloGimbal_Parameters.cpp.0.gcno
/media/tihan/pavan/kala/build/linux/libraries/AP_Mount/SoloGimbal_Parameters.cpp.0.gcno:no functions found
geninfo: WARNING: GCOV did not produce any data for /media/tihan/pavan/kala/build/linux/libraries/AP_Mount/SoloGimbal_Parameters.cpp.0.gcno
Processing linux/libraries/AP_Mount/AP_Mount_Scripting.cpp.0.gcno
Processing linux/libraries/AP_Mount/AP_Mount_Backend_Serial.cpp.0.gcno
Processing linux/libraries/AP_Mount/AP_Mount_XFRobot.cpp.0.gcno
Processing linux/libraries/AP_Mount/AP_Mount_Siyi.cpp.0.gcno
Processing linux/libraries/AP_Mount/AP_Mount_Topotek.cpp.0.gcno
Processing linux/libraries/AP_Mount/AP_Mount_Params.cpp.0.gcno
Processing linux/libraries/AP_Mount/AP_Mount_Backend.cpp.0.gcno
Processing linux/libraries/AP_InternalError/AP_InternalError.cpp.0.gcno
Processing linux/libraries/AP_InertialSensor/AP_InertialSensor.cpp.1.gcno
Processing linux/libraries/AP_InertialSensor/AP_InertialSensor_SITL.cpp.0.gcno
/media/tihan/pavan/kala/build/linux/libraries/AP_InertialSensor/AP_InertialSensor_SITL.cpp.0.gcno:no functions found
geninfo: WARNING: GCOV did not produce any data for /media/tihan/pavan/kala/build/linux/libraries/AP_InertialSensor/AP_InertialSensor_SITL.cpp.0.gcno
Processing linux/libraries/AP_InertialSensor/AP_InertialSensor_tempcal.cpp.0.gcno
Processing linux/libraries/AP_InertialSensor/FastRateBuffer.cpp.1.gcno
/media/tihan/pavan/kala/build/linux/libraries/AP_InertialSensor/FastRateBuffer.cpp.1.gcno:no functions found
geninfo: WARNING: GCOV did not produce any data for /media/tihan/pavan/kala/build/linux/libraries/AP_InertialSensor/FastRateBuffer.cpp.1.gcno
Processing linux/libraries/AP_InertialSensor/AP_InertialSensor_BMI055.cpp.0.gcno
Processing linux/libraries/AP_InertialSensor/AP_InertialSensor_LSM9DS0.cpp.0.gcno
Processing linux/libraries/AP_InertialSensor/BatchSampler.cpp.0.gcno
Processing linux/libraries/AP_InertialSensor/AP_InertialSensor_RST.cpp.0.gcno
/media/tihan/pavan/kala/build/linux/libraries/AP_InertialSensor/AP_InertialSensor_RST.cpp.0.gcno:no functions found
geninfo: WARNING: GCOV did not produce any data for /media/tihan/pavan/kala/build/linux/libraries/AP_InertialSensor/AP_InertialSensor_RST.cpp.0.gcno
Processing linux/libraries/AP_InertialSensor/AP_InertialSensor_Backend.cpp.1.gcno
Processing linux/libraries/AP_InertialSensor/AP_InertialSensor_BMI088.cpp.0.gcno
Processing linux/libraries/AP_InertialSensor/AP_InertialSensor_L3G4200D.cpp.0.gcno
Processing linux/libraries/AP_InertialSensor/AP_InertialSensor_SCHA63T.cpp.0.gcno
Processing linux/libraries/AP_InertialSensor/AP_InertialSensor_Invensense.cpp.0.gcno
Processing linux/libraries/AP_InertialSensor/AP_InertialSensor_BMI270.cpp.0.gcno
Processing linux/libraries/AP_InertialSensor/AP_InertialSensor_BMI160.cpp.0.gcno
Processing linux/libraries/AP_InertialSensor/AP_InertialSensor_Params.cpp.0.gcno
Processing linux/libraries/AP_InertialSensor/AuxiliaryBus.cpp.0.gcno
Processing linux/libraries/AP_InertialSensor/AP_InertialSensor_LSM9DS1.cpp.0.gcno
Processing linux/libraries/AP_InertialSensor/AP_InertialSensor_ExternalAHRS.cpp.0.gcno
Processing linux/libraries/AP_InertialSensor/AP_InertialSensor_Invensensev2.cpp.0.gcno
Processing linux/libraries/AP_InertialSensor/AP_InertialSensor_Logging.cpp.0.gcno
Processing linux/libraries/AP_InertialSensor/AP_InertialSensor_Invensensev3.cpp.1.gcno
Processing linux/libraries/AP_InertialSensor/AP_InertialSensor_NONE.cpp.0.gcno
/media/tihan/pavan/kala/build/linux/libraries/AP_InertialSensor/AP_InertialSensor_NONE.cpp.0.gcno:no functions found
geninfo: WARNING: GCOV did not produce any data for /media/tihan/pavan/kala/build/linux/libraries/AP_InertialSensor/AP_InertialSensor_NONE.cpp.0.gcno
Processing linux/libraries/AP_InertialSensor/AP_InertialSensor_ADIS1647x.cpp.0.gcno
Processing linux/modules/lwip/src/api/netifapi.c.0.gcno
Processing linux/modules/lwip/src/api/sockets.c.0.gcno
Processing linux/modules/lwip/src/api/netdb.c.0.gcno
/media/tihan/pavan/kala/build/linux/modules/lwip/src/api/netdb.c.0.gcno:no functions found
geninfo: WARNING: GCOV did not produce any data for /media/tihan/pavan/kala/build/linux/modules/lwip/src/api/netdb.c.0.gcno
Processing linux/modules/lwip/src/api/if_api.c.0.gcno
Processing linux/modules/lwip/src/api/api_lib.c.0.gcno
Processing linux/modules/lwip/src/api/api_msg.c.0.gcno
Processing linux/modules/lwip/src/api/tcpip.c.0.gcno
Processing linux/modules/lwip/src/api/netbuf.c.0.gcno
Processing linux/modules/lwip/src/api/err.c.0.gcno
Processing linux/modules/lwip/src/core/timeouts.c.0.gcno
Processing linux/modules/lwip/src/core/ip.c.0.gcno
/media/tihan/pavan/kala/build/linux/modules/lwip/src/core/ip.c.0.gcno:no functions found
geninfo: WARNING: GCOV did not produce any data for /media/tihan/pavan/kala/build/linux/modules/lwip/src/core/ip.c.0.gcno
Processing linux/modules/lwip/src/core/altcp.c.0.gcno
Processing linux/modules/lwip/src/core/def.c.0.gcno
Processing linux/modules/lwip/src/core/ipv4/igmp.c.0.gcno
Processing linux/modules/lwip/src/core/ipv4/autoip.c.0.gcno
Processing linux/modules/lwip/src/core/ipv4/ip4_addr.c.0.gcno
Processing linux/modules/lwip/src/core/ipv4/dhcp.c.0.gcno
Processing linux/modules/lwip/src/core/ipv4/ip4.c.0.gcno
Processing linux/modules/lwip/src/core/ipv4/icmp.c.0.gcno
Processing linux/modules/lwip/src/core/ipv4/acd.c.0.gcno
Processing linux/modules/lwip/src/core/ipv4/ip4_frag.c.0.gcno
Processing linux/modules/lwip/src/core/ipv4/etharp.c.0.gcno
Processing linux/modules/lwip/src/core/stats.c.0.gcno
/media/tihan/pavan/kala/build/linux/modules/lwip/src/core/stats.c.0.gcno:no functions found
geninfo: WARNING: GCOV did not produce any data for /media/tihan/pavan/kala/build/linux/modules/lwip/src/core/stats.c.0.gcno
Processing linux/modules/lwip/src/core/dns.c.0.gcno
/media/tihan/pavan/kala/build/linux/modules/lwip/src/core/dns.c.0.gcno:no functions found
geninfo: WARNING: GCOV did not produce any data for /media/tihan/pavan/kala/build/linux/modules/lwip/src/core/dns.c.0.gcno
Processing linux/modules/lwip/src/core/sys.c.0.gcno
Processing linux/modules/lwip/src/core/init.c.0.gcno
Processing linux/modules/lwip/src/core/tcp_in.c.0.gcno
Processing linux/modules/lwip/src/core/udp.c.0.gcno
Processing linux/modules/lwip/src/core/netif.c.0.gcno
Processing linux/modules/lwip/src/core/memp.c.0.gcno
Processing linux/modules/lwip/src/core/tcp_out.c.0.gcno
Processing linux/modules/lwip/src/core/tcp.c.0.gcno
Processing linux/modules/lwip/src/core/inet_chksum.c.0.gcno
Processing linux/modules/lwip/src/core/altcp_tcp.c.0.gcno
Processing linux/modules/lwip/src/core/raw.c.0.gcno
/media/tihan/pavan/kala/build/linux/modules/lwip/src/core/raw.c.0.gcno:no functions found
geninfo: WARNING: GCOV did not produce any data for /media/tihan/pavan/kala/build/linux/modules/lwip/src/core/raw.c.0.gcno
Processing linux/modules/lwip/src/core/pbuf.c.0.gcno
Processing linux/modules/lwip/src/core/mem.c.0.gcno
Processing linux/modules/lwip/src/core/altcp_alloc.c.0.gcno
/media/tihan/pavan/kala/build/linux/modules/lwip/src/core/altcp_alloc.c.0.gcno:no functions found
geninfo: WARNING: GCOV did not produce any data for /media/tihan/pavan/kala/build/linux/modules/lwip/src/core/altcp_alloc.c.0.gcno
Processing linux/modules/lwip/src/netif/lowpan6_common.c.0.gcno
/media/tihan/pavan/kala/build/linux/modules/lwip/src/netif/lowpan6_common.c.0.gcno:no functions found
geninfo: WARNING: GCOV did not produce any data for /media/tihan/pavan/kala/build/linux/modules/lwip/src/netif/lowpan6_common.c.0.gcno
Processing linux/modules/lwip/src/netif/zepif.c.0.gcno
/media/tihan/pavan/kala/build/linux/modules/lwip/src/netif/zepif.c.0.gcno:no functions found
geninfo: WARNING: GCOV did not produce any data for /media/tihan/pavan/kala/build/linux/modules/lwip/src/netif/zepif.c.0.gcno
Processing linux/modules/lwip/src/netif/lowpan6.c.0.gcno
/media/tihan/pavan/kala/build/linux/modules/lwip/src/netif/lowpan6.c.0.gcno:no functions found
geninfo: WARNING: GCOV did not produce any data for /media/tihan/pavan/kala/build/linux/modules/lwip/src/netif/lowpan6.c.0.gcno
Processing linux/modules/lwip/src/netif/ethernet.c.0.gcno
Processing linux/modules/lwip/src/netif/ppp/pppol2tp.c.0.gcno
/media/tihan/pavan/kala/build/linux/modules/lwip/src/netif/ppp/pppol2tp.c.0.gcno:no functions found
geninfo: WARNING: GCOV did not produce any data for /media/tihan/pavan/kala/build/linux/modules/lwip/src/netif/ppp/pppol2tp.c.0.gcno
Processing linux/modules/lwip/src/netif/ppp/ecp.c.0.gcno
/media/tihan/pavan/kala/build/linux/modules/lwip/src/netif/ppp/ecp.c.0.gcno:no functions found
geninfo: WARNING: GCOV did not produce any data for /media/tihan/pavan/kala/build/linux/modules/lwip/src/netif/ppp/ecp.c.0.gcno
Processing linux/modules/lwip/src/netif/ppp/chap-new.c.0.gcno
/media/tihan/pavan/kala/build/linux/modules/lwip/src/netif/ppp/chap-new.c.0.gcno:no functions found
geninfo: WARNING: GCOV did not produce any data for /media/tihan/pavan/kala/build/linux/modules/lwip/src/netif/ppp/chap-new.c.0.gcno
Processing linux/modules/lwip/src/netif/ppp/pppos.c.0.gcno
Processing linux/modules/lwip/src/netif/ppp/ipcp.c.0.gcno
Processing linux/modules/lwip/src/netif/ppp/eap.c.0.gcno
/media/tihan/pavan/kala/build/linux/modules/lwip/src/netif/ppp/eap.c.0.gcno:no functions found
geninfo: WARNING: GCOV did not produce any data for /media/tihan/pavan/kala/build/linux/modules/lwip/src/netif/ppp/eap.c.0.gcno
Processing linux/modules/lwip/src/netif/ppp/eui64.c.0.gcno
/media/tihan/pavan/kala/build/linux/modules/lwip/src/netif/ppp/eui64.c.0.gcno:no functions found
geninfo: WARNING: GCOV did not produce any data for /media/tihan/pavan/kala/build/linux/modules/lwip/src/netif/ppp/eui64.c.0.gcno
Processing linux/modules/lwip/src/netif/ppp/multilink.c.0.gcno
/media/tihan/pavan/kala/build/linux/modules/lwip/src/netif/ppp/multilink.c.0.gcno:no functions found
geninfo: WARNING: GCOV did not produce any data for /media/tihan/pavan/kala/build/linux/modules/lwip/src/netif/ppp/multilink.c.0.gcno
Processing linux/modules/lwip/src/netif/ppp/pppcrypt.c.0.gcno
/media/tihan/pavan/kala/build/linux/modules/lwip/src/netif/ppp/pppcrypt.c.0.gcno:no functions found
geninfo: WARNING: GCOV did not produce any data for /media/tihan/pavan/kala/build/linux/modules/lwip/src/netif/ppp/pppcrypt.c.0.gcno
Processing linux/modules/lwip/src/netif/ppp/lcp.c.0.gcno
Processing linux/modules/lwip/src/netif/ppp/mppe.c.0.gcno
/media/tihan/pavan/kala/build/linux/modules/lwip/src/netif/ppp/mppe.c.0.gcno:no functions found
geninfo: WARNING: GCOV did not produce any data for /media/tihan/pavan/kala/build/linux/modules/lwip/src/netif/ppp/mppe.c.0.gcno
Processing linux/modules/lwip/src/netif/ppp/fsm.c.0.gcno
Processing linux/modules/lwip/src/netif/ppp/utils.c.0.gcno
Processing linux/modules/lwip/src/netif/ppp/chap-md5.c.0.gcno
/media/tihan/pavan/kala/build/linux/modules/lwip/src/netif/ppp/chap-md5.c.0.gcno:no functions found
geninfo: WARNING: GCOV did not produce any data for /media/tihan/pavan/kala/build/linux/modules/lwip/src/netif/ppp/chap-md5.c.0.gcno
Processing linux/modules/lwip/src/netif/ppp/auth.c.0.gcno
Processing linux/modules/lwip/src/netif/ppp/chap_ms.c.0.gcno
/media/tihan/pavan/kala/build/linux/modules/lwip/src/netif/ppp/chap_ms.c.0.gcno:no functions found
geninfo: WARNING: GCOV did not produce any data for /media/tihan/pavan/kala/build/linux/modules/lwip/src/netif/ppp/chap_ms.c.0.gcno
Processing linux/modules/lwip/src/netif/ppp/upap.c.0.gcno
/media/tihan/pavan/kala/build/linux/modules/lwip/src/netif/ppp/upap.c.0.gcno:no functions found
geninfo: WARNING: GCOV did not produce any data for /media/tihan/pavan/kala/build/linux/modules/lwip/src/netif/ppp/upap.c.0.gcno
Processing linux/modules/lwip/src/netif/ppp/vj.c.0.gcno
/media/tihan/pavan/kala/build/linux/modules/lwip/src/netif/ppp/vj.c.0.gcno:no functions found
geninfo: WARNING: GCOV did not produce any data for /media/tihan/pavan/kala/build/linux/modules/lwip/src/netif/ppp/vj.c.0.gcno
Processing linux/modules/lwip/src/netif/ppp/pppoe.c.0.gcno
/media/tihan/pavan/kala/build/linux/modules/lwip/src/netif/ppp/pppoe.c.0.gcno:no functions found
geninfo: WARNING: GCOV did not produce any data for /media/tihan/pavan/kala/build/linux/modules/lwip/src/netif/ppp/pppoe.c.0.gcno
Processing linux/modules/lwip/src/netif/ppp/magic.c.0.gcno
Processing linux/modules/lwip/src/netif/ppp/demand.c.0.gcno
/media/tihan/pavan/kala/build/linux/modules/lwip/src/netif/ppp/demand.c.0.gcno:no functions found
geninfo: WARNING: GCOV did not produce any data for /media/tihan/pavan/kala/build/linux/modules/lwip/src/netif/ppp/demand.c.0.gcno
Processing linux/modules/lwip/src/netif/ppp/pppapi.c.0.gcno
Processing linux/modules/lwip/src/netif/ppp/ipv6cp.c.0.gcno
/media/tihan/pavan/kala/build/linux/modules/lwip/src/netif/ppp/ipv6cp.c.0.gcno:no functions found
geninfo: WARNING: GCOV did not produce any data for /media/tihan/pavan/kala/build/linux/modules/lwip/src/netif/ppp/ipv6cp.c.0.gcno
Processing linux/modules/lwip/src/netif/ppp/ccp.c.0.gcno
/media/tihan/pavan/kala/build/linux/modules/lwip/src/netif/ppp/ccp.c.0.gcno:no functions found
geninfo: WARNING: GCOV did not produce any data for /media/tihan/pavan/kala/build/linux/modules/lwip/src/netif/ppp/ccp.c.0.gcno
Processing linux/modules/lwip/src/netif/ppp/ppp.c.0.gcno
Processing linux/modules/lwip/src/netif/slipif.c.0.gcno
Processing linux/modules/lwip/src/netif/bridgeif_fdb.c.0.gcno
Processing linux/modules/lwip/src/netif/lowpan6_ble.c.0.gcno
/media/tihan/pavan/kala/build/linux/modules/lwip/src/netif/lowpan6_ble.c.0.gcno:no functions found
geninfo: WARNING: GCOV did not produce any data for /media/tihan/pavan/kala/build/linux/modules/lwip/src/netif/lowpan6_ble.c.0.gcno
Processing linux/modules/lwip/src/netif/bridgeif.c.0.gcno
/media/tihan/pavan/kala/build/linux/modules/lwip/src/netif/bridgeif.c.0.gcno:no functions found
geninfo: WARNING: GCOV did not produce any data for /media/tihan/pavan/kala/build/linux/modules/lwip/src/netif/bridgeif.c.0.gcno
Processing linux/modules/DroneCAN/libcanard/dsdlc_generated/src/uavcan.protocol.GlobalTimeSync.c.206.gcno
Processing linux/modules/DroneCAN/libcanard/dsdlc_generated/src/ardupilot.gnss.MovingBaselineData.c.206.gcno
Processing linux/modules/DroneCAN/libcanard/dsdlc_generated/src/com.hobbywing.esc.GetMaintenanceInformation_res.c.206.gcno
Processing linux/modules/DroneCAN/libcanard/dsdlc_generated/src/uavcan.equipment.esc.RawCommand.c.206.gcno
Processing linux/modules/DroneCAN/libcanard/dsdlc_generated/src/uavcan.equipment.device.Temperature.c.206.gcno
Processing linux/modules/DroneCAN/libcanard/dsdlc_generated/src/dronecan.remoteid.OperatorID.c.206.gcno
Processing linux/modules/DroneCAN/libcanard/dsdlc_generated/src/uavcan.tunnel.Broadcast.c.206.gcno
Processing linux/modules/DroneCAN/libcanard/dsdlc_generated/src/com.hobbywing.esc.StatusMsg1.c.206.gcno
Processing linux/modules/DroneCAN/libcanard/dsdlc_generated/src/uavcan.protocol.param.GetSet_res.c.206.gcno
Processing linux/modules/DroneCAN/libcanard/dsdlc_generated/src/uavcan.protocol.NodeStatus.c.206.gcno
Processing linux/modules/DroneCAN/libcanard/dsdlc_generated/src/uavcan.protocol.dynamic_node_id.server.Entry.c.206.gcno
Processing linux/modules/DroneCAN/libcanard/dsdlc_generated/src/dronecan.remoteid.SelfID.c.206.gcno
Processing linux/modules/DroneCAN/libcanard/dsdlc_generated/src/uavcan.protocol.GetNodeInfo_res.c.206.gcno
Processing linux/modules/DroneCAN/libcanard/dsdlc_generated/src/uavcan.tunnel.Call_res.c.206.gcno
Processing linux/modules/DroneCAN/libcanard/dsdlc_generated/src/uavcan.protocol.file.EntryType.c.206.gcno
Processing linux/modules/DroneCAN/libcanard/dsdlc_generated/src/dronecan.protocol.Stats.c.206.gcno
Processing linux/modules/DroneCAN/libcanard/dsdlc_generated/src/uavcan.equipment.hardpoint.Status.c.206.gcno
Processing linux/modules/DroneCAN/libcanard/dsdlc_generated/src/com.hobbywing.esc.StatusMsg3.c.206.gcno
Processing linux/modules/DroneCAN/libcanard/dsdlc_generated/src/uavcan.protocol.dynamic_node_id.server.RequestVote_req.c.206.gcno
Processing linux/modules/DroneCAN/libcanard/dsdlc_generated/src/uavcan.tunnel.SerialConfig.c.206.gcno
Processing linux/modules/DroneCAN/libcanard/dsdlc_generated/src/uavcan.protocol.dynamic_node_id.server.AppendEntries_req.c.206.gcno
Processing linux/modules/DroneCAN/libcanard/dsdlc_generated/src/ardupilot.indication.NotifyState.c.206.gcno
Processing linux/modules/DroneCAN/libcanard/dsdlc_generated/src/uavcan.equipment.camera_gimbal.Status.c.206.gcno
Processing linux/modules/DroneCAN/libcanard/dsdlc_generated/src/com.hobbywing.esc.SetLED_req.c.206.gcno
Processing linux/modules/DroneCAN/libcanard/dsdlc_generated/src/ardupilot.equipment.power.BatteryCells.c.206.gcno
Processing linux/modules/DroneCAN/libcanard/dsdlc_generated/src/com.xacti.GnssStatus.c.206.gcno
Processing linux/modules/DroneCAN/libcanard/dsdlc_generated/src/ardupilot.equipment.proximity_sensor.Proximity.c.206.gcno
Processing linux/modules/DroneCAN/libcanard/dsdlc_generated/src/uavcan.protocol.file.GetInfo_req.c.206.gcno
Processing linux/modules/DroneCAN/libcanard/dsdlc_generated/src/uavcan.equipment.air_data.StaticPressure.c.206.gcno
Processing linux/modules/DroneCAN/libcanard/dsdlc_generated/src/uavcan.protocol.file.Write_req.c.206.gcno
Processing linux/modules/DroneCAN/libcanard/dsdlc_generated/src/uavcan.protocol.file.Write_res.c.206.gcno
Processing linux/modules/DroneCAN/libcanard/dsdlc_generated/src/com.hobbywing.esc.SetID_req.c.206.gcno
Processing linux/modules/DroneCAN/libcanard/dsdlc_generated/src/com.himark.servo.ServoInfo.c.206.gcno
Processing linux/modules/DroneCAN/libcanard/dsdlc_generated/src/com.hobbywing.esc.SetBaud_res.c.206.gcno
Processing linux/modules/DroneCAN/libcanard/dsdlc_generated/src/com.hobbywing.esc.SelfTest_res.c.206.gcno
Processing linux/modules/DroneCAN/libcanard/dsdlc_generated/src/uavcan.protocol.dynamic_node_id.Allocation.c.206.gcno
Processing linux/modules/DroneCAN/libcanard/dsdlc_generated/src/uavcan.protocol.debug.LogMessage.c.206.gcno
Processing linux/modules/DroneCAN/libcanard/dsdlc_generated/src/com.hobbywing.esc.SetID_res.c.206.gcno
Processing linux/modules/DroneCAN/libcanard/dsdlc_generated/src/uavcan.Timestamp.c.206.gcno
Processing linux/modules/DroneCAN/libcanard/dsdlc_generated/src/uavcan.protocol.file.GetDirectoryEntryInfo_res.c.206.gcno
Processing linux/modules/DroneCAN/libcanard/dsdlc_generated/src/com.tmotor.esc.ParamGet.c.206.gcno
Processing linux/modules/DroneCAN/libcanard/dsdlc_generated/src/com.xacti.GnssStatusReq.c.206.gcno
Processing linux/modules/DroneCAN/libcanard/dsdlc_generated/src/uavcan.equipment.range_sensor.Measurement.c.206.gcno
Processing linux/modules/DroneCAN/libcanard/dsdlc_generated/src/uavcan.tunnel.Protocol.c.206.gcno
Processing linux/modules/DroneCAN/libcanard/dsdlc_generated/src/uavcan.CoarseOrientation.c.206.gcno
Processing linux/modules/DroneCAN/libcanard/dsdlc_generated/src/cuav.equipment.power.CBAT.c.206.gcno
Processing linux/modules/DroneCAN/libcanard/dsdlc_generated/src/com.hex.equipment.flow.Measurement.c.206.gcno
Processing linux/modules/DroneCAN/libcanard/dsdlc_generated/src/uavcan.protocol.DataTypeKind.c.206.gcno
Processing linux/modules/DroneCAN/libcanard/dsdlc_generated/src/com.hobbywing.esc.SetThrottleSource_req.c.206.gcno
Processing linux/modules/DroneCAN/libcanard/dsdlc_generated/src/uavcan.equipment.safety.ArmingStatus.c.206.gcno
Processing linux/modules/DroneCAN/libcanard/dsdlc_generated/src/com.hobbywing.esc.SetDirection_req.c.206.gcno
Processing linux/modules/DroneCAN/libcanard/dsdlc_generated/src/uavcan.protocol.param.GetSet_req.c.206.gcno
Processing linux/modules/DroneCAN/libcanard/dsdlc_generated/src/uavcan.equipment.gnss.Fix.c.206.gcno
Processing linux/modules/DroneCAN/libcanard/dsdlc_generated/src/uavcan.protocol.RestartNode_req.c.206.gcno
Processing linux/modules/DroneCAN/libcanard/dsdlc_generated/src/uavcan.protocol.param.ExecuteOpcode_res.c.206.gcno
Processing linux/modules/DroneCAN/libcanard/dsdlc_generated/src/com.hobbywing.esc.StatusMsg2.c.206.gcno
Processing linux/modules/DroneCAN/libcanard/dsdlc_generated/src/com.hobbywing.esc.SelfTest_req.c.206.gcno
Processing linux/modules/DroneCAN/libcanard/dsdlc_generated/src/com.volz.servo.ActuatorStatus.c.206.gcno
Processing linux/modules/DroneCAN/libcanard/dsdlc_generated/src/uavcan.equipment.indication.BeepCommand.c.206.gcno
Processing linux/modules/DroneCAN/libcanard/dsdlc_generated/src/ardupilot.equipment.power.BatteryContinuous.c.206.gcno
Processing linux/modules/DroneCAN/libcanard/dsdlc_generated/src/ardupilot.gnss.RelPosHeading.c.206.gcno
Processing linux/modules/DroneCAN/libcanard/dsdlc_generated/src/uavcan.equipment.power.PrimaryPowerSupplyStatus.c.206.gcno
Processing linux/modules/DroneCAN/libcanard/dsdlc_generated/src/uavcan.protocol.file.Read_res.c.206.gcno
Processing linux/modules/DroneCAN/libcanard/dsdlc_generated/src/com.tmotor.esc.FocCtrl.c.206.gcno
Processing linux/modules/DroneCAN/libcanard/dsdlc_generated/src/com.hobbywing.esc.GetMajorConfig_res.c.206.gcno
Processing linux/modules/DroneCAN/libcanard/dsdlc_generated/src/uavcan.equipment.actuator.Command.c.206.gcno
Processing linux/modules/DroneCAN/libcanard/dsdlc_generated/src/dronecan.protocol.GlobalTime.c.206.gcno
Processing linux/modules/DroneCAN/libcanard/dsdlc_generated/src/uavcan.protocol.dynamic_node_id.server.RequestVote_res.c.206.gcno
Processing linux/modules/DroneCAN/libcanard/dsdlc_generated/src/dronecan.remoteid.SecureCommand_req.c.206.gcno
Processing linux/modules/DroneCAN/libcanard/dsdlc_generated/src/dronecan.protocol.CanStats.c.206.gcno
Processing linux/modules/DroneCAN/libcanard/dsdlc_generated/src/com.hobbywing.esc.SetDirection_res.c.206.gcno
Processing linux/modules/DroneCAN/libcanard/dsdlc_generated/src/uavcan.equipment.camera_gimbal.Mode.c.206.gcno
Processing linux/modules/DroneCAN/libcanard/dsdlc_generated/src/uavcan.navigation.GlobalNavigationSolution.c.206.gcno
Processing linux/modules/DroneCAN/libcanard/dsdlc_generated/src/uavcan.equipment.gnss.Auxiliary.c.206.gcno
Processing linux/modules/DroneCAN/libcanard/dsdlc_generated/src/uavcan.protocol.file.Delete_res.c.206.gcno
Processing linux/modules/DroneCAN/libcanard/dsdlc_generated/src/uavcan.equipment.ice.FuelTankStatus.c.206.gcno
Processing linux/modules/DroneCAN/libcanard/dsdlc_generated/src/uavcan.protocol.Panic.c.206.gcno
Processing linux/modules/DroneCAN/libcanard/dsdlc_generated/src/uavcan.equipment.gnss.Fix2.c.206.gcno
Processing linux/modules/DroneCAN/libcanard/dsdlc_generated/src/uavcan.protocol.enumeration.Begin_req.c.206.gcno
Processing linux/modules/DroneCAN/libcanard/dsdlc_generated/src/uavcan.equipment.gnss.RTCMStream.c.206.gcno
Processing linux/modules/DroneCAN/libcanard/dsdlc_generated/src/dronecan.remoteid.SecureCommand_res.c.206.gcno
Processing linux/modules/DroneCAN/libcanard/dsdlc_generated/src/com.xacti.CopterAttStatus.c.206.gcno
Processing linux/modules/DroneCAN/libcanard/dsdlc_generated/src/com.xacti.GimbalAttitudeStatus.c.206.gcno
Processing linux/modules/DroneCAN/libcanard/dsdlc_generated/src/uavcan.equipment.actuator.Status.c.206.gcno
Processing linux/modules/DroneCAN/libcanard/dsdlc_generated/src/com.tmotor.esc.ParamCfg.c.206.gcno
Processing linux/modules/DroneCAN/libcanard/dsdlc_generated/src/uavcan.equipment.ahrs.RawIMU.c.206.gcno
Processing linux/modules/DroneCAN/libcanard/dsdlc_generated/src/uavcan.protocol.enumeration.Indication.c.206.gcno
Processing linux/modules/DroneCAN/libcanard/dsdlc_generated/src/com.hobbywing.esc.SetAngle_res.c.206.gcno
Processing linux/modules/DroneCAN/libcanard/dsdlc_generated/src/com.hobbywing.esc.SetThrottleSource_res.c.206.gcno
Processing linux/modules/DroneCAN/libcanard/dsdlc_generated/src/uavcan.protocol.file.BeginFirmwareUpdate_res.c.206.gcno
Processing linux/modules/DroneCAN/libcanard/dsdlc_generated/src/uavcan.protocol.param.Empty.c.206.gcno
Processing linux/modules/DroneCAN/libcanard/dsdlc_generated/src/uavcan.equipment.ahrs.Solution.c.206.gcno
Processing linux/modules/DroneCAN/libcanard/dsdlc_generated/src/uavcan.equipment.hardpoint.Command.c.206.gcno
Processing linux/modules/DroneCAN/libcanard/dsdlc_generated/src/uavcan.protocol.GetDataTypeInfo_res.c.206.gcno
Processing linux/modules/DroneCAN/libcanard/dsdlc_generated/src/uavcan.protocol.file.Error.c.206.gcno
Processing linux/modules/DroneCAN/libcanard/dsdlc_generated/src/uavcan.equipment.air_data.RawAirData.c.206.gcno
Processing linux/modules/DroneCAN/libcanard/dsdlc_generated/src/uavcan.equipment.air_data.IndicatedAirspeed.c.206.gcno
Processing linux/modules/DroneCAN/libcanard/dsdlc_generated/src/uavcan.protocol.HardwareVersion.c.206.gcno
Processing linux/modules/DroneCAN/libcanard/dsdlc_generated/src/uavcan.protocol.file.Delete_req.c.206.gcno
Processing linux/modules/DroneCAN/libcanard/dsdlc_generated/src/com.tmotor.esc.PUSHCAN.c.206.gcno
Processing linux/modules/DroneCAN/libcanard/dsdlc_generated/src/mppt.OutputEnable_res.c.206.gcno
Processing linux/modules/DroneCAN/libcanard/dsdlc_generated/src/com.hobbywing.esc.SetBaud_req.c.206.gcno
Processing linux/modules/DroneCAN/libcanard/dsdlc_generated/src/uavcan.protocol.param.NumericValue.c.206.gcno
Processing linux/modules/DroneCAN/libcanard/dsdlc_generated/src/uavcan.protocol.file.GetDirectoryEntryInfo_req.c.206.gcno
Processing linux/modules/DroneCAN/libcanard/dsdlc_generated/src/uavcan.protocol.file.BeginFirmwareUpdate_req.c.206.gcno
Processing linux/modules/DroneCAN/libcanard/dsdlc_generated/src/uavcan.equipment.air_data.AngleOfAttack.c.206.gcno
Processing linux/modules/DroneCAN/libcanard/dsdlc_generated/src/ardupilot.gnss.Status.c.206.gcno
Processing linux/modules/DroneCAN/libcanard/dsdlc_generated/src/dronecan.remoteid.Location.c.206.gcno
Processing linux/modules/DroneCAN/libcanard/dsdlc_generated/src/ardupilot.indication.SafetyState.c.206.gcno
Processing linux/modules/DroneCAN/libcanard/dsdlc_generated/src/ardupilot.equipment.trafficmonitor.TrafficReport.c.206.gcno
Processing linux/modules/DroneCAN/libcanard/dsdlc_generated/src/com.hobbywing.esc.SetReportingFrequency_req.c.206.gcno
Processing linux/modules/DroneCAN/libcanard/dsdlc_generated/src/uavcan.protocol.param.ExecuteOpcode_req.c.206.gcno
Processing linux/modules/DroneCAN/libcanard/dsdlc_generated/src/uavcan.tunnel.Call_req.c.206.gcno
Processing linux/modules/DroneCAN/libcanard/dsdlc_generated/src/com.hobbywing.esc.SetLED_res.c.206.gcno
Processing linux/modules/DroneCAN/libcanard/dsdlc_generated/src/uavcan.equipment.indication.RGB565.c.206.gcno
Processing linux/modules/DroneCAN/libcanard/dsdlc_generated/src/ardupilot.equipment.power.BatteryTag.c.206.gcno
Processing linux/modules/DroneCAN/libcanard/dsdlc_generated/src/mppt.OutputEnable_req.c.206.gcno
Processing linux/modules/DroneCAN/libcanard/dsdlc_generated/src/com.hobbywing.esc.GetMajorConfig_req.c.206.gcno
Processing linux/modules/DroneCAN/libcanard/dsdlc_generated/src/uavcan.equipment.actuator.ArrayCommand.c.206.gcno
Processing linux/modules/DroneCAN/libcanard/dsdlc_generated/src/uavcan.protocol.file.Path.c.206.gcno
Processing linux/modules/DroneCAN/libcanard/dsdlc_generated/src/uavcan.equipment.gnss.ECEFPositionVelocity.c.206.gcno
Processing linux/modules/DroneCAN/libcanard/dsdlc_generated/src/uavcan.protocol.param.Value.c.206.gcno
Processing linux/modules/DroneCAN/libcanard/dsdlc_generated/src/dronecan.sensors.magnetometer.MagneticFieldStrengthHiRes.c.206.gcno
Processing linux/modules/DroneCAN/libcanard/dsdlc_generated/src/uavcan.equipment.esc.StatusExtended.c.206.gcno
Processing linux/modules/DroneCAN/libcanard/dsdlc_generated/src/uavcan.equipment.indication.LightsCommand.c.206.gcno
Processing linux/modules/DroneCAN/libcanard/dsdlc_generated/src/uavcan.protocol.file.Read_req.c.206.gcno
Processing linux/modules/DroneCAN/libcanard/dsdlc_generated/src/uavcan.equipment.ahrs.MagneticFieldStrength.c.206.gcno
Processing linux/modules/DroneCAN/libcanard/dsdlc_generated/src/uavcan.equipment.indication.SingleLightCommand.c.206.gcno
Processing linux/modules/DroneCAN/libcanard/dsdlc_generated/src/uavcan.equipment.air_data.StaticTemperature.c.206.gcno
Processing linux/modules/DroneCAN/libcanard/dsdlc_generated/src/uavcan.equipment.camera_gimbal.AngularCommand.c.206.gcno
Processing linux/modules/DroneCAN/libcanard/dsdlc_generated/src/com.xacti.GimbalControlData.c.206.gcno
Processing linux/modules/DroneCAN/libcanard/dsdlc_generated/src/uavcan.tunnel.Targetted.c.206.gcno
Processing linux/modules/DroneCAN/libcanard/dsdlc_generated/src/dronecan.remoteid.BasicID.c.206.gcno
Processing linux/modules/DroneCAN/libcanard/dsdlc_generated/src/dronecan.protocol.FlexDebug.c.206.gcno
Processing linux/modules/DroneCAN/libcanard/dsdlc_generated/src/dronecan.sensors.rpm.RPM.c.206.gcno
Processing linux/modules/DroneCAN/libcanard/dsdlc_generated/src/uavcan.protocol.file.GetInfo_res.c.206.gcno
Processing linux/modules/DroneCAN/libcanard/dsdlc_generated/src/uavcan.equipment.power.BatteryInfo.c.206.gcno
Processing linux/modules/DroneCAN/libcanard/dsdlc_generated/src/uavcan.protocol.GetTransportStats_req.c.206.gcno
Processing linux/modules/DroneCAN/libcanard/dsdlc_generated/src/uavcan.protocol.AccessCommandShell_req.c.206.gcno
Processing linux/modules/DroneCAN/libcanard/dsdlc_generated/src/dronecan.sensors.rc.RCInput.c.206.gcno
Processing linux/modules/DroneCAN/libcanard/dsdlc_generated/src/com.hobbywing.esc.SetAngle_req.c.206.gcno
Processing linux/modules/DroneCAN/libcanard/dsdlc_generated/src/uavcan.equipment.camera_gimbal.GEOPOICommand.c.206.gcno
Processing linux/modules/DroneCAN/libcanard/dsdlc_generated/src/uavcan.protocol.RestartNode_res.c.206.gcno
Processing linux/modules/DroneCAN/libcanard/dsdlc_generated/src/ardupilot.gnss.Heading.c.206.gcno
Processing linux/modules/DroneCAN/libcanard/dsdlc_generated/src/uavcan.equipment.ahrs.MagneticFieldStrength2.c.206.gcno
Processing linux/modules/DroneCAN/libcanard/dsdlc_generated/src/uavcan.protocol.debug.KeyValue.c.206.gcno
Processing linux/modules/DroneCAN/libcanard/dsdlc_generated/src/uavcan.protocol.enumeration.Begin_res.c.206.gcno
Processing linux/modules/DroneCAN/libcanard/dsdlc_generated/src/com.hobbywing.esc.SetReportingFrequency_res.c.206.gcno
Processing linux/modules/DroneCAN/libcanard/dsdlc_generated/src/uavcan.equipment.air_data.TrueAirspeed.c.206.gcno
Processing linux/modules/DroneCAN/libcanard/dsdlc_generated/src/uavcan.equipment.ice.reciprocating.CylinderStatus.c.206.gcno
Processing linux/modules/DroneCAN/libcanard/dsdlc_generated/src/uavcan.equipment.esc.Status.c.206.gcno
Processing linux/modules/DroneCAN/libcanard/dsdlc_generated/src/com.hobbywing.esc.GetMaintenanceInformation_req.c.206.gcno
Processing linux/modules/DroneCAN/libcanard/dsdlc_generated/src/uavcan.protocol.debug.LogLevel.c.206.gcno
Processing linux/modules/DroneCAN/libcanard/dsdlc_generated/src/com.himark.servo.ServoCmd.c.206.gcno
Processing linux/modules/DroneCAN/libcanard/dsdlc_generated/src/uavcan.equipment.esc.RPMCommand.c.206.gcno
Processing linux/modules/DroneCAN/libcanard/dsdlc_generated/src/dronecan.remoteid.System.c.206.gcno
Processing linux/modules/DroneCAN/libcanard/dsdlc_generated/src/uavcan.equipment.power.CircuitStatus.c.206.gcno
Processing linux/modules/DroneCAN/libcanard/dsdlc_generated/src/uavcan.equipment.ice.reciprocating.Status.c.206.gcno
Processing linux/modules/DroneCAN/libcanard/dsdlc_generated/src/com.tmotor.esc.PUSHSCI.c.206.gcno
Processing linux/modules/DroneCAN/libcanard/dsdlc_generated/src/uavcan.equipment.air_data.Sideslip.c.206.gcno
Processing linux/modules/DroneCAN/libcanard/dsdlc_generated/src/uavcan.protocol.GetTransportStats_res.c.206.gcno
Processing linux/modules/DroneCAN/libcanard/dsdlc_generated/src/uavcan.protocol.GetDataTypeInfo_req.c.206.gcno
Processing linux/modules/DroneCAN/libcanard/dsdlc_generated/src/uavcan.protocol.dynamic_node_id.server.Discovery.c.206.gcno
Processing linux/modules/DroneCAN/libcanard/dsdlc_generated/src/uavcan.protocol.dynamic_node_id.server.AppendEntries_res.c.206.gcno
Processing linux/modules/DroneCAN/libcanard/dsdlc_generated/src/dronecan.remoteid.ArmStatus.c.206.gcno
Processing linux/modules/DroneCAN/libcanard/dsdlc_generated/src/dronecan.sensors.hygrometer.Hygrometer.c.206.gcno
Processing linux/modules/DroneCAN/libcanard/dsdlc_generated/src/ardupilot.equipment.power.BatteryPeriodic.c.206.gcno
Processing linux/modules/DroneCAN/libcanard/dsdlc_generated/src/uavcan.protocol.GetNodeInfo_req.c.206.gcno
Processing linux/modules/DroneCAN/libcanard/dsdlc_generated/src/com.hobbywing.esc.RawCommand.c.206.gcno
Processing linux/modules/DroneCAN/libcanard/dsdlc_generated/src/com.hobbywing.esc.GetEscID.c.206.gcno
Processing linux/modules/DroneCAN/libcanard/dsdlc_generated/src/uavcan.protocol.AccessCommandShell_res.c.206.gcno
Processing linux/modules/DroneCAN/libcanard/dsdlc_generated/src/ardupilot.indication.Button.c.206.gcno
Processing linux/modules/DroneCAN/libcanard/dsdlc_generated/src/ardupilot.equipment.power.BatteryInfoAux.c.206.gcno
Processing linux/modules/DroneCAN/libcanard/dsdlc_generated/src/mppt.Stream.c.206.gcno
Processing linux/modules/DroneCAN/libcanard/dsdlc_generated/src/uavcan.protocol.CANIfaceStats.c.206.gcno
Processing linux/modules/DroneCAN/libcanard/dsdlc_generated/src/uavcan.protocol.SoftwareVersion.c.206.gcno
Processing linux/modules/DroneCAN/libcanard/canard.c.0.gcno
Processing linux/modules/gtest/googletest/src/gtest-all.cc.207.gcno
Excluded data for 409 files due to include/exclude options
Finished .info-file creation
